timestamp,hour_of_week,activity_index,resting_phase,actigraphic_variance
2026-09-03 13:06:05.244616,0.0,0.0,1,0.1362227468937164
2026-09-03 13:11:05.244616,0.08337468982630274,0.1362227468937164,1,0.0
2026-09-03 13:16:05.244616,0.16674937965260547,0.0,1,0.03131714466800975
2026-09-03 13:21:05.244616,0.2501240694789082,0.07358845755769691,1,0.05726212510012933
2026-09-03 13:26:05.244616,0.33349875930521095,0.11452425020025866,1,0.036794228778848456
2026-09-03 13:31:05.244616,0.4168734491315137,0.0,1,0.03991119470665639
2026-09-03 13:36:05.244616,0.5002481389578164,0.034701860786945884,1,0.08038100635135262
2026-09-03 13:41:05.244616,0.5836228287841192,0.16076201270270524,1,0.017350930393472942
2026-09-03 13:46:05.244616,0.6669975186104219,0.0,1,0.07378638338460869
2026-09-03 13:51:05.244616,0.7503722084367246,0.013189245933487866,1,0.06751399887569116
2026-09-03 13:56:05.244616,0.8337468982630274,0.13502799775138233,1,0.006594622966743933
2026-09-03 14:01:05.244616,0.9171215880893301,0.0,1,0.02884713002921925
2026-09-03 14:06:05.244616,1.0004962779156328,0.19272225780982083,1,0.06875228887920037
2026-09-03 14:11:05.244616,1.0838709677419356,0.13750457775840075,1,0.09636112890491041
2026-09-03 14:16:05.244616,1.1672456575682384,0.0,1,0.031460091165996976
2026-09-03 14:21:05.244616,1.250620347394541,0.0745843954264068,1,0.11901466145577871
2026-09-03 14:26:05.244616,1.3339950372208438,0.23802932291155743,1,0.0372921977132034
2026-09-03 14:31:05.244616,1.4173697270471466,0.0,1,0.11901466145577871
2026-09-03 14:36:05.244616,1.5007444168734492,0.0,1,0.11204456816683622
2026-09-03 14:41:05.244616,1.584119106699752,0.22408913633367245,1,0.0
2026-09-03 14:46:05.244616,1.6674937965260548,0.0,1,0.0865139651268641
2026-09-03 14:51:05.244616,1.7508684863523574,0.05106120607994425,1,0.14133808587270802
2026-09-03 14:56:05.244616,1.8342431761786602,0.28267617174541604,1,0.025530603039972125
2026-09-03 15:01:05.244616,1.917617866004963,0.0,1,0.13418900500857703
2026-09-03 15:06:05.244616,2.0009925558312656,0.014298161728261982,1,0.060829693548873534
2026-09-03 15:11:05.244616,2.0843672456575684,0.12165938709774707,1,0.014646247227704814
2026-09-03 15:16:05.244616,2.167741935483871,0.04359065618367161,1,0.020408840658127037
2026-09-03 15:21:05.244616,2.251116625310174,0.080841705781493,1,0.08364476105562382
2026-09-03 15:26:05.244616,2.334491315136477,0.21088017829491926,1,0.0404208528907465
2026-09-03 15:31:05.244616,2.417866004962779,0.0,1,0.10544008914745963
2026-09-03 15:36:05.244616,2.501240694789082,0.0,1,0.12609291018769977
2026-09-03 15:41:05.244616,2.5846153846153848,0.25218582037539955,1,0.03263080043750745
2026-09-03 15:46:05.244616,2.6679900744416876,0.0652616008750149,1,0.12609291018769977
2026-09-03 15:51:05.244616,2.7513647642679904,0.0,1,0.05758596172655299
2026-09-03 15:56:05.244616,2.834739454094293,0.18043352432812088,1,0.005782675353823872
2026-09-03 16:01:05.244616,2.918114143920596,0.011565350707647745,1,0.012546922051148268
2026-09-03 16:06:05.244616,3.0014888337468983,0.2055273684304174,1,0.1746322066936009
2026-09-03 16:11:05.244616,3.084863523573201,0.36082976409484957,1,0.1027636842152087
2026-09-03 16:16:05.244616,3.168238213399504,0.0,1,0.09524199033036289
2026-09-03 16:21:05.244616,3.2516129032258068,0.1703457834341238,1,0.10062596142073911
2026-09-03 16:26:05.244616,3.3349875930521096,0.20125192284147822,1,0.04641516619223126
2026-09-03 16:31:05.244616,3.4183622828784124,0.07751545104966127,1,0.017927790242444244
2026-09-03 16:36:05.244616,3.5017369727047147,0.16539634235658973,1,0.18490803787204196
2026-09-03 16:41:05.244616,3.5851116625310175,0.4473315267937452,1,0.08269817117829487
2026-09-03 16:46:05.244616,3.6684863523573203,0.0,1,0.1046513179494419
2026-09-03 16:51:05.244616,3.751861042183623,0.23802889089486143,1,0.1573594508934438
2026-09-03 16:56:05.244616,3.835235732009926,0.3147189017868876,1,0.062497473669425305
2026-09-03 17:01:05.244616,3.9186104218362288,0.11303394355601082,1,0.057029609938243575
2026-09-03 17:06:05.244616,4.001985111662531,0.20065968191040046,1,0.060264163642747434
2026-09-03 17:11:05.244616,4.085359801488834,0.2335622708415057,1,0.06164968971551721
2026-09-03 17:16:05.244616,4.168734491315137,0.07736030247936604,1,0.066784812450655
2026-09-03 17:21:05.244616,4.2521091811414395,0.3671318957428157,1,0.20042066088231975
2026-09-03 17:26:05.244616,4.335483870967742,0.47820162424400553,0,0.1247986711575897
2026-09-03 17:31:05.244616,4.418858560794045,0.11753455342763627,1,0.07342941529129127
2026-09-03 17:36:05.244616,4.502233250620348,0.331342793661423,1,0.13337001308120672
2026-09-03 17:41:05.244616,4.585607940446651,0.38427457959004974,1,0.06425736954635593
2026-09-03 17:46:05.244616,4.668982630272954,0.20282805456871114,1,7.254349963953244e-05
2026-09-03 17:51:05.244616,4.752357320099256,0.38412949259077067,1,0.05436536781377761
2026-09-03 17:56:05.244616,4.835732009925558,0.31155879019626637,1,0.10905274455114268
2026-09-03 18:01:05.244616,4.919106699751861,0.1660240034884853,1,0.012505505114698445
2026-09-03 18:06:05.244616,5.002481389578164,0.33656980042566326,1,0.1271560835417021
2026-09-03 18:11:05.244616,5.085856079404467,0.42033617057188954,1,0.07726750526559217
2026-09-03 18:16:05.244616,5.1692307692307695,0.1820347898944789,1,0.022822423044513374
2026-09-03 18:21:05.244616,5.252605459057072,0.4659810166609163,0,0.12798517431655387
2026-09-03 18:26:05.244616,5.335980148883375,0.43800513852758666,1,0.1545054817037777
2026-09-03 18:31:05.244616,5.419354838709678,0.15697005325336089,1,0.01143911885878468
2026-09-03 18:36:05.244616,5.502729528535981,0.4151269008100173,1,0.13330305965649988
2026-09-03 18:41:05.244616,5.5861042183622835,0.42357617256636065,1,0.09422253837999056
2026-09-03 18:46:05.244616,5.669478908188586,0.22668182405003617,1,0.025574664877255904
2026-09-03 18:51:05.244616,5.752853598014889,0.47472550232087246,0,0.20095525493723584
2026-09-03 18:56:05.244616,5.836228287841192,0.6285923339245079,0,0.1155515890138693
2026-09-03 19:01:05.244616,5.919602977667494,0.24362232429313385,1,0.05654998868250605
2026-09-03 19:06:05.244616,6.002977667493797,0.5154923565594958,0,0.17277924626691268
2026-09-03 19:11:05.244616,6.0863523573200995,0.5891808168269592,0,0.13214328194355657
2026-09-03 19:16:05.244616,6.169727047146402,0.25120579267238263,1,0.028855156102780333
2026-09-03 19:21:05.244616,6.253101736972705,0.5314705046213986,0,0.11050700346225217
2026-09-03 19:26:05.244616,6.336476426799008,0.472219799596887,0,0.10889561342330084
2026-09-03 19:31:05.244616,6.419851116625311,0.31367927777479687,1,0.07237487337297238
2026-09-03 19:36:05.244616,6.5032258064516135,0.6169695463428317,0,0.11355196099871401
2026-09-03 19:41:05.244616,6.586600496277916,0.5407831997722249,0,0.13947869926869733
2026-09-03 19:46:05.244616,6.669975186104219,0.3380121478054371,1,0.030781614339324026
2026-09-03 19:51:05.244616,6.753349875930522,0.6023464284508729,0,0.13049766140421953
2026-09-03 19:56:05.244616,6.836724565756825,0.5990074706138762,0,0.13528884121519716
2026-09-03 20:01:05.244616,6.9200992555831276,0.3317687460204786,1,0.007506154856429803
2026-09-03 20:06:05.244616,7.0034739454094295,0.5839951609010166,0,0.181982856128421
2026-09-03 20:11:05.244616,7.086848635235732,0.6957344582773206,0,0.09327407273277519
2026-09-03 20:16:05.244616,7.170223325062035,0.3974470154354662,1,0.041049103511312246
2026-09-03 20:21:05.244616,7.253598014888338,0.7778326652999451,0,0.15357973388029586
2026-09-03 20:26:05.244616,7.336972704714641,0.7046064831960579,0,0.10548999705524087
2026-09-03 20:31:05.244616,7.4203473945409435,0.5668526711894634,0,0.007404134239746285
2026-09-03 20:36:05.244616,7.503722084367246,0.7194147516755505,0,0.06230382624794045
2026-09-03 20:41:05.244616,7.587096774193549,0.6914603236853443,0,0.13773386988330777
2026-09-03 20:46:05.244616,7.670471464019852,0.44394701190893493,1,0.03546295797934823
2026-09-03 20:51:05.244616,7.753846153846155,0.7623862396440407,0,0.10726873294357042
2026-09-03 20:56:05.244616,7.8372208436724575,0.6584844777960758,0,0.19601787593701056
2026-09-03 21:01:05.244616,7.92059553349876,0.3703504877700196,1,0.05238476344907744
2026-09-03 21:06:05.244616,8.003970223325062,0.7632540046942307,0,0.1689475215869284
2026-09-03 21:11:05.244616,8.087344913151366,0.7082455309438764,0,0.1386963116953406
2026-09-03 21:16:05.244616,8.170719602977668,0.48586138130354944,0,0.02310277420514012
2026-09-03 21:21:05.244616,8.254094292803972,0.6620399825335962,0,0.17354739922854248
2026-09-03 21:26:05.244616,8.337468982630273,0.8329561797606344,0,0.08944831995728869
2026-09-03 21:31:05.244616,8.420843672456577,0.4831433426190188,0,0.00533635096841184
2026-09-03 21:36:05.244616,8.504218362282879,0.8436288816974581,0,0.18581277835590698
2026-09-03 21:41:05.244616,8.587593052109181,0.8547688993308328,0,0.16244241491405437
2026-09-03 21:46:05.244616,8.670967741935485,0.5187440518693494,0,0.052849978176377654
2026-09-03 21:51:05.244616,8.754342431761787,0.7490689429780775,0,0.1901384437676104
2026-09-03 21:56:05.244616,8.83771712158809,0.8990209394045702,0,0.10538621372480167
2026-09-03 22:01:05.244616,8.921091811414392,0.5382965155284741,0,0.002257621129581555
2026-09-03 22:06:05.244616,9.004466501240696,0.8945056971454071,0,0.17508812058763118
2026-09-03 22:11:05.244616,9.087841191066998,0.8884727567037365,0,0.10807565155974286
2026-09-03 22:16:05.244616,9.171215880893302,0.6783543940259213,0,0.1000241806952813
2026-09-03 22:21:05.244616,9.254590570719603,0.6884243953131739,0,0.072644152053701
2026-09-03 22:26:05.244616,9.337965260545907,0.8236426981333234,0,0.03480000629538821
2026-09-03 22:31:05.244616,9.421339950372209,0.6188243827223975,0,0.047661568672470345
2026-09-03 22:36:05.244616,9.504714640198513,0.918965835478264,0,0.12012464256213401
2026-09-03 22:41:05.244616,9.588089330024815,0.8590736678466655,0,0.07036893891345891
2026-09-03 22:46:05.244616,9.671464019851117,0.7782279576513462,0,0.00672874407859031
2026-09-03 22:51:05.244616,9.75483870967742,0.8456161796894849,0,0.09505746479824051
2026-09-03 22:56:05.244616,9.838213399503722,0.9683428872478272,0,0.1228659744325245
2026-09-03 23:01:05.244616,9.921588089330026,0.5998842308244359,0,0.0009522739350729115
2026-09-03 23:06:05.244616,10.004962779156328,0.9664383393776814,0,0.16155047054064892
2026-09-03 23:11:05.244616,10.088337468982632,0.9229851719057337,0,0.15253913527731744
2026-09-03 23:16:05.244616,10.171712158808933,0.6613600688230465,0,0.03765006495905493
2026-09-03 23:21:05.244616,10.255086848635237,0.8476850419876238,0,0.09987482776362111
2026-09-03 23:26:05.244616,10.338461538461539,0.8611097243502888,0,0.057668260996948884
2026-09-03 23:31:05.244616,10.421836228287843,0.7323485199937261,0,0.06944513782485562
2026-09-03 23:36:05.244616,10.505210918114145,1.0,0,0.13382574000313696
2026-09-03 23:41:05.244616,10.588585607940448,1.0,0,0.10323976418848435
2026-09-03 23:46:05.244616,10.67196029776675,0.7935204716230313,0,0.0
2026-09-03 23:51:05.244616,10.755334987593052,1.0,0,0.10323976418848435
2026-09-03 23:56:05.244616,10.838709677419356,1.0,0,0.16543634943417407
2026-09-04 00:01:05.244616,10.922084367245658,0.6691273011316519,0,0.035538950082475707
2026-09-04 00:06:05.244616,11.005459057071961,0.9289220998350486,0,0.16543634943417407
2026-09-04 00:11:05.244616,11.088833746898263,1.0,0,0.110826216441756
2026-09-04 00:16:05.244616,11.172208436724567,0.7072696669515366,0,0.042196297273346506
2026-09-04 00:21:05.244616,11.255583126550869,0.915607405453307,0,0.1212460281806651
2026-09-04 00:26:05.244616,11.338957816377173,0.9497617233128668,0,0.09245862054723109
2026-09-04 00:31:05.244616,11.422332506203475,0.7306901643588448,0,0.017581297427513798
2026-09-04 00:36:05.244616,11.505707196029778,0.9849243181678944,0,0.1346549178205776
2026-09-04 00:41:05.244616,11.58908188585608,1.0,0,0.11405460201261441
2026-09-04 00:46:05.244616,11.672456575682384,0.7568151141426656,0,0.037569048295232554
2026-09-04 00:51:05.244616,11.755831265508686,0.9248619034095349,0,0.0962776916413155
2026-09-04 00:56:05.244616,11.839205955334988,0.9493704974252966,0,0.15203866537530586
2026-09-04 01:01:05.244616,11.922580645161291,0.6207845726589232,0,0.025314751287351722
2026-09-04 01:06:05.244616,12.005955334987593,1.0,0,0.1896077136705384
2026-09-04 01:11:05.244616,12.089330024813897,1.0,0,0.08778802222664295
2026-09-04 01:16:05.244616,12.172704714640199,0.8244239555467141,0,0.06755774375743967
2026-09-04 01:21:05.244616,12.256079404466503,0.8648845124851207,0,0.06746314090692668
2026-09-04 01:26:05.244616,12.339454094292805,0.9593502373605675,0,0.012663016295574814
2026-09-04 01:31:05.244616,12.422828784119108,0.839558479893971,0,0.0010754013682079955
2026-09-04 01:36:05.244616,12.50620347394541,0.9615010400969835,0,0.06463198519186214
2026-09-04 01:41:05.244616,12.589578163771714,0.9688224502776953,0,0.019795182845134374
2026-09-04 01:46:05.244616,12.672952853598016,0.9219106744067147,0,0.015588774861152344
2026-09-04 01:51:05.244616,12.75632754342432,1.0,0,0.03904466279664265
2026-09-04 01:56:05.244616,12.839702233250621,1.0,0,0.21471516853908784
2026-09-04 02:01:05.244616,12.923076923076923,0.5705696629218243,0,0.01847034682330878
2026-09-04 02:06:05.244616,13.006451612903227,0.9630593063533824,0,0.14537935816079744
2026-09-04 02:11:05.244616,13.089826302729529,0.8613283792434192,0,0.10472998537474582
2026-09-04 02:16:05.244616,13.173200992555833,0.7535993356038908,0,0.0395779378599313
2026-09-04 02:21:05.244616,13.256575682382135,0.9404842549632818,0,0.1232003321980546
2026-09-04 02:26:05.244616,13.339950372208438,1.0,0,0.12031034498122384
2026-09-04 02:31:05.244616,13.42332506203474,0.6998635650008341,0,0.0
2026-09-04 02:36:05.244616,13.506699751861044,1.0,0,0.12556451095940036
2026-09-04 02:41:05.244616,13.590074441687346,0.9509925869196348,0,0.14716455968762943
2026-09-04 02:46:05.244616,13.67344913151365,0.7056708806247411,0,0.004285215623146321
2026-09-04 02:51:05.244616,13.756823821339951,0.9595630181659275,0,0.14458015912096234
2026-09-04 02:56:05.244616,13.840198511166255,0.9948311988666658,0,0.09724417405002095
2026-09-04 03:01:05.244616,13.923573200992557,0.7650746700658856,0,0.04234585456333678
2026-09-04 03:06:05.244616,14.006947890818859,0.9101394897399923,0,0.03477047761571761
2026-09-04 03:11:05.244616,14.090322580645163,0.8346156252973208,0,0.0790176115653699
2026-09-04 03:16:05.244616,14.173697270471465,0.7521042666092524,0,0.0826921873513396
2026-09-04 03:21:05.244616,14.257071960297768,1.0,0,0.01689871575965296
2026-09-04 03:26:05.244616,14.34044665012407,0.7859016981285584,0,0.1765936031080932
2026-09-04 03:31:05.244616,14.423821339950374,0.6468127937838136,0,0.05393111707936682
2026-09-04 03:36:05.244616,14.507196029776676,0.893763932287292,0,0.1396206421726116
2026-09-04 03:41:05.244616,14.59057071960298,0.9260540781290368,0,0.12561796812196757
2026-09-04 03:46:05.244616,14.673945409429281,0.6425279960433569,0,0.03697296093548158
2026-09-04 03:51:05.244616,14.757320099255585,1.0,0,0.12229092545476294
2026-09-04 03:56:05.244616,14.840694789081887,0.8871098469528828,0,0.11810750155577343
2026-09-04 04:01:05.244616,14.92406947890819,0.7637849968884531,0,0.01932622466912609
2026-09-04 04:06:05.244616,15.007444168734493,0.8484573976146306,0,0.036637417176444476
2026-09-04 04:11:05.244616,15.090818858560795,0.8370598312413421,0,0.1492445538817163
2026-09-04 04:16:05.244616,15.174193548387098,0.549968289851198,0,0.02282228146244586
2026-09-04 04:21:05.244616,15.2575682382134,0.8827043941662338,0,0.1599636517474579
2026-09-04 04:26:05.244616,15.340942928039704,0.8698955933461138,0,0.08150876859518114
2026-09-04 04:31:05.244616,15.424317617866006,0.7196868569758715,0,0.03027226406982808
2026-09-04 04:36:05.244616,15.50769230769231,0.8093510652064576,0,0.012968319654030447
2026-09-04 04:41:05.244616,15.591066997518611,0.6937502176678106,0,0.11354304516298391
2026-09-04 04:46:05.244616,15.674441687344915,0.5822649748804898,0,0.06266340152777256
2026-09-04 04:51:05.244616,15.757816377171217,0.8190770207233558,0,0.10853605532104071
2026-09-04 04:56:05.244616,15.84119106699752,0.7993370855225712,0,0.12072309193135883
2026-09-04 05:01:05.244616,15.924565756823823,0.5776308368606381,0,0.03250659445427745
2026-09-04 05:06:05.244616,16.007940446650124,0.7343238966140163,0,0.04093648486006646
2026-09-04 05:11:05.244616,16.091315136476428,0.659503806580771,0,0.11589280589364559
2026-09-04 05:16:05.244616,16.174689826302732,0.5025382848267251,0,0.03184441365420143
2026-09-04 05:21:05.244616,16.258064516129032,0.7231926338891739,0,0.07952635739365876
2026-09-04 05:26:05.244616,16.341439205955336,0.6615909996140427,0,0.07176659016535036
2026-09-04 05:31:05.244616,16.42481389578164,0.5796594535584731,0,0.024089869631796323
2026-09-04 05:36:05.244616,16.508188585607943,0.61341126035045,0,0.05980024484039825
2026-09-04 05:41:05.244616,16.591563275434243,0.6992599432392697,0,0.08427731784913617
2026-09-04 05:46:05.244616,16.674937965260547,0.4448566246521777,1,0.05640881444433521
2026-09-04 05:51:05.244616,16.75831265508685,0.8120775721279401,0,0.09044755272751676
2026-09-04 05:56:05.244616,16.841687344913154,0.6257517301072112,0,0.14486126521024145
2026-09-04 06:01:05.244616,16.925062034739454,0.5223550417074572,0,0.03194496467499036
2026-09-04 06:06:05.244616,17.008436724565758,0.6896416594571919,0,0.00977687340301664
2026-09-04 06:11:05.244616,17.091811414392062,0.5419087885134904,0,0.09769879165691753
2026-09-04 06:16:05.244616,17.175186104218362,0.49424407614335686,0,0.0712170675796332
2026-09-04 06:21:05.244616,17.258560794044666,0.6843429236727568,0,0.061301699308476953
2026-09-04 06:26:05.244616,17.34193548387097,0.6168474747603108,0,0.08771059826682492
2026-09-04 06:31:05.244616,17.425310173697273,0.508921727139107,0,0.06780553871628736
2026-09-04 06:36:05.244616,17.508684863523573,0.7524585521928855,0,0.0020212246729707783
2026-09-04 06:41:05.244616,17.592059553349877,0.5129641764850486,0,0.15634667062448926
2026-09-04 06:46:05.244616,17.67543424317618,0.43976521094390697,1,0.07960716281522007
2026-09-04 06:51:05.244616,17.758808933002484,0.6721785021154887,0,0.08832107403151851
2026-09-04 06:56:05.244616,17.842183622828784,0.616407359006944,0,0.24679054498761438
2026-09-04 07:01:05.244616,17.925558312655088,0.17859741214025993,1,0.1394016831349461
2026-09-04 07:06:05.244616,18.008933002481392,0.3376039927370518,1,0.11746810503977118
2026-09-04 07:11:05.244616,18.092307692307696,0.4135336222198023,1,0.004502215369888485
2026-09-04 07:16:05.244616,18.175682382133996,0.3285995619972748,1,0.11160224231766597
2026-09-04 07:21:05.244616,18.2590570719603,0.6367381068551342,0,0.08693977383502216
2026-09-04 07:26:05.244616,18.342431761786603,0.5024791096673191,0,0.11859242935072328
2026-09-04 07:31:05.244616,18.425806451612903,0.39955324815368765,1,0.05250292641700416
2026-09-04 07:36:05.244616,18.509181141439207,0.3974732568333108,1,0.026660747889458436
2026-09-04 07:41:05.244616,18.59255583126551,0.4528747439326045,0,0.031140350058834976
2026-09-04 07:46:05.244616,18.675930521091814,0.33519255671564085,1,0.003084595928232542
2026-09-04 07:51:05.244616,18.759305210918114,0.44670555207613943,1,0.003173585226530218
2026-09-04 07:56:05.244616,18.842679900744418,0.3415397271687013,1,0.15072536838110837
2026-09-04 08:01:05.244616,18.926054590570722,0.1452548153139227,1,0.0067211108961526544
2026-09-04 08:06:05.244616,19.009429280397026,0.3549819489610066,1,0.09416193627331199
2026-09-04 08:11:05.244616,19.092803970223326,0.3335786878605467,1,0.1774909744805033
2026-09-04 08:16:05.244616,19.17617866004963,0.0,1,0.06150705535513759
2026-09-04 08:21:05.244616,19.259553349875933,0.45659279857082186,0,0.11984450601012384
2026-09-04 08:26:05.244616,19.342928039702233,0.23968901202024767,1,0.1833097564231152
2026-09-04 08:31:05.244616,19.426302729528537,0.08997328572459148,1,0.08107982385519527
2026-09-04 08:36:05.244616,19.50967741935484,0.4018486597306382,1,0.14194591506111948
2026-09-04 08:41:05.244616,19.593052109181144,0.37386511584683046,1,0.13236519608605923
2026-09-04 08:46:05.244616,19.676426799007444,0.13711826755851977,1,0.03729870709222871
2026-09-04 08:51:05.244616,19.759801488833748,0.4484625300312879,1,0.041564174003133725
2026-09-04 08:56:05.244616,19.843176178660052,0.22024661556478722,1,0.1704664725498452
2026-09-04 09:01:05.244616,19.926550868486355,0.10752958493159748,1,0.060946459725807575
2026-09-04 09:06:05.244616,20.009925558312656,0.3421395350164024,1,0.016177617887304596
2026-09-04 09:11:05.244616,20.09330024813896,0.13988482070620667,1,0.13777792412835077
2026-09-04 09:16:05.244616,20.176674937965263,0.0665836867597008,1,0.12191704583369548
2026-09-04 09:21:05.244616,20.260049627791567,0.3837189123735976,1,0.09168773355088221
2026-09-04 09:26:05.244616,20.343424317617867,0.24995915386146522,1,0.15115432200741194
2026-09-04 09:31:05.244616,20.42679900744417,0.08141026835877374,1,0.02721748005225963
2026-09-04 09:36:05.244616,20.510173697270474,0.19552419375694596,1,0.08934028891868906
2026-09-04 09:41:05.244616,20.593548387096774,0.26009084619615186,1,0.09776209687847298
2026-09-04 09:46:05.244616,20.676923076923078,0.0,1,0.05373797334951971
2026-09-04 09:51:05.244616,20.76029776674938,0.3675667928951913,1,0.05962563590099483
2026-09-04 09:56:05.244616,20.843672456575685,0.11925127180198966,1,0.15958213777310903
2026-09-04 10:01:05.244616,20.927047146401986,0.048402517348973245,1,0.07455044910471408
2026-09-04 10:06:05.244616,21.01042183622829,0.2683521700114178,1,0.012443145117925103
2026-09-04 10:11:05.244616,21.093796526054593,0.07328880758482345,1,0.1341760850057089
2026-09-04 10:16:05.244616,21.177171215880897,0.0,1,0.14453961085499367
2026-09-04 10:21:05.244616,21.260545905707197,0.3623680292948108,1,0.08179522503772102
2026-09-04 10:26:05.244616,21.3439205955335,0.16359045007544204,1,0.1811840146474054
2026-09-04 10:31:05.244616,21.427295285359804,0.0,1,0.05819496282393147
2026-09-04 10:36:05.244616,21.510669975186104,0.279980375723305,1,0.021977335337120103
2026-09-04 10:41:05.244616,21.594044665012408,0.04395467067424021,1,0.12272439670400487
2026-09-04 10:46:05.244616,21.67741935483871,0.03453158231529524,1,0.1189042853201066
2026-09-04 10:51:05.244616,21.760794044665015,0.2817632413144534,1,0.009254020566933547
2026-09-04 10:56:05.244616,21.844168734491316,0.016023541181428146,1,0.1408816206572267
2026-09-04 11:01:05.244616,21.92754342431762,0.0,1,0.09177565945433101
2026-09-04 11:06:05.244616,22.010918114143923,0.19957486009009018,1,0.035906847101308155
2026-09-04 11:11:05.244616,22.094292803970227,0.07181369420261631,1,0.09978743004504509
2026-09-04 11:16:05.244616,22.177667493796527,0.0,1,0.10373913257958123
2026-09-04 11:21:05.244616,22.26104218362283,0.27929195936177875,1,0.013222783060057742
2026-09-04 11:26:05.244616,22.344416873449134,0.026445566120115484,1,0.13964597968088938
2026-09-04 11:31:05.244616,22.427791563275434,0.0,1,0.013222783060057742
2026-09-04 11:36:05.244616,22.511166253101738,0.0,1,0.043288799660093025
2026-09-04 11:41:05.244616,22.59454094292804,0.08657759932018605,1,0.0
2026-09-04 11:46:05.244616,22.677915632754345,0.0,1,0.03144139544111843
2026-09-04 11:51:05.244616,22.761290322580646,0.1494603902024229,1,0.005121637747059317
2026-09-04 11:56:05.244616,22.84466501240695,0.010243275494118634,1,0.07473019510121146
2026-09-04 12:01:05.244616,22.928039702233253,0.0,1,0.03640221028154909
2026-09-04 12:06:05.244616,23.011414392059557,0.0830476960572168,1,0.0
2026-09-04 12:11:05.244616,23.094789081885857,0.0,1,0.0415238480286084
2026-09-04 12:16:05.244616,23.17816377171216,0.0,1,0.09833366814741773
2026-09-04 12:21:05.244616,23.261538461538464,0.19666733629483546,1,0.0
2026-09-04 12:26:05.244616,23.344913151364768,0.0,1,0.09833366814741773
2026-09-04 12:31:05.244616,23.428287841191068,0.0,1,0.03847019706604736
2026-09-04 12:36:05.244616,23.51166253101737,0.07694039413209472,1,0.0
2026-09-04 12:41:05.244616,23.595037220843675,0.0,1,0.03847019706604736
2026-09-04 12:46:05.244616,23.678411910669976,0.0,1,0.08196519617831288
2026-09-04 12:51:05.244616,23.76178660049628,0.16393039235662576,1,0.0
2026-09-04 12:56:05.244616,23.845161290322583,0.0,1,0.08196519617831288
2026-09-04 13:01:05.244616,23.928535980148887,0.0,1,0.032572365188398865
2026-09-04 13:06:05.244616,24.011910669975187,0.06514473037679773,1,0.0
2026-09-04 13:11:05.244616,24.09528535980149,0.0,1,0.032572365188398865
2026-09-04 13:16:05.244616,24.178660049627794,0.0,1,0.0954079033040035
2026-09-04 13:21:05.244616,24.262034739454098,0.190815806608007,1,0.0
2026-09-04 13:26:05.244616,24.345409429280398,0.0,1,0.0954079033040035
2026-09-04 13:31:05.244616,24.4287841191067,0.0,1,0.07298005236392911
2026-09-04 13:36:05.244616,24.512158808933005,0.14596010472785823,1,0.019494466081958713
2026-09-04 13:41:05.244616,24.595533498759306,0.038988932163917425,1,0.07298005236392911
2026-09-04 13:46:05.244616,24.67890818858561,0.0,1,0.08938153632197693
2026-09-04 13:51:05.244616,24.762282878411913,0.21775200480787127,1,0.01511981537460444
2026-09-04 13:56:05.244616,24.845657568238217,0.03023963074920888,1,0.10887600240393563
2026-09-04 14:01:05.244616,24.929032258064517,0.0,1,0.07349575218676391
2026-09-04 14:06:05.244616,25.01240694789082,0.1772311351227367,1,0.02751303661110939
2026-09-04 14:11:05.244616,25.095781637717124,0.05502607322221878,1,0.08861556756136835
2026-09-04 14:16:05.244616,25.179156327543428,0.0,1,0.03513457633922472
2026-09-04 14:21:05.244616,25.262531017369728,0.12529522590066822,1,0.0
2026-09-04 14:26:05.244616,25.34590570719603,0.0,1,0.030232645425117735
2026-09-04 14:31:05.244616,25.429280397022335,0.06482993505043275,1,0.08915231914405233
2026-09-04 14:36:05.244616,25.51265508684864,0.17830463828810467,1,0.011060027501389798
2026-09-04 14:41:05.244616,25.59602977667494,0.04270988004765315,1,0.08915231914405233
2026-09-04 14:46:05.244616,25.679404466501243,0.0,1,0.08900270449102529
2026-09-04 14:51:05.244616,25.762779156327547,0.22071528902970372,1,0.0
2026-09-04 14:56:05.244616,25.846153846153847,0.0,1,0.11035764451485186
2026-09-04 15:01:05.244616,25.92952853598015,0.0,1,0.18193826463103635
2026-09-04 15:06:05.244616,26.012903225806454,0.3638765292620727,1,0.024129560072473542
2026-09-04 15:11:05.244616,26.096277915632758,0.048259120144947085,1,0.08041988111080828
2026-09-04 15:16:05.244616,26.179652605459058,0.20303676704045615,1,0.14659380484305926
2026-09-04 15:21:05.244616,26.26302729528536,0.3414467298310656,1,0.08435195606789701
2026-09-04 15:26:05.244616,26.346401985111665,0.03433285490466212,1,0.1707233649155328
2026-09-04 15:31:05.244616,26.42977667493797,0.0,1,0.10861891360824734
2026-09-04 15:36:05.244616,26.51315136476427,0.2515706821211568,1,0.05762514564655496
2026-09-04 15:41:05.244616,26.596526054590573,0.11525029129310992,1,0.09067934028751923
2026-09-04 15:46:05.244616,26.679900744416877,0.07021200154611834,1,0.006125995596999272
2026-09-04 15:51:05.244616,26.763275434243177,0.12750228248710846,1,0.05651014126598612
2026-09-04 15:56:05.244616,26.84665012406948,0.18323228407809058,1,0.005054064917385165
2026-09-04 16:01:05.244616,26.930024813895784,0.1376104123218788,1,0.05341103345133914
2026-09-04 16:06:05.244616,27.013399503722088,0.29005435098076887,1,0.033580161763859695
2026-09-04 16:11:05.244616,27.096774193548388,0.20477073584959818,1,0.11813963802097965
2026-09-04 16:16:05.244616,27.18014888337469,0.05377507493880957,1,0.07000048991726666
2026-09-04 16:21:05.244616,27.263523573200995,0.3447717156841315,1,0.04079470070455424
2026-09-04 16:26:05.244616,27.3468982630273,0.13536447634791804,1,0.11692507488191763
2026-09-04 16:31:05.244616,27.4302729528536,0.11092156592029626,1,0.04900795043955955
2026-09-04 16:36:05.244616,27.513647642679903,0.23338037722703714,1,0.05665559698400638
2026-09-04 16:41:05.244616,27.597022332506207,0.224232759888309,1,0.03538704285912782
2026-09-04 16:46:05.244616,27.68039702233251,0.1626062915087815,1,0.09686245316950505
2026-09-04 16:51:05.244616,27.76377171215881,0.4179576662273191,1,0.003508873218359687
2026-09-04 16:56:05.244616,27.847146401985114,0.15558854507206213,1,0.069678401265279
2026-09-04 17:01:05.244616,27.930521091811418,0.2786008636967611,1,0.14279556657768422
2026-09-04 17:06:05.244616,28.013895781637718,0.44117967822743054,1,0.0673341024368617
2026-09-04 17:11:05.244616,28.09727047146402,0.1439326588230377,1,0.11614825122439736
2026-09-04 17:16:05.244616,28.180645161290325,0.20888317577863583,1,0.10078834843356961
2026-09-04 17:21:05.244616,28.26401985111663,0.34550935569017693,1,0.02550832772951829
2026-09-04 17:26:05.244616,28.34739454094293,0.2598998312376724,1,0.07962819251456221
2026-09-04 17:31:05.244616,28.430769230769233,0.1862529706610525,1,0.0159086413182305
2026-09-04 17:36:05.244616,28.514143920595536,0.2917171138741334,1,0.024426881339297615
2026-09-04 17:41:05.244616,28.59751861042184,0.23510673333964774,1,0.03853480001621408
2026-09-04 17:46:05.244616,28.68089330024814,0.21464751384170525,1,0.17033726767931445
2026-09-04 17:51:05.244616,28.764267990074444,0.5757812686982766,0,0.01347491018310809
2026-09-04 17:56:05.244616,28.847642679900748,0.24159733420792143,1,0.18343176093126656
2026-09-04 18:01:05.244616,28.931017369727048,0.2089177468357435,1,0.18264996311468645
2026-09-04 18:06:05.244616,29.01439205955335,0.6068972604372943,0,0.02060230995480039
2026-09-04 18:11:05.244616,29.097766749379655,0.25012236674534427,1,0.09096675223312733
2026-09-04 18:16:05.244616,29.18114143920596,0.42496375597103964,1,0.21019186745357088
2026-09-04 18:21:05.244616,29.26451612903226,0.670506101652486,0,0.024873865946404894
2026-09-04 18:26:05.244616,29.347890818858563,0.37521602407822985,1,0.19004745643089632
2026-09-04 18:31:05.244616,29.431265508684866,0.2904111887906934,1,0.022951824475053895
2026-09-04 18:36:05.244616,29.51464019851117,0.42111967302833764,1,0.038358015104251075
2026-09-04 18:41:05.244616,29.59801488833747,0.36712721899919554,1,0.04864421522519413
2026-09-04 18:46:05.244616,29.681389578163774,0.3238312425779494,1,0.13511992433733266
2026-09-04 18:51:05.244616,29.764764267990078,0.6373670676738609,0,0.012339271081196895
2026-09-04 18:56:05.244616,29.84813895781638,0.34850978474034316,1,0.0765879638499464
2026-09-04 19:01:05.244616,29.93151364764268,0.48419113997396807,0,0.12713930562182116
2026-09-04 19:06:05.244616,30.014888337468985,0.6027883959839855,0,0.04786040023707283
2026-09-04 19:11:05.244616,30.09826302729529,0.3884703394998224,1,0.03290561933919989
2026-09-04 19:16:05.244616,30.18163771712159,0.5369771573055857,0,0.17429290470534606
2026-09-04 19:21:05.244616,30.265012406947893,0.7370561489105145,0,0.027741920543267157
2026-09-04 19:26:05.244616,30.348387096774196,0.4814933162190514,0,0.10909011164227517
2026-09-04 19:31:05.244616,30.4317617866005,0.5188759256259642,0,0.14944034897718214
2026-09-04 19:36:05.244616,30.5151364764268,0.7803740141734157,0,0.031710725035615644
2026-09-04 19:41:05.244616,30.598511166253104,0.4554544755547329,0,0.21873982438130296
2026-09-04 19:46:05.244616,30.681885856079408,0.34289436541080975,1,0.09778550305159481
2026-09-04 19:51:05.244616,30.76526054590571,0.6510254816579225,0,0.0883545073343665
2026-09-04 19:56:05.244616,30.84863523573201,0.5196033800795428,0,0.05528558911682374
2026-09-04 20:01:05.244616,30.932009925558315,0.540454303424275,0,0.11665342771777765
2026-09-04 20:06:05.244616,31.01538461538462,0.7529102355150981,0,0.010807541137177246
2026-09-04 20:11:05.244616,31.09875930521092,0.5620693856986295,0,0.1442831189251431
2026-09-04 20:16:05.244616,31.182133995037223,0.4643439976648119,0,0.15936152231725537
2026-09-04 20:21:05.244616,31.265508684863526,0.8807924303331403,0,0.03330862023665912
2026-09-04 20:26:05.244616,31.34888337468983,0.5309612381381301,0,0.08774820102383951
2026-09-04 20:31:05.244616,31.43225806451613,0.7052960282854612,0,0.22883484706059865
2026-09-04 20:36:05.244616,31.515632754342434,0.9886309322593274,0,0.027041631003310695
2026-09-04 20:41:05.244616,31.599007444168738,0.6512127662788398,0,0.12223440212443604
2026-09-04 20:46:05.244616,31.68238213399504,0.7441621280104553,0,0.10452825101371166
2026-09-04 20:51:05.244616,31.76575682382134,0.8602692683062632,0,0.07787666125182535
2026-09-04 20:56:05.244616,31.849131513647645,0.5884088055068046,0,0.06774127080207565
2026-09-04 21:01:05.244616,31.93250620347395,0.7247867267021119,0,0.20579559724659768
2026-09-04 21:06:05.244616,32.01588089330025,1.0,0,0.03419154815596859
2026-09-04 21:11:05.244616,32.099255583126556,0.793169823014049,0,0.18304076954921433
2026-09-04 21:16:05.244616,32.182630272952856,0.6339184609015713,0,0.0988726894751274
2026-09-04 21:21:05.244616,32.26600496277916,0.9909152019643038,0,0.06323613680642137
2026-09-04 21:26:05.244616,32.349379652605464,0.7603907345144141,0,0.11731722996804395
2026-09-04 21:31:05.244616,32.432754342431764,0.7562807420282159,0,0.08313653076351235
2026-09-04 21:36:05.244616,32.516129032258064,0.9266637960414388,0,0.07976700461520231
2026-09-04 21:41:05.244616,32.59950372208437,0.5967467327978113,0,0.09217728426346244
2026-09-04 21:46:05.244616,32.68287841191067,0.7423092275145139,0,0.14953134479069852
2026-09-04 21:51:05.244616,32.76625310173698,0.8958094223792084,0,0.005095042935547578
2026-09-04 21:56:05.244616,32.84962779156328,0.7321191416434187,0,0.050817328593718625
2026-09-04 22:01:05.244616,32.93300248138958,0.7941747651917711,0,0.13394042917829063
2026-09-04 22:06:05.244616,33.016377171215886,1.0,0,0.07161793428908947
2026-09-04 22:11:05.244616,33.099751861042186,0.6509388966135922,0,0.1245230830819945
2026-09-04 22:16:05.244616,33.18312655086849,0.750953833836011,0,0.14808148448031577
2026-09-04 22:21:05.244616,33.266501240694794,0.9471018655742237,0,0.05789908923474418
2026-09-04 22:26:05.244616,33.349875930521094,0.8667520123054994,0,0.09021804927839722
2026-09-04 22:31:05.244616,33.433250620347394,0.7666657670174293,0,0.06662399384725032
2026-09-04 22:36:05.244616,33.5166253101737,1.0,0,0.058717280361521795
2026-09-04 22:41:05.244616,33.6,0.8841003277404729,0,0.11882240084291623
2026-09-04 22:46:05.244616,33.68337468982631,0.7623551983141675,0,0.057949836129763566
2026-09-04 22:51:05.244616,33.76674937965261,1.0,0,0.011460976584410032
2026-09-04 22:56:05.244616,33.85012406947891,0.7852771514829876,0,0.05231461996787673
2026-09-04 23:01:05.244616,33.933498759305216,0.8953707600642465,0,0.1073614242585062
2026-09-04 23:06:05.244616,34.016873449131516,1.0,0,0.043551105236613596
2026-09-04 23:11:05.244616,34.10024813895782,0.8082685495910193,0,0.06412342927122106
2026-09-04 23:16:05.244616,34.183622828784124,0.8717531414575579,0,0.09586572520449033
2026-09-04 23:21:05.244616,34.266997518610424,1.0,0,0.02043485883380325
2026-09-04 23:26:05.244616,34.350372208436724,0.9126228591251644,0,0.0029047598337736402
2026-09-04 23:31:05.244616,34.43374689826303,0.9941904803324527,0,0.043688570437417806
2026-09-04 23:36:05.244616,34.51712158808933,1.0,0,0.12488900694706534
2026-09-04 23:41:05.244616,34.60049627791564,0.744412466438322,0,0.05613478032013086
2026-09-04 23:46:05.244616,34.68387096774194,0.8877304393597383,0,0.12779376678083898
2026-09-04 23:51:05.244616,34.76724565756824,1.0,0,0.05259136880345405
2026-09-04 23:56:05.244616,34.850620347394546,0.7825477017528302,0,0.0
2026-09-05 00:01:05.244616,34.933995037220846,1.0,0,0.10872614912358491
2026-09-05 00:06:05.244616,35.01736972704715,1.0,0,0.14585839132323053
2026-09-05 00:11:05.244616,35.100744416873454,0.7082832173535389,0,0.024737018209403883
2026-09-05 00:16:05.244616,35.184119106699754,0.9505259635811922,0,0.14585839132323053
2026-09-05 00:21:05.244616,35.267493796526054,1.0,0,0.004415188879314247
2026-09-05 00:26:05.244616,35.35086848635236,0.9593563413398207,0,0.005940483567601351
2026-09-05 00:31:05.244616,35.43424317617866,0.9881190328647973,0,0.020321829330089636
2026-09-05 00:36:05.244616,35.51761786600497,1.0,0,0.08892693593326051
2026-09-05 00:41:05.244616,35.60099255583127,0.8102651609982763,0,0.029211575859158956
2026-09-05 00:46:05.244616,35.68436724565757,0.9415768482816821,0,0.09486741950086186
2026-09-05 00:51:05.244616,35.767741935483876,1.0,0,0.012361158381528903
2026-09-05 00:56:05.244616,35.851116625310176,0.9662991650447399,0,0.0297932408761703
2026-09-05 01:01:05.244616,35.934491315136476,0.9404135182476594,0,0.016850417477630053
2026-09-05 01:06:05.244616,36.017866004962784,1.0,0,0.00917259748158511
2026-09-05 01:11:05.244616,36.101240694789084,0.9220683232844892,0,0.0
2026-09-05 01:16:05.244616,36.18461538461539,1.0,0,0.03896583835775541
2026-09-05 01:21:05.244616,36.26799007444169,1.0,0,0.02388719592446642
2026-09-05 01:26:05.244616,36.35136476426799,0.9522256081510672,0,0.0465424228746511
2026-09-05 01:31:05.244616,36.4347394540943,0.9069151542506978,0,0.02388719592446642
2026-09-05 01:36:05.244616,36.5181141439206,1.0,0,1.2164810889114808e-05
2026-09-05 01:41:05.244616,36.6014888337469,0.9068908246289196,0,0.11683642109404196
2026-09-05 01:46:05.244616,36.684863523573206,0.7663271578119161,0,0.046554587685540216
2026-09-05 01:51:05.244616,36.768238213399506,1.0,0,0.10614850320270092
2026-09-05 01:56:05.244616,36.851612903225806,0.9786241642173179,0,0.0
2026-09-05 02:01:05.244616,36.934987593052114,1.0,0,0.010687917891341048
2026-09-05 02:06:05.244616,37.018362282878414,1.0,0,0.0881909306206255
2026-09-05 02:11:05.244616,37.10173697270472,0.823618138758749,0,0.04493376677597011
2026-09-05 02:16:05.244616,37.18511166253102,0.9101324664480598,0,0.0881909306206255
2026-09-05 02:21:05.244616,37.26848635235732,1.0,0,0.0019484612659175227
2026-09-05 02:26:05.244616,37.35186104218363,0.9062355439162247,0,0.04411055686467574
2026-09-05 02:31:05.244616,37.43523573200993,0.9117788862706485,0,0.04688222804188763
2026-09-05 02:36:05.244616,37.51861042183623,1.0,0,0.015103456512776003
2026-09-05 02:41:05.244616,37.601985111662536,0.8815719732450965,0,0.07207668929763078
2026-09-05 02:46:05.244616,37.685359801488836,0.8558466214047384,0,0.059214013377451746
2026-09-05 02:51:05.244616,37.768734491315136,1.0,0,0.035670838687593964
2026-09-05 02:56:05.244616,37.852109181141444,0.7845049440295505,0,0.12140277666571231
2026-09-05 03:01:05.244616,37.935483870967744,0.7571944466685754,0,0.10774752798522474
2026-09-05 03:06:05.244616,38.01885856079405,1.0,0,0.026560422499954106
2026-09-05 03:11:05.244616,38.10223325062035,0.8103152916684836,0,0.0770892886200143
2026-09-05 03:16:05.244616,38.18560794044665,0.8458214227599714,0,0.0948423541657582
2026-09-05 03:21:05.244616,38.26898263027296,1.0,0,0.05578100494322241
2026-09-05 03:26:05.244616,38.35235732009926,0.7342594128735266,0,0.08027250325550284
2026-09-05 03:31:05.244616,38.43573200992556,0.8394549934889943,0,0.1328702935632367
2026-09-05 03:36:05.244616,38.519106699751866,1.0,0,0.012574054669427737
2026-09-05 03:41:05.244616,38.602481389578166,0.8143068841501389,0,0.014916245957887653
2026-09-05 03:46:05.244616,38.685856079404466,0.9701675080842247,0,0.08741874356851098
2026-09-05 03:51:05.244616,38.769230769230774,0.9891443712871608,0,0.06449561155685574
2026-09-05 03:56:05.244616,38.852605459057074,0.8411762849705132,0,0.12298707760781574
2026-09-05 04:01:05.244616,38.93598014888338,0.7431702160715293,0,0.07941185751474339
2026-09-05 04:06:05.244616,39.01935483870968,1.0,0,0.023048328896536907
2026-09-05 04:11:05.244616,39.10272952853598,0.7892668738646031,0,0.08509076095277462
2026-09-05 04:16:05.244616,39.18610421836229,0.8298184780944508,0,0.04712035893420474
2026-09-05 04:21:05.244616,39.26947890818859,0.8835075917330126,0,0.0965681695418043
2026-09-05 04:26:05.244616,39.35285359801489,0.6366821390108421,0,0.018991246798964523
2026-09-05 04:31:05.244616,39.436228287841196,0.8455250981350836,0,0.17154314647669305
2026-09-05 04:36:05.244616,39.519602977667496,0.9797684319642282,0,0.038177017221998344
2026-09-05 04:41:05.244616,39.602977667493796,0.7691710636910869,0,0.14894341971072367
2026-09-05 04:46:05.244616,39.686352357320104,0.6818815925427809,0,0.0332387857438054
2026-09-05 04:51:05.244616,39.769727047146404,0.8356486351786977,0,0.018322751786463087
2026-09-05 04:56:05.244616,39.85310173697271,0.6452360889698547,0,0.09866303071510724
2026-09-05 05:01:05.244616,39.93647642679901,0.6383225737484832,0,0.10397425530442378
2026-09-05 05:06:05.244616,40.01985111662531,0.8531845995787023,0,0.016312274177534114
2026-09-05 05:11:05.244616,40.10322580645162,0.6709471221035515,0,0.22624080067028685
2026-09-05 05:16:05.244616,40.18660049627792,0.4007029982381286,1,0.10011591403223818
2026-09-05 05:21:05.244616,40.26997518610422,0.8711789501680278,0,0.08966361306587761
2026-09-05 05:26:05.244616,40.353349875930526,0.5800302243698838,0,0.09842119496839175
2026-09-05 05:31:05.244616,40.436724565756826,0.6743365602312443,0,0.08583089677279931
2026-09-05 05:36:05.244616,40.52009925558313,0.7516920179154825,0,0.11198503338274407
2026-09-05 05:41:05.244616,40.603473945409434,0.4503664934657562,0,0.0617989365746458
2026-09-05 05:46:05.244616,40.686848635235734,0.6280941447661909,0,0.17661822292662693
2026-09-05 05:51:05.244616,40.77022332506204,0.8036029393190101,0,0.13711310925328735
2026-09-05 05:56:05.244616,40.85359801488834,0.35386792625961616,1,0.05701657212401162
2026-09-05 06:01:05.244616,40.93697270471464,0.6895697950709868,0,0.11611932861244695
2026-09-05 06:06:05.244616,41.02034739454095,0.5861065834845101,0,0.17710065455574087
2026-09-05 06:11:05.244616,41.10372208436725,0.3353684859595051,1,0.046764960547849344
2026-09-05 06:16:05.244616,41.18709677419355,0.6796365045802087,0,0.16142361377138048
2026-09-05 06:21:05.244616,41.270471464019856,0.658215713502266,0,0.10960261415190986
2026-09-05 06:26:05.244616,41.353846153846156,0.460431276276389,0,0.04016973348486219
2026-09-05 06:31:05.244616,41.43722084367246,0.7385551804719904,0,0.12320705686963473
2026-09-05 06:36:05.244616,41.52059553349876,0.7068453900156585,0,0.14223009924305266
2026-09-05 06:41:05.244616,41.603970223325064,0.4540949819858851,0,0.0791696280569893
2026-09-05 06:46:05.244616,41.68734491315137,0.5485061339016799,0,0.09893894403509465
2026-09-05 06:51:05.244616,41.77071960297767,0.6519728700560744,0,0.11349906298177526
2026-09-05 06:56:05.244616,41.85409429280397,0.3215080079381294,1,0.08453867502399584
2026-09-05 07:01:05.244616,41.93746898263028,0.4828955200080827,0,0.07662016306357111
2026-09-05 07:06:05.244616,42.02084367245658,0.4747483340652716,0,0.05805923579156405
2026-09-05 07:11:05.244616,42.10421836228288,0.3667770484249546,1,0.009233517035304117
2026-09-05 07:16:05.244616,42.187593052109186,0.49321536813587985,0,0.0737681397005947
2026-09-05 07:21:05.244616,42.270967741935486,0.514313327826144,0,0.08296372003755786
2026-09-05 07:26:05.244616,42.35434243176179,0.3272879280607641,1,0.09211236617347995
2026-09-05 07:31:05.244616,42.43771712158809,0.3300885954791841,1,0.10063426252345936
2026-09-05 07:36:05.244616,42.521091811414394,0.5285564531076828,0,0.04896777886239334
2026-09-05 07:41:05.244616,42.6044665012407,0.4280241532039708,1,0.09224711392222704
2026-09-05 07:46:05.244616,42.687841191067,0.34406222526322877,1,0.07415619901250392
2026-09-05 07:51:05.244616,42.7712158808933,0.5763365512289786,0,0.07211450759518678
2026-09-05 07:56:05.244616,42.85459057071961,0.1998332100728552,1,0.08221578131903282
2026-09-05 08:01:05.244616,42.93796526054591,0.411904988590913,1,0.19034218233455455
2026-09-05 08:06:05.244616,43.02133995037221,0.5805175747419643,0,0.15800234797617269
2026-09-05 08:11:05.244616,43.104714640198516,0.09590029263856767,1,0.08662584362166562
2026-09-05 08:16:05.244616,43.188089330024816,0.4072658874986331,1,0.1632324258328
2026-09-05 08:21:05.244616,43.27146401985112,0.4223651443041677,1,0.17142579549789205
2026-09-05 08:26:05.244616,43.35483870967742,0.064414296502849,1,0.004610196236842279
2026-09-05 08:31:05.244616,43.438213399503724,0.4315855367778523,1,0.1387612865742568
2026-09-05 08:36:05.244616,43.52158808933003,0.3419368696513626,1,0.18589691191839042
2026-09-05 08:41:05.244616,43.60496277915633,0.05979171294107147,1,0.04920536500773222
2026-09-05 08:46:05.244616,43.68833746898263,0.24352613963589817,1,0.15859019061540425
2026-09-05 08:51:05.244616,43.77171215880894,0.37697209417187993,1,0.02138689385889521
2026-09-05 08:56:05.244616,43.85508684863524,0.20075235191810775,1,0.046591831092795466
2026-09-05 09:01:05.244616,43.93846153846154,0.283788431986289,1,0.0766651086537884
2026-09-05 09:06:05.244616,44.021836228287846,0.35408256922568454,1,0.017865187755190637
2026-09-05 09:11:05.244616,44.105210918114146,0.24805805647590773,1,0.044108588648753166
2026-09-05 09:16:05.244616,44.18858560794045,0.2658653919281782,1,0.055276260990012815
2026-09-05 09:21:05.244616,44.27196029776675,0.35861057845593336,1,0.074788407780606
2026-09-05 09:26:05.244616,44.355334987593054,0.1162885763669662,1,0.08221731327103209
2026-09-05 09:31:05.244616,44.43870967741936,0.1941759519138692,1,0.05195953774734619
2026-09-05 09:36:05.244616,44.52208436724566,0.22020765186165858,1,0.0970879759569346
2026-09-05 09:41:05.244616,44.60545905707196,0.0,1,0.0819495060748932
2026-09-05 09:46:05.244616,44.68883374689827,0.056308639711872194,1,0.11538431954503532
2026-09-05 09:51:05.244616,44.77220843672457,0.23076863909007064,1,0.010746137248858274
2026-09-05 09:56:05.244616,44.85558312655087,0.034816365214155647,1,0.08503424427438151
2026-09-05 10:01:05.244616,44.938957816377176,0.06070015054130762,1,0.08662627490166551
2026-09-05 10:06:05.244616,45.022332506203476,0.20806891501748667,1,0.019911793965784616
2026-09-05 10:11:05.244616,45.10570719602978,0.020876562609738383,1,0.07608128461923758
2026-09-05 10:16:05.244616,45.18908188585608,0.05590634577901152,1,0.12722363255975402
2026-09-05 10:21:05.244616,45.272456575682384,0.2753238277292464,1,0.02795317288950576
2026-09-05 10:26:05.244616,45.35583126550869,0.0,1,0.07075072033042017
2026-09-05 10:31:05.244616,45.43920595533499,0.13382238706840607,1,0.03470277687211021
2026-09-05 10:36:05.244616,45.52258064516129,0.06940555374422042,1,0.06691119353420304
2026-09-05 10:41:05.244616,45.6059553349876,0.0,1,0.07894864931776314
2026-09-05 10:46:05.244616,45.6893300248139,0.2273028523797467,1,0.1103290403049245
2026-09-05 10:51:05.244616,45.772704714640206,0.220658080609849,1,0.06905748256680447
2026-09-05 10:56:05.244616,45.856079404466506,0.08918788724613776,1,0.10953784605993303
2026-09-05 11:01:05.244616,45.939454094292806,0.001582388489982961,1,0.05509278751476831
2026-09-05 11:06:05.244616,46.02282878411911,0.19937346227567437,1,0.0007911942449914805
2026-09-05 11:11:05.244616,46.10620347394541,0.0,1,0.014791892922617053
2026-09-05 11:16:05.244616,46.18957816377171,0.16978967643044027,1,0.09248846223706811
2026-09-05 11:21:05.244616,46.27295285359802,0.18497692447413622,1,0.08489483821522013
2026-09-05 11:26:05.244616,46.35632754342432,0.0,1,0.05423503804132205
2026-09-05 11:31:05.244616,46.43970223325062,0.07650684839149212,1,0.08595237511589668
2026-09-05 11:36:05.244616,46.52307692307693,0.17190475023179336,1,0.03825342419574606
2026-09-05 11:41:05.244616,46.60645161290323,0.0,1,0.006918978344164245
2026-09-05 11:46:05.244616,46.689826302729536,0.15806679354346487,1,0.06916191416729883
2026-09-05 11:51:05.244616,46.773200992555836,0.13832382833459766,1,0.07406961936227144
2026-09-05 11:56:05.244616,46.856575682382136,0.009927554818922005,1,0.06135154576206814
2026-09-05 12:01:05.244616,46.93995037220844,0.015620736810461396,1,0.09428637974386858
2026-09-05 12:06:05.244616,47.02332506203474,0.19850031430665918,1,0.007810368405230698
2026-09-05 12:11:05.244616,47.10669975186104,0.0,1,0.05552809115457481
2026-09-05 12:16:05.244616,47.19007444168735,0.08744413199750956,1,0.12351756699325919
2026-09-05 12:21:05.244616,47.27344913151365,0.24703513398651838,1,0.04372206599875478
2026-09-05 12:26:05.244616,47.35682382133995,0.0,1,0.09371874459815556
2026-09-05 12:31:05.244616,47.44019851116626,0.05959764479020727,1,0.0416287611782018
2026-09-05 12:36:05.244616,47.52357320099256,0.0832575223564036,1,0.029798822395103636
2026-09-05 12:41:05.244616,47.606947890818866,0.0,1,0.01525232699799886
2026-09-05 12:46:05.244616,47.690322580645166,0.05275286836040588,1,0.008265842308089869
2026-09-05 12:51:05.244616,47.773697270471466,0.016531684616179737,1,0.02637643418020294
2026-09-05 12:56:05.244616,47.85707196029777,0.0,1,0.059002233276376895
2026-09-05 13:01:05.244616,47.94044665012407,0.13453615116893353,1,0.055418617338857175
2026-09-05 13:06:05.244616,48.02382133995037,0.11083723467771435,1,0.06726807558446676
2026-09-05 13:11:05.244616,48.10719602977668,0.0,1,0.055418617338857175
2026-09-05 13:16:05.244616,48.19057071960298,0.0,1,0.009706457933148081
2026-09-05 13:21:05.244616,48.27394540942928,0.019412915866296163,1,0.0
2026-09-05 13:26:05.244616,48.35732009925559,0.0,1,0.04185422913308263
2026-09-05 13:31:05.244616,48.44069478908189,0.10312137413246142,1,0.09152425467989597
2026-09-05 13:36:05.244616,48.524069478908196,0.18304850935979194,1,0.05156068706623071
2026-09-05 13:41:05.244616,48.607444168734496,0.0,1,0.08728789069064631
2026-09-05 13:46:05.244616,48.690818858560796,0.008472727978499316,1,0.0668290943708525
2026-09-05 13:51:05.244616,48.7741935483871,0.133658188741705,1,0.004236363989249658
2026-09-05 13:56:05.244616,48.8575682382134,0.0,1,0.052027387833378715
2026-09-05 14:01:05.244616,48.9409429280397,0.029603413074947557,1,0.11145480086764385
2026-09-05 14:06:05.244616,49.02431761786601,0.2229096017352877,1,0.014801706537473779
2026-09-05 14:11:05.244616,49.10769230769231,0.0,1,0.00958682840530635
2026-09-05 14:16:05.244616,49.19106699751861,0.203735944924675,1,0.05073466859230809
2026-09-05 14:21:05.244616,49.27444168734492,0.10146933718461618,1,0.07216118997441365
2026-09-05 14:26:05.244616,49.35781637717122,0.05941356497584771,1,0.00035362179536964355
2026-09-05 14:31:05.244616,49.441191066997526,0.10217658077535546,1,0.07879055313994252
2026-09-05 14:36:05.244616,49.524565756823826,0.21699467125573274,1,0.05108829038767773
2026-09-05 14:41:05.244616,49.607940446650126,0.0,1,0.037145983717680464
2026-09-05 14:46:05.244616,49.69131513647643,0.1427027038203718,1,0.1388198147132007
2026-09-05 14:51:05.244616,49.77468982630273,0.2776396294264014,1,0.0713513519101859
2026-09-05 14:56:05.244616,49.85806451612903,0.0,1,0.08107642103910002
2026-09-05 15:01:05.244616,49.94143920595534,0.11548678734820136,1,0.08780061480899393
2026-09-05 15:06:05.244616,50.02481389578164,0.17560122961798785,1,0.05774339367410068
2026-09-05 15:11:05.244616,50.10818858560795,0.0,1,0.08023602681867087
2026-09-05 15:16:05.244616,50.19156327543425,0.015129175980646115,1,0.08714118075434417
2026-09-05 15:21:05.244616,50.27493796526055,0.17428236150868834,1,0.0237748364457051
2026-09-05 15:26:05.244616,50.358312655086856,0.06267884887205631,1,0.04413288298559255
2026-09-05 15:31:05.244616,50.441687344913156,0.26254812747987344,1,0.08464307062594917
2026-09-05 15:36:05.244616,50.525062034739456,0.23196499012395463,1,0.13127406373993672
2026-09-05 15:41:05.244616,50.60843672456576,0.0,1,0.06936444029583433
2026-09-05 15:46:05.244616,50.69181141439206,0.09323610953228598,1,0.07559867519149638
2026-09-05 15:51:05.244616,50.77518610421836,0.15119735038299276,1,0.04438264218923848
2026-09-05 15:56:05.244616,50.85856079404467,0.004470825153809015,1,0.0993933397180132
2026-09-05 16:01:05.244616,50.94193548387097,0.34998402981901916,1,0.08459950903976313
2026-09-05 16:06:05.244616,51.02531017369728,0.17366984323333526,1,0.15177656239901444
2026-09-05 16:11:05.244616,51.10868486352358,0.046430905020990294,1,0.023216683927291745
2026-09-05 16:16:05.244616,51.19205955334988,0.12723647537875177,1,0.1135752581050091
2026-09-05 16:21:05.244616,51.275434243176186,0.2735814212310085,1,0.00961510829146306
2026-09-05 16:26:05.244616,51.358808933002486,0.10800625879582565,1,0.024799619880045337
2026-09-05 16:31:05.244616,51.442183622828786,0.2239821814709178,1,0.07561147834271506
2026-09-05 16:36:05.244616,51.52555831265509,0.25922921548125577,1,0.1119910907354589
2026-09-05 16:41:05.244616,51.60893300248139,0.0,1,0.004157370666206972
2026-09-05 16:46:05.244616,51.69230769230769,0.2509144741488418,1,0.13851619021278072
2026-09-05 16:51:05.244616,51.775682382134,0.27703238042556144,1,0.07850257759958423
2026-09-05 16:56:05.244616,51.8590570719603,0.09390931894967336,1,0.03949058623477869
2026-09-05 17:01:05.244616,51.94243176178661,0.3560135528951188,1,0.11529561715250833
2026-09-05 17:06:05.244616,52.02580645161291,0.32450055325469,1,0.11738982719253366
2026-09-05 17:11:05.244616,52.10918114143921,0.12123389851005152,1,0.015607903514238436
2026-09-05 17:16:05.244616,52.192555831265516,0.29328474622621314,1,0.08086734745464147
2026-09-05 17:21:05.244616,52.275930521091816,0.28296859341933445,1,0.03459503948956816
2026-09-05 17:26:05.244616,52.359305210918116,0.22409466724707683,1,0.04874095591995464
2026-09-05 17:31:05.244616,52.44267990074442,0.38045050525924373,1,0.0217202806556292
2026-09-05 17:36:05.244616,52.52605459057072,0.2675352285583352,1,0.16359407392304665
2026-09-05 17:41:05.244616,52.60942928039702,0.05326235741315043,1,0.046694336604438086
2026-09-05 17:46:05.244616,52.69280397022333,0.3609239017672114,1,0.18691873781322926
2026-09-05 17:51:05.244616,52.77617866004963,0.42709983303960897,1,0.0628345370404625
2026-09-05 17:56:05.244616,52.85955334987594,0.2352548276862864,1,0.020704365031689126
2026-09-05 18:01:05.244616,52.94292803970224,0.4685085631029872,0,0.15872691918788606
2026-09-05 18:06:05.244616,53.02630272952854,0.5527086660620585,0,0.16294992824564727
2026-09-05 18:11:05.244616,53.109677419354846,0.14260870661169267,1,0.03316616250255611
2026-09-05 18:16:05.244616,53.193052109181146,0.6190409910671707,0,0.12429038858443084
2026-09-05 18:21:05.244616,53.276426799007446,0.39118948378055435,1,0.214201059088501
2026-09-05 18:26:05.244616,53.35980148883375,0.19063887289016868,1,0.06126735473707365
2026-09-05 18:31:05.244616,53.44317617866005,0.5137241932547016,0,0.11763180494264755
2026-09-05 18:36:05.244616,53.52655086848635,0.4259024827754638,1,0.08334987212343636
2026-09-05 18:41:05.244616,53.60992555831266,0.3470244490078289,1,0.014326248208100772
2026-09-05 18:46:05.244616,53.69330024813896,0.4545549791916653,0,0.14069259885805796
2026-09-05 18:51:05.244616,53.77667493796527,0.6284096467239448,0,0.050782220029228775
2026-09-05 18:56:05.244616,53.86004962779157,0.35299053913320777,1,0.038001604910081976
2026-09-05 19:01:05.244616,53.94342431761787,0.5524064369037809,0,0.17715864631142653
2026-09-05 19:06:05.244616,54.026799007444176,0.7073078317560608,0,0.125647227153683
2026-09-05 19:11:05.244616,54.110173697270476,0.30111198259641486,1,0.016824873822839037
2026-09-05 19:16:05.244616,54.193548387096776,0.6736580841103827,0,0.1555911575461764
2026-09-05 19:21:05.244616,54.27692307692308,0.6122942976887676,0,0.13007427483977196
2026-09-05 19:26:05.244616,54.36029776674938,0.4135095344308388,1,0.05977473048899118
2026-09-05 19:31:05.244616,54.44367245657568,0.4927448367107853,0,0.13754157511518128
2026-09-05 19:36:05.244616,54.52704714640199,0.6885926846612014,0,0.014148050139886681
2026-09-05 19:41:05.244616,54.61042183622829,0.5210409369905586,0,0.023350054227336103
2026-09-05 19:46:05.244616,54.6937965260546,0.6418925762065292,0,0.014114917607732425
2026-09-05 19:51:05.244616,54.7771712158809,0.5492707722060235,0,0.09365630808058772
2026-09-05 19:56:05.244616,54.8605459057072,0.4545799600453537,0,0.02215815936684623
2026-09-05 20:01:05.244616,54.943920595533505,0.593587090939716,0,0.08402875532173226
2026-09-05 20:06:05.244616,55.027295285359806,0.6226374706888183,0,0.028158491825331977
2026-09-05 20:11:05.244616,55.110669975186106,0.537270107289052,0,0.040044918877465085
2026-09-05 20:16:05.244616,55.19404466501241,0.7027273084437484,0,0.0943302658003381
2026-09-05 20:21:05.244616,55.27741935483871,0.7259306388897282,0,0.04223270634227838
2026-09-05 20:26:05.244616,55.36079404466502,0.6182618957591917,0,0.06536854329261377
2026-09-05 20:31:05.244616,55.44416873449132,0.8566677254749557,0,0.04921358484028193
2026-09-05 20:36:05.244616,55.52754342431762,0.7166890654397555,0,0.13961330618496082
2026-09-05 20:41:05.244616,55.61091811414393,0.5774411131050341,0,0.030859119658927403
2026-09-05 20:46:05.244616,55.69429280397023,0.7784073047576103,0,0.06614190942964315
2026-09-05 20:51:05.244616,55.77766749379653,0.7097249319643204,0,0.1664189769849641
2026-09-05 20:56:05.244616,55.861042183622835,0.4455693507876821,1,0.018118323667540903
2026-09-05 21:01:05.244616,55.944416873449136,0.7459615792994022,0,0.14046664658665503
2026-09-05 21:06:05.244616,56.027791563275436,0.7265026439609922,0,0.07847181492976668
2026-09-05 21:11:05.244616,56.11116625310174,0.5890179494398688,0,0.09739629071571354
2026-09-05 21:16:05.244616,56.19454094292804,0.9212952253924193,0,0.12732150382697316
2026-09-05 21:21:05.244616,56.27791563275435,0.8436609570938152,0,0.20496976384071153
2026-09-05 21:26:05.244616,56.36129032258065,0.5113556977109962,0,0.07875470404720719
2026-09-05 21:31:05.244616,56.44466501240695,0.6861515489994008,0,0.2198149972828573
2026-09-05 21:36:05.244616,56.52803970223326,0.9509856922767108,0,0.006320954862194861
2026-09-05 21:41:05.244616,56.61141439205956,0.6987934587237905,0,0.08067860810294475
2026-09-05 21:46:05.244616,56.69478908188586,0.7896284760708213,0,0.06986146795218934
2026-09-05 21:51:05.244616,56.778163771712165,0.8385163946281692,0,0.09441181338451837
2026-09-05 21:56:05.244616,56.861538461538466,0.6008048493017846,0,0.06561747055220496
2026-09-05 22:01:05.244616,56.944913151364766,0.9697513357325791,0,0.07744816894837026
2026-09-05 22:06:05.244616,57.02828784119107,0.7557011871985251,0,0.21628174737575828
2026-09-05 22:11:05.244616,57.11166253101737,0.5371878409810625,0,0.12214940640073746
2026-09-05 22:16:05.244616,57.19503722084368,1.0,0,0.19601125541707315
2026-09-05 22:21:05.244616,57.27841191066998,0.9292103518152088,0,0.13336956737036193
2026-09-05 22:26:05.244616,57.36178660049628,0.7332608652592761,0,0.01646031002672249
2026-09-05 22:31:05.244616,57.44516129032259,0.9621309718686538,0,0.13336956737036193
2026-09-05 22:36:05.244616,57.52853598014889,1.0,0,0.11538474389549636
2026-09-05 22:41:05.244616,57.61191066997519,0.7313614840776611,0,0.0
2026-09-05 22:46:05.244616,57.695285359801495,1.0,0,0.08059303141809959
2026-09-05 22:51:05.244616,57.778660049627796,0.8925475469138603,0,0.141694153778128
2026-09-05 22:56:05.244616,57.862034739454096,0.716611692443744,0,0.04563010306310705
2026-09-05 23:01:05.244616,57.9454094292804,0.9838077530400744,0,0.1099535681067566
2026-09-05 23:06:05.244616,58.0287841191067,0.9365188286572572,0,0.13771860650055473
2026-09-05 23:11:05.244616,58.11215880893301,0.7083705400389649,0,0.021743771808867052
2026-09-05 23:16:05.244616,58.19553349875931,0.9800063722749913,0,0.12389764634610806
2026-09-05 23:21:05.244616,58.27890818858561,0.956165832731181,0,0.08018089499342562
2026-09-05 23:26:05.244616,58.36228287841192,0.8196445822881401,0,0.021917083634409473
2026-09-05 23:31:05.244616,58.44565756823822,1.0,0,0.033273946204984584
2026-09-05 23:36:05.244616,58.52903225806452,0.8861924746981092,0,0.0800286763810899
2026-09-05 23:41:05.244616,58.612406947890825,0.8399426472378202,0,0.05690376265094538
2026-09-05 23:46:05.244616,58.695781637717126,1.0,0,0.04553933909140573
2026-09-05 23:51:05.244616,58.779156327543426,0.9310213254206317,0,0.12842604261466495
2026-09-05 23:56:05.244616,58.86253101736973,0.7431479147706701,0,0.034489337289684174
2026-09-06 00:01:05.244616,58.94590570719603,1.0,0,0.12842604261466495
2026-09-06 00:06:05.244616,59.02928039702234,1.0,0,0.04951697668315497
2026-09-06 00:11:05.244616,59.11265508684864,0.9009660466336901,0,0.0
2026-09-06 00:16:05.244616,59.19602977667494,1.0,0,0.04951697668315497
2026-09-06 00:21:05.244616,59.27940446650125,1.0,0,0.11661077043554713
2026-09-06 00:26:05.244616,59.36277915632755,0.7667784591289057,0,0.02807191076169785
2026-09-06 00:31:05.244616,59.44615384615385,0.9438561784766043,0,0.10247888665071198
2026-09-06 00:36:05.244616,59.529528535980155,0.9717362324303297,0,0.09673528482875482
2026-09-06 00:41:05.244616,59.612903225806456,0.7503856088190947,0,0.014131883784835153
2026-09-06 00:46:05.244616,59.69627791563276,1.0,0,0.12480719559045267
2026-09-06 00:51:05.244616,59.77965260545906,1.0,0,0.08082505040807336
2026-09-06 00:56:05.244616,59.86302729528536,0.8383498991838533,0,0.05458848922183368
2026-09-06 01:01:05.244616,59.94640198511167,0.8908230215563326,0,0.06723013705529307
2026-09-06 01:06:05.244616,60.02977667493797,0.9728101732944394,0,0.06958511856976496
2026-09-06 01:11:05.244616,60.11315136476427,0.7516527844168027,0,0.013594913352780291
2026-09-06 01:16:05.244616,60.19652605459058,1.0,0,0.12321184857166118
2026-09-06 01:21:05.244616,60.27990074441688,0.9980764815601251,0,0.014792156204846807
2026-09-06 01:26:05.244616,60.36327543424318,0.9704156875903064,0,0.0009617592199374636
2026-09-06 01:31:05.244616,60.446650124069485,1.0,0,0.01664369636398705
2026-09-06 01:36:05.244616,60.530024813895785,0.9371282948623323,0,0.1276321222118751
2026-09-06 01:41:05.244616,60.61339950372209,0.7447357555762498,0,0.031435852568833855
2026-09-06 01:46:05.244616,60.69677419354839,1.0,0,0.08137249398415047
2026-09-06 01:51:05.244616,60.78014888337469,0.9074807435445508,0,0.09863385621963916
2026-09-06 01:56:05.244616,60.863523573201,0.8027322875607217,0,0.046259628227724614
2026-09-06 02:01:05.244616,60.9468982630273,1.0,0,0.0495825383202268
2026-09-06 02:06:05.244616,61.0302729528536,0.9018973642011753,0,0.12128087728631509
2026-09-06 02:11:05.244616,61.11364764267991,0.7574382454273698,0,0.029544779254827902
2026-09-06 02:16:05.244616,61.19702233250621,0.9609869227108311,0,0.08973231502512785
2026-09-06 02:21:05.244616,61.28039702233251,0.9369028754776255,0,0.019969387809306516
2026-09-06 02:26:05.244616,61.363771712158815,0.921048147092218,0,0.013493844760395779
2026-09-06 02:31:05.244616,61.447146401985115,0.9638905649984171,0,0.005002024900231772
2026-09-06 02:36:05.244616,61.53052109181142,0.9310521968926816,0,0.1689706967717844
2026-09-06 02:41:05.244616,61.61389578163772,0.6259491714548483,0,0.0344739015536592
2026-09-06 02:46:05.244616,61.69727047146402,1.0,0,0.18702541427257585
2026-09-06 02:51:05.244616,61.78064516129033,1.0,0,0.06090439825002858
2026-09-06 02:56:05.244616,61.86401985111663,0.8781912034999428,0,0.0
2026-09-06 03:01:05.244616,61.94739454094293,1.0,0,0.02597993839746643
2026-09-06 03:06:05.244616,62.03076923076924,0.9301510802948757,0,0.08860376330322878
2026-09-06 03:11:05.244616,62.11414392059554,0.8227924733935424,0,0.000432021020274842
2026-09-06 03:16:05.244616,62.19751861042184,0.929287038254326,0,0.05941354144058142
2026-09-06 03:21:05.244616,62.280893300248145,0.7039653905123796,0,0.129364379816847
2026-09-06 03:26:05.244616,62.364267990074445,0.670558278620632,0,0.1480173047438102
2026-09-06 03:31:05.244616,62.44764267990075,1.0,0,0.12164586219548179
2026-09-06 03:36:05.244616,62.53101736972705,0.9138500030115956,0,0.15739755887455642
2026-09-06 03:41:05.244616,62.61439205955335,0.6852048822508872,0,0.04307499849420221
2026-09-06 03:46:05.244616,62.69776674937966,1.0,0,0.0981883835553427
2026-09-06 03:51:05.244616,62.78114143920596,0.8815816493615726,0,0.13385219129274556
2026-09-06 03:56:05.244616,62.86451612903226,0.7322956174145089,0,0.059209175319213714
2026-09-06 04:01:05.244616,62.94789081885857,1.0,0,0.06998410827492946
2026-09-06 04:06:05.244616,63.03126550868487,0.8722638339643678,0,0.1590666417381726
2026-09-06 04:11:05.244616,63.11464019851117,0.6818667165236548,0,0.06149731776890077
2026-09-06 04:16:05.244616,63.198014888337475,0.9952584695021693,0,0.09831363664000975
2026-09-06 04:21:05.244616,63.281389578163775,0.8784939898036743,0,0.17955314148817247
2026-09-06 04:26:05.244616,63.36476426799008,0.6361521865258244,0,0.002816082641218687
2026-09-06 04:31:05.244616,63.44813895781638,0.872861824521237,0,0.009990622303894914
2026-09-06 04:36:05.244616,63.53151364764268,0.6561334311336142,0,0.04234329687257665
2026-09-06 04:41:05.244616,63.61488833746899,0.7881752307760836,0,0.14512987097627417
2026-09-06 04:46:05.244616,63.69826302729529,0.9463931730861626,0,0.014264459048810352
2026-09-06 04:51:05.244616,63.78163771712159,0.7596463126784629,0,0.2414282981564204
2026-09-06 04:56:05.244616,63.8650124069479,0.4635365767733218,0,0.02315131971799378
2026-09-06 05:01:05.244616,63.9483870967742,0.8059489521144505,0,0.11853808967259824
2026-09-06 05:06:05.244616,64.0317617866005,0.7006127561185183,0,0.14168039780275432
2026-09-06 05:11:05.244616,64.1151364764268,0.5225881565089419,0,0.13226925941810658
2026-09-06 05:16:05.244616,64.19851116625311,0.9651512749547314,0,0.0023563876153573915
2026-09-06 05:21:05.244616,64.28188585607941,0.5273009317396566,0,0.23382602383489726
2026-09-06 05:26:05.244616,64.36526054590571,0.4974992272849369,0,0.08904064894460662
2026-09-06 05:31:05.244616,64.44863523573201,0.7053822296288699,0,0.08709237432609779
2026-09-06 05:36:05.244616,64.53200992555831,0.6716839759371325,0,0.07427237465286463
2026-09-06 05:41:05.244616,64.61538461538463,0.5568374803231406,0,0.05351987149496906
2026-09-06 05:46:05.244616,64.69875930521093,0.7787237189270706,0,0.047243289456444126
2026-09-06 05:51:05.244616,64.78213399503723,0.6513240592360289,0,0.1552597122186247
2026-09-06 05:56:05.244616,64.86550868486353,0.4682042944898212,0,0.0653359252399422
2026-09-06 06:01:05.244616,64.94888337468983,0.7819959097159133,0,0.0011697807512470737
2026-09-06 06:06:05.244616,65.03225806451613,0.47054385599231535,0,0.1835456063383015
2026-09-06 06:11:05.244616,65.11563275434244,0.41490469703931027,1,0.09067153411536796
2026-09-06 06:16:05.244616,65.19900744416874,0.6518869242230513,0,0.051965490668387876
2026-09-06 06:21:05.244616,65.28238213399504,0.518835678376086,0,0.17614954009923445
2026-09-06 06:26:05.244616,65.36575682382134,0.2995878440245824,1,0.11268037210935511
2026-09-06 06:31:05.244616,65.44913151364764,0.7441964225947962,0,0.13139048201080278
2026-09-06 06:36:05.244616,65.53250620347396,0.5623688080461879,0,0.19882134098128415
2026-09-06 06:41:05.244616,65.61588089330026,0.34655374063222794,1,0.021390433598839742
2026-09-06 06:46:05.244616,65.69925558312656,0.6051496752438674,0,0.04714990311685624
2026-09-06 06:51:05.244616,65.78263027295286,0.4408535468659404,1,0.08686589753111751
2026-09-06 06:56:05.244616,65.86600496277916,0.4314178801816324,1,0.13839553001982627
2026-09-06 07:01:05.244616,65.94937965260546,0.717644606905593,0,0.010942656968728648
2026-09-06 07:06:05.244616,66.03275434243177,0.4533031941190897,0,0.18549296637159426
2026-09-06 07:11:05.244616,66.11612903225807,0.3466586741624044,1,0.10234618350548591
2026-09-06 07:16:05.244616,66.19950372208437,0.6579955611300615,0,0.02840621518358674
2026-09-06 07:21:05.244616,66.28287841191067,0.4034711045295779,1,0.19696674209840925
2026-09-06 07:26:05.244616,66.36625310173697,0.264062076933243,1,0.11053568479770376
2026-09-06 07:31:05.244616,66.44962779156329,0.6245424741249854,0,0.0733275283872627
2026-09-06 07:36:05.244616,66.53300248138959,0.4107171337077684,1,0.1269534468051008
2026-09-06 07:41:05.244616,66.61637717121589,0.37063558051478385,1,0.04801481864339241
2026-09-06 07:46:05.244616,66.69975186104219,0.5067467709945532,0,0.015099390069279017
2026-09-06 07:51:05.244616,66.78312655086849,0.4008343606533419,1,0.09969787136717348
2026-09-06 07:56:05.244616,66.86650124069479,0.30735102826020627,1,0.06198731959426196
2026-09-06 08:01:05.244616,66.9498759305211,0.5248089998418658,0,0.05556756623977194
2026-09-06 08:06:05.244616,67.0332506203474,0.1962158957806624,1,0.19042516002438764
2026-09-06 08:11:05.244616,67.1166253101737,0.14395867979309052,1,0.056482345094839376
2026-09-06 08:16:05.244616,67.2,0.30918058597034115,1,0.0877005468085435
2026-09-06 08:21:05.244616,67.2833746898263,0.3193597734101775,1,0.07437101231658133
2026-09-06 08:26:05.244616,67.36674937965262,0.1604385613371785,1,0.09068749316977304
2026-09-06 08:31:05.244616,67.45012406947892,0.5007347597497236,0,0.03406931656817491
2026-09-06 08:36:05.244616,67.53349875930522,0.2285771944735283,1,0.2392821891806901
2026-09-06 08:41:05.244616,67.61687344913152,0.022170381388343402,1,0.14239940774407905
2026-09-06 08:46:05.244616,67.70024813895782,0.5133760099616864,0,0.08022107103643795
2026-09-06 08:51:05.244616,67.78362282878412,0.1826125234612193,1,0.2226569625990117
2026-09-06 08:56:05.244616,67.86699751861043,0.06806208476366306,1,0.020956477870684068
2026-09-06 09:01:05.244616,67.95037220843673,0.22452547920258745,1,0.06542182735096386
2026-09-06 09:06:05.244616,68.03374689826303,0.19890573946559076,1,0.057624005748856504
2026-09-06 09:11:05.244616,68.11712158808933,0.10927746770487444,1,0.09042016625208818
2026-09-06 09:16:05.244616,68.20049627791563,0.3797460719697671,1,0.015135612906635648
2026-09-06 09:21:05.244616,68.28387096774195,0.07900624189160314,1,0.13184800388217305
2026-09-06 09:26:05.244616,68.36724565756825,0.11605006420542101,1,0.1185271178651581
2026-09-06 09:31:05.244616,68.45062034739455,0.31606047762191936,1,0.06901202138136378
2026-09-06 09:36:05.244616,68.53399503722085,0.2540741069681486,1,0.14906655712410616
2026-09-06 09:41:05.244616,68.61736972704715,0.017927363373707046,1,0.05796384246158279
2026-09-06 09:46:05.244616,68.70074441687345,0.37000179189131416,1,0.07263997457069887
2026-09-06 09:51:05.244616,68.78411910669976,0.16320731251510479,1,0.17178316061302068
2026-09-06 09:56:05.244616,68.86749379652606,0.026435470665272805,1,0.0432139733134987
2026-09-06 10:01:05.244616,68.95086848635236,0.2496352591421022,1,0.005865587606061484
2026-09-06 10:06:05.244616,69.03424317617866,0.03816664587739577,1,0.1248176295710511
2026-09-06 10:11:05.244616,69.11761786600496,0.0,1,0.15963183700231506
2026-09-06 10:16:05.244616,69.20099255583128,0.3574303198820259,1,0.016499213960946946
2026-09-06 10:21:05.244616,69.28436724565758,0.03299842792189389,1,0.13340289231958535
2026-09-06 10:26:05.244616,69.36774193548388,0.09062453524285517,1,0.10796378454671361
2026-09-06 10:31:05.244616,69.45111662531018,0.24892599701532112,1,0.045312267621427586
2026-09-06 10:36:05.244616,69.53449131513648,0.0,1,0.11698297881481863
2026-09-06 10:41:05.244616,69.61786600496278,0.014960039385683858,1,0.08959389011592134
2026-09-06 10:46:05.244616,69.70124069478909,0.17918778023184267,1,0.007480019692841929
2026-09-06 10:51:05.244616,69.78461538461539,0.0,1,0.058357725226736254
2026-09-06 10:56:05.244616,69.86799007444169,0.06247232977837017,1,0.08424275639703707
2026-09-06 11:01:05.244616,69.95136476426799,0.16848551279407414,1,0.0008823347088710784
2026-09-06 11:06:05.244616,70.0347394540943,0.06070766036062801,1,0.08424275639703707
2026-09-06 11:11:05.244616,70.11811414392061,0.0,1,0.124778917913696
2026-09-06 11:16:05.244616,70.20148883374691,0.31026549618802,1,0.0
2026-09-06 11:21:05.244616,70.28486352357321,0.0,1,0.15513274809401
2026-09-06 11:26:05.244616,70.36823821339951,0.0,1,0.09831079150618922
2026-09-06 11:31:05.244616,70.45161290322581,0.19662158301237845,1,0.0
2026-09-06 11:36:05.244616,70.53498759305211,0.0,1,0.09831079150618922
2026-09-06 11:41:05.244616,70.61836228287842,0.0,1,0.14993804493678167
2026-09-06 11:46:05.244616,70.70173697270472,0.29987608987356335,1,0.029846137297721526
2026-09-06 11:51:05.244616,70.78511166253102,0.05969227459544305,1,0.14993804493678167
2026-09-06 11:56:05.244616,70.86848635235732,0.0,1,0.0008823370753800013
2026-09-06 12:01:05.244616,70.95186104218362,0.05792760044468305,1,0.0
2026-09-06 12:06:05.244616,71.03523573200994,0.0,1,0.028963800222341525
2026-09-06 12:11:05.244616,71.11861042183624,0.0,1,0.11602097291187566
2026-09-06 12:16:05.244616,71.20198511166254,0.23204194582375132,1,0.0
2026-09-06 12:21:05.244616,71.28535980148884,0.0,1,0.11602097291187566
2026-09-06 12:26:05.244616,71.36873449131514,0.0,1,0.05228186027222489
2026-09-06 12:31:05.244616,71.45210918114145,0.10456372054444978,1,0.008143015706026532
2026-09-06 12:36:05.244616,71.53548387096775,0.016286031412053065,1,0.05228186027222489
2026-09-06 12:41:05.244616,71.61885856079405,0.0,1,0.008143015706026532
2026-09-06 12:46:05.244616,71.70223325062035,0.0,1,0.0
2026-09-06 12:51:05.244616,71.78560794044665,0.0,1,0.0
2026-09-06 12:56:05.244616,71.86898263027295,0.0,1,0.0451670846662314
2026-09-06 13:01:05.244616,71.95235732009927,0.0903341693324628,1,0.0
2026-09-06 13:06:05.244616,72.03573200992557,0.0,1,0.0451670846662314
2026-09-06 13:11:05.244616,72.11910669975187,0.0,1,0.07735245360011925
2026-09-06 13:16:05.244616,72.20248138957817,0.1547049072002385,1,0.0
2026-09-06 13:21:05.244616,72.28585607940447,0.0,1,0.07735245360011925
2026-09-06 13:26:05.244616,72.36923076923078,0.0,1,0.027087339904085017
2026-09-06 13:31:05.244616,72.45260545905708,0.054174679808170034,1,0.0
2026-09-06 13:36:05.244616,72.53598014888338,0.0,1,0.027087339904085017
2026-09-06 13:41:05.244616,72.61935483870968,0.0,1,0.10968515560626395
2026-09-06 13:46:05.244616,72.70272952853598,0.2193703112125279,1,0.0
2026-09-06 13:51:05.244616,72.78610421836228,0.0,1,0.10968515560626395
2026-09-06 13:56:05.244616,72.8694789081886,0.0,1,0.17421493933378496
2026-09-06 14:01:05.244616,72.9528535980149,0.3484298786675699,1,0.0
2026-09-06 14:06:05.244616,73.0362282878412,0.0,1,0.17421493933378496
2026-09-06 14:11:05.244616,73.1196029776675,0.0,1,0.12016035847517223
2026-09-06 14:16:05.244616,73.2029776674938,0.24032071695034446,1,0.0
2026-09-06 14:21:05.244616,73.28635235732011,0.0,1,0.12016035847517223
2026-09-06 14:26:05.244616,73.36972704714641,0.0,1,0.1285145357475837
2026-09-06 14:31:05.244616,73.45310173697271,0.2570290714951674,1,0.024922882156289315
2026-09-06 14:36:05.244616,73.53647642679901,0.04984576431257863,1,0.1285145357475837
2026-09-06 14:41:05.244616,73.61985111662531,0.0,1,0.11831803079322556
2026-09-06 14:46:05.244616,73.70322580645161,0.28648182589902976,1,0.0
2026-09-06 14:51:05.244616,73.78660049627793,0.0,1,0.12017209387900293
2026-09-06 14:56:05.244616,73.86997518610423,0.04613763814102391,1,0.08350829077282063
2026-09-06 15:01:05.244616,73.95334987593053,0.16701658154564125,1,0.023068819070511955
2026-09-06 15:06:05.244616,74.03672456575683,0.0,1,0.08350829077282063
2026-09-06 15:11:05.244616,74.12009925558313,0.0,1,0.14217473947224343
2026-09-06 15:16:05.244616,74.20347394540944,0.28434947894448687,1,0.0754383261392231
2026-09-06 15:21:05.244616,74.28684863523574,0.1508766522784462,1,0.14217473947224343
2026-09-06 15:26:05.244616,74.37022332506204,0.0,1,0.01055571161017077
2026-09-06 15:31:05.244616,74.45359801488834,0.17198807549878775,1,0.07640248592229879
2026-09-06 15:36:05.244616,74.53697270471464,0.15280497184459757,1,0.02812133731302511
2026-09-06 15:41:05.244616,74.62034739454094,0.11574540087273753,1,0.045511109381033824
2026-09-06 15:46:05.244616,74.70372208436726,0.24382719060666522,1,0.05787270043636877
2026-09-06 15:51:05.244616,74.78709677419356,0.0,1,0.10127669596450903
2026-09-06 15:56:05.244616,74.87047146401986,0.041273798677647154,1,0.06133863055714919
2026-09-06 16:01:05.244616,74.95384615384616,0.12267726111429839,1,0.014731612478870965
2026-09-06 16:06:05.244616,75.03722084367246,0.07073702363538908,1,0.008430432434415894
2026-09-06 16:11:05.244616,75.12059553349877,0.13953812598313017,1,0.06804286733503176
2026-09-06 16:16:05.244616,75.20397022332507,0.2068227583054526,1,0.06976906299156509
2026-09-06 16:21:05.244616,75.28734491315137,0.0,1,0.04001294027108175
2026-09-06 16:26:05.244616,75.37071960297767,0.1267968777632891,1,0.22266838726302549
2026-09-06 16:31:05.244616,75.45409429280397,0.44533677452605097,1,0.015957172932125327
2026-09-06 16:36:05.244616,75.53746898263027,0.09488253189903845,1,0.20185309886401168
2026-09-06 16:41:05.244616,75.62084367245659,0.04163057679802762,1,0.054795132156910065
2026-09-06 16:46:05.244616,75.70421836228289,0.20447279621285858,1,0.09994499627452691
2026-09-06 16:51:05.244616,75.78759305210919,0.24152056934708144,1,0.04872247267929121
2026-09-06 16:56:05.244616,75.87096774193549,0.10702785085427616,1,0.04809197187415812
2026-09-06 17:01:05.244616,75.95434243176179,0.3377045130953977,1,0.05351392542713808
2026-09-06 17:06:05.244616,76.0377171215881,0.0,1,0.15142805160746095
2026-09-06 17:11:05.244616,76.1210918114144,0.03484840988047577,1,0.19722917466532475
2026-09-06 17:16:05.244616,76.2044665012407,0.3944583493306495,1,0.048952447001194235
2026-09-06 17:21:05.244616,76.287841191067,0.13275330388286424,1,0.11770962007977497
2026-09-06 17:26:05.244616,76.3712158808933,0.15903910917109956,1,0.22084050688149554
2026-09-06 17:31:05.244616,76.4545905707196,0.5744343176458553,0,0.010697643433327117
2026-09-06 17:36:05.244616,76.53796526054592,0.1804343960377538,1,0.26752614897950855
2026-09-06 17:41:05.244616,76.62133995037222,0.039382019686838216,1,0.11576802405281797
2026-09-06 17:46:05.244616,76.70471464019852,0.41197044414338974,1,0.07961221617930926
2026-09-06 17:51:05.244616,76.78808933002482,0.19860645204545674,1,0.09062735720294657
2026-09-06 17:56:05.244616,76.87146401985112,0.2307157297374966,1,0.2042265727253819
2026-09-06 18:01:05.244616,76.95483870967743,0.6070595974962205,0,0.027161914945963636
2026-09-06 18:06:05.244616,77.03821339950373,0.17639189984556933,1,0.154455242212012
2026-09-06 18:11:05.244616,77.12158808933003,0.2981491130721965,1,0.21224412834963746
2026-09-06 18:16:05.244616,77.20496277915633,0.6008801565448443,0,0.07640960835395524
2026-09-06 18:21:05.244616,77.28833746898263,0.145329896364286,1,0.09337018915419165
2026-09-06 18:26:05.244616,77.37171215880893,0.414139778236461,1,0.20603626785553678
2026-09-06 18:31:05.244616,77.45508684863525,0.5574024320753596,0,0.0774654081917889
2026-09-06 18:36:05.244616,77.53846153846155,0.25920896185288317,1,0.13000541326467507
2026-09-06 18:41:05.244616,77.62183622828785,0.2973916055460094,1,0.1424307832111146
2026-09-06 18:46:05.244616,77.70521091811415,0.5440705282751124,0,0.03359251667872276
2026-09-06 18:51:05.244616,77.78858560794045,0.36457663890345493,1,0.12296690504618918
2026-09-06 18:56:05.244616,77.87196029776676,0.298136718182734,1,0.18538324039402676
2026-09-06 19:01:05.244616,77.95533498759306,0.7353431196915085,0,0.0456596942327408
2026-09-06 19:06:05.244616,78.03870967741936,0.3894561066482156,1,0.16783344753124158
2026-09-06 19:11:05.244616,78.12208436724566,0.3996762246290253,1,0.1430904605253191
2026-09-06 19:16:05.244616,78.20545905707196,0.6756370276988538,0,0.08087605239507678
2026-09-06 19:21:05.244616,78.28883374689826,0.5614283294191789,0,0.1936186829168349
2026-09-06 19:26:05.244616,78.37220843672458,0.288399661865184,1,0.06270715744812372
2026-09-06 19:31:05.244616,78.45558312655088,0.6868426443154263,0,0.03892535622243268
2026-09-06 19:36:05.244616,78.53895781637718,0.21054894942031865,1,0.13854336366180262
2026-09-06 19:41:05.244616,78.62233250620348,0.40975591699182107,1,0.14261497935248701
2026-09-06 19:46:05.244616,78.70570719602978,0.4957789081252927,0,0.02573901198657816
2026-09-06 19:51:05.244616,78.78908188585609,0.35827789301866475,1,0.06751653041504185
2026-09-06 19:56:05.244616,78.87245657568239,0.6308119689553764,0,0.15134246485845793
2026-09-06 20:01:05.244616,78.95583126550869,0.6609628227355806,0,0.0890808501968087
2026-09-06 20:06:05.244616,79.03920595533499,0.452650268561759,0,0.018357610192877905
2026-09-06 20:11:05.244616,79.12258064516129,0.6242476023498248,0,0.08646705905687
2026-09-06 20:16:05.244616,79.20595533498759,0.625584386675499,0,0.09351159801971098
2026-09-06 20:21:05.244616,79.2893300248139,0.4372244063104028,1,0.04558375890379096
2026-09-06 20:26:05.244616,79.37270471464021,0.5344168688679171,0,0.23670872201760612
2026-09-06 20:31:05.244616,79.45607940446651,0.9106418503456151,0,0.01095659057196674
2026-09-06 20:36:05.244616,79.53945409429281,0.5563300500118505,0,0.23100257321440715
2026-09-06 20:41:05.244616,79.62282878411911,0.44863670391680077,1,0.13823852699730443
2026-09-06 20:46:05.244616,79.70620347394542,0.8328071040064594,0,0.04918457572318652
2026-09-06 20:51:05.244616,79.78957816377172,0.5470058553631738,0,0.07779619646621089
2026-09-06 20:56:05.244616,79.87295285359802,0.6772147110740376,0,0.054940204107331025
2026-09-06 21:01:05.244616,79.95632754342432,0.6568862635778359,0,0.10773497236167082
2026-09-06 21:06:05.244616,80.03970223325062,0.461744766350696,0,0.0095175932837257
2026-09-06 21:11:05.244616,80.12307692307692,0.6378510770103845,0,0.12944199003022808
2026-09-06 21:16:05.244616,80.20645161290324,0.7206287464111522,0,0.023243281771833046
2026-09-06 21:21:05.244616,80.28982630272954,0.5913645134667184,0,0.05733648161370719
2026-09-06 21:26:05.244616,80.37320099255584,0.6059557831837378,0,0.11994113684117974
2026-09-06 21:31:05.244616,80.45657568238214,0.8312467871490778,0,0.03638785319040555
2026-09-06 21:36:05.244616,80.53995037220844,0.5331800768029267,0,0.03447243814937745
2026-09-06 21:41:05.244616,80.62332506203475,0.762301910850323,0,0.20529284623345045
2026-09-06 21:46:05.244616,80.70669975186105,0.9437657692698276,0,0.07125089586321737
2026-09-06 21:51:05.244616,80.79007444168735,0.6198001191238882,0,0.0534431770644358
2026-09-06 21:56:05.244616,80.87344913151365,0.836879415140956,0,0.12453759119018748
2026-09-06 22:01:05.244616,80.95682382133995,0.8688753015042632,0,0.077659942275278
2026-09-06 22:06:05.244616,81.04019851116627,0.6815595305904,0,0.023015007046188585
2026-09-06 22:11:05.244616,81.12357320099257,0.9149053155966403,0,0.13689348378159438
2026-09-06 22:16:05.244616,81.20694789081887,0.9553464981535887,0,0.05810562993256968
2026-09-06 22:21:05.244616,81.29032258064517,0.798694055731501,0,0.10140974900384142
2026-09-06 22:26:05.244616,81.37369727047147,0.7525270001459059,0,0.10065297213424951
2026-09-06 22:31:05.244616,81.45707196029777,1.0,0,0.07924841007880118
2026-09-06 22:36:05.244616,81.54044665012408,0.5940301799883035,0,0.0850972040845629
2026-09-06 22:41:05.244616,81.62382133995038,0.8298055918308742,0,0.18500019782883603
2026-09-06 22:46:05.244616,81.70719602977668,0.9640305756459756,0,0.1218017740000869
2026-09-06 22:51:05.244616,81.79057071960298,0.5862020438307004,0,0.07240652789939561
2026-09-06 22:56:05.244616,81.87394540942928,0.8192175198471844,0,0.18793306258566667
2026-09-06 23:01:05.244616,81.9573200992556,0.9620681690020337,0,0.0028345123562475427
2026-09-06 23:06:05.244616,82.0406947890819,0.8135484951346893,0,0.07727748913141314
2026-09-06 23:11:05.244616,82.1240694789082,0.8075131907392075,0,0.09238630645509832
2026-09-06 23:16:05.244616,82.2074441687345,0.9983211080448859,0,0.022655125685451583
2026-09-06 23:21:05.244616,82.2908188585608,0.7622029393683043,0,0.053619382419777484
2026-09-06 23:26:05.244616,82.3741935483871,0.891082343205331,0,0.046020040051267086
2026-09-06 23:31:05.244616,82.45756823821341,0.8542430194708385,0,0.0971556149113364
2026-09-06 23:36:05.244616,82.54094292803971,0.6967711133826582,0,0.02775563869045805
2026-09-06 23:41:05.244616,82.62431761786601,0.7987317420899224,0,0.1516144433086709
2026-09-06 23:46:05.244616,82.70769230769231,1.0,0,0.10793597218222883
2026-09-06 23:51:05.244616,82.79106699751861,0.5828597977254647,0,0.08191016167140064
2026-09-06 23:56:05.244616,82.87444168734493,0.8361796766571987,0,0.14338796175131707
2026-09-07 00:01:05.244616,82.95781637717123,0.8696357212280988,0,0.13393809304289495
2026-09-07 00:06:05.244616,83.04119106699753,0.5683034905714088,0,0.007982094565380404
2026-09-07 00:11:05.244616,83.12456575682383,0.8855999103588597,0,0.19803643960966238
2026-09-07 00:16:05.244616,83.20794044665013,0.9643763697907336,0,0.10250604026945992
2026-09-07 00:21:05.244616,83.29131513647643,0.6805878298199398,0,0.0178118151046332
2026-09-07 00:26:05.244616,83.37468982630274,1.0,0,0.15950172942681
2026-09-07 00:31:05.244616,83.45806451612904,0.9995912886735598,0,0.26061534307207507
2026-09-07 00:36:05.244616,83.54143920595534,0.47876931385584987,0,0.11519169514988231
2026-09-07 00:41:05.244616,83.62481389578164,0.7692078983737952,0,0.26061534307207507
2026-09-07 00:46:05.244616,83.70818858560794,1.0,0,0.03351835835910566
2026-09-07 00:51:05.244616,83.79156327543426,0.8362446150920065,0,0.0780826237402541
2026-09-07 00:56:05.244616,83.87493796526056,0.8438347525194918,0,0.07604871264300739
2026-09-07 01:01:05.244616,83.95831265508686,0.9883420403780213,0,0.07134505249310619
2026-09-07 01:06:05.244616,84.04168734491316,0.7011446475332794,0,0.14361720285959628
2026-09-07 01:11:05.244616,84.12506203473946,0.7011076346588287,0,0.08263504517404535
2026-09-07 01:16:05.244616,84.20843672456576,0.8664147378813701,0,0.059128964414580154
2026-09-07 01:21:05.244616,84.29181141439207,0.8193655634879891,0,0.020369639331849376
2026-09-07 01:26:05.244616,84.37518610421837,0.8256754592176714,0,0.09031721825600547
2026-09-07 01:31:05.244616,84.45856079404467,1.0,0,0.0044977588419796155
2026-09-07 01:36:05.244616,84.54193548387097,0.8166799415337122,0,0.08874678672803687
2026-09-07 01:41:05.244616,84.62531017369727,0.8225064265439263,0,0.09166002923314392
2026-09-07 01:46:05.244616,84.70868486352359,1.0,0,0.038787440085828795
2026-09-07 01:51:05.244616,84.79205955334989,0.7449315463722687,0,0.10144465555169674
2026-09-07 01:56:05.244616,84.87543424317619,0.7971106888966065,0,0.12753422681386567
2026-09-07 02:01:05.244616,84.95880893300249,1.0,0,0.042557845768325886
2026-09-07 02:06:05.244616,85.04218362282879,0.7119949973599548,0,0.0
2026-09-07 02:11:05.244616,85.12555831265509,1.0,0,0.1382785002672018
2026-09-07 02:16:05.244616,85.2089330024814,0.9885519978943583,0,0.1827806008328542
2026-09-07 02:21:05.244616,85.2923076923077,0.6344387983342916,0,0.05746733851164676
2026-09-07 02:26:05.244616,85.375682382134,0.8736173208710648,0,0.13943199694194847
2026-09-07 02:31:05.244616,85.4590570719603,0.9133027922181886,0,0.13065411295023732
2026-09-07 02:36:05.244616,85.5424317617866,0.6123090949705902,0,0.01940883321503123
2026-09-07 02:41:05.244616,85.62580645161292,0.8744851257881261,0,0.16723334354010927
2026-09-07 02:46:05.244616,85.70918114143922,0.9467757820508087,0,0.06527489327943642
2026-09-07 02:51:05.244616,85.79255583126552,0.7439353392292533,0,0.02552609297059566
2026-09-07 02:56:05.244616,85.87593052109182,0.8957235961096174,0,0.09438010181972223
2026-09-07 03:01:05.244616,85.95930521091812,0.9326955428686977,0,0.13346525929480912
2026-09-07 03:06:05.244616,86.04267990074442,0.6287930775199991,0,0.0928412676851384
2026-09-07 03:11:05.244616,86.12605459057073,0.7470130074984209,0,0.12117784870245246
2026-09-07 03:16:05.244616,86.20942928039703,0.8711487749249041,0,0.030661521171801653
2026-09-07 03:21:05.244616,86.29280397022333,0.6856899651548176,0,0.014906353780409887
2026-09-07 03:26:05.244616,86.37617866004963,0.9009614824857238,0,0.1571550174225912
2026-09-07 03:31:05.244616,86.45955334987593,1.0,0,0.03983874121538872
2026-09-07 03:36:05.244616,86.54292803970225,0.8212840000549464,0,0.1652184343094908
2026-09-07 03:41:05.244616,86.62630272952855,0.6695631313810184,0,0.030392317612778164
2026-09-07 03:46:05.244616,86.70967741935485,0.7604993648293901,0,0.052771954468381344
2026-09-07 03:51:05.244616,86.79305210918115,0.5640192224442557,0,0.02851910372530836
2026-09-07 03:56:05.244616,86.87642679900745,0.7034611573787733,0,0.17538033286178495
2026-09-07 04:01:05.244616,86.95980148883375,0.9147798881678256,0,0.08599774876556349
2026-09-07 04:06:05.244616,87.04317617866006,0.5314656598476464,0,0.1528787125713456
2026-09-07 04:11:05.244616,87.12655086848636,0.6090224630251344,0,0.18480350145167257
2026-09-07 04:16:05.244616,87.20992555831266,0.9010726627509915,0,0.07789221971232158
2026-09-07 04:21:05.244616,87.29330024813896,0.45323802360049126,0,0.10238673647272112
2026-09-07 04:26:05.244616,87.37667493796526,0.6962991898055493,0,0.180567076871896
2026-09-07 04:31:05.244616,87.46004962779158,0.8143721773442832,0,0.1417626568338848
2026-09-07 04:36:05.244616,87.54342431761788,0.41277387613777966,1,0.056887496464607334
2026-09-07 04:41:05.244616,87.62679900744418,0.7005971844150686,0,0.17373255015182923
2026-09-07 04:46:05.244616,87.71017369727048,0.7602389764414381,0,0.08946324946820361
2026-09-07 04:51:05.244616,87.79354838709678,0.5216706854786614,0,0.012486638852909127
2026-09-07 04:56:05.244616,87.87692307692308,0.7352656987356199,0,0.08532534613745424
2026-09-07 05:01:05.244616,87.96029776674939,0.6923213777535698,0,0.08925675100771752
2026-09-07 05:06:05.244616,88.04367245657569,0.5567521967201848,0,0.06313861715343944
2026-09-07 05:11:05.244616,88.12704714640199,0.566044143446691,0,0.06027406525674467
2026-09-07 05:16:05.244616,88.21042183622829,0.6773003272336742,0,0.01810246470764776
2026-09-07 05:21:05.244616,88.29379652605459,0.6022490728619865,0,0.020126382093052897
2026-09-07 05:26:05.244616,88.3771712158809,0.71755309141978,0,0.07241331419164976
2026-09-07 05:31:05.244616,88.4605459057072,0.747075701245286,0,0.09806282983632092
2026-09-07 05:36:05.244616,88.5439205955335,0.5214274317471381,0,0.05083778839923031
2026-09-07 05:41:05.244616,88.6272952853598,0.6454001244468254,0,0.04756283491049207
2026-09-07 05:46:05.244616,88.71066997518611,0.6165531015681223,0,0.10110925784593927
2026-09-07 05:51:05.244616,88.79404466501241,0.44318160875494683,1,0.07274188259322817
2026-09-07 05:56:05.244616,88.87741935483872,0.4710693363816659,0,0.04523970822843376
2026-09-07 06:01:05.244616,88.96079404466502,0.5336610252118144,0,0.012380029979694285
2026-09-07 06:06:05.244616,89.04416873449132,0.44630927642227736,1,0.04088315366093276
2026-09-07 06:11:05.244616,89.12754342431762,0.6154273325336799,0,0.0814425986871703
2026-09-07 06:16:05.244616,89.21091811414392,0.609194473796618,0,0.12602111879235933
2026-09-07 06:21:05.244616,89.29429280397024,0.3633850949489612,1,0.10168861296040166
2026-09-07 06:26:05.244616,89.37766749379654,0.40581724787581464,1,0.15121057477364774
2026-09-07 06:31:05.244616,89.46104218362284,0.6658062444962567,0,0.06834618020504837
2026-09-07 06:36:05.244616,89.54441687344914,0.2691248874657179,1,0.11728422419761178
2026-09-07 06:41:05.244616,89.62779156327544,0.43123779610103313,1,0.08401172387670744
2026-09-07 06:46:05.244616,89.71116625310174,0.43714833521913277,1,0.09562065964845727
2026-09-07 06:51:05.244616,89.79454094292805,0.2399964768041186,1,0.03336911100234141
2026-09-07 06:56:05.244616,89.87791563275435,0.5038865572238156,0,0.15019796414664782
2026-09-07 07:01:05.244616,89.96129032258065,0.5403924050974143,0,0.141699069628264
2026-09-07 07:06:05.244616,90.04466501240695,0.22048841796728758,1,0.013616271507818356
2026-09-07 07:11:05.244616,90.12803970223325,0.5131598620817776,0,0.1814746508325567
2026-09-07 07:16:05.244616,90.21141439205957,0.583437719632401,0,0.12952764112477136
2026-09-07 07:21:05.244616,90.29478908188587,0.25410457983223483,1,0.09831223254634236
2026-09-07 07:26:05.244616,90.37816377171217,0.38681325453971627,1,0.10148120316301296
2026-09-07 07:31:05.244616,90.46153846153847,0.45706698615826075,0,0.09002952843746415
2026-09-07 07:36:05.244616,90.54491315136477,0.20675419766478798,1,0.08813983499034639
2026-09-07 07:41:05.244616,90.62828784119108,0.28078731617756797,1,0.10020594409448152
2026-09-07 07:46:05.244616,90.71166253101738,0.407166085853751,1,0.0773136799341862
2026-09-07 07:51:05.244616,90.79503722084368,0.12615995630919558,1,0.02007405777431237
2026-09-07 07:56:05.244616,90.87841191066998,0.3670179703051263,1,0.1338606527595512
2026-09-07 08:01:05.244616,90.96178660049628,0.39388126182829797,1,0.10724058387002511
2026-09-07 08:06:05.244616,91.04516129032258,0.15253680256507607,1,0.018122775971545352
2026-09-07 08:11:05.244616,91.1285359801489,0.35763570988520726,1,0.07279962036470122
2026-09-07 08:16:05.244616,91.2119106699752,0.2981360432944785,1,0.13990678301720172
2026-09-07 08:21:05.244616,91.2952853598015,0.07782214385080385,1,0.017658525898148508
2026-09-07 08:26:05.244616,91.3786600496278,0.2628189914981815,1,0.04243991243090757
2026-09-07 08:31:05.244616,91.4620347394541,0.162701968712619,1,0.10987228169000773
2026-09-07 08:36:05.244616,91.54540942928041,0.04307442811816602,1,0.10788337027296738
2026-09-07 08:41:05.244616,91.62878411910671,0.37846870925855375,1,0.11732166321449791
2026-09-07 08:46:05.244616,91.71215880893301,0.27771775454716185,1,0.148555878437806
2026-09-07 08:51:05.244616,91.79553349875931,0.0813569523829418,1,0.015192543671408876
2026-09-07 08:56:05.244616,91.87890818858561,0.2473326672043441,1,0.1855185314842761
2026-09-07 09:01:05.244616,91.96228287841191,0.452394015351494,0,0.12366633360217205
2026-09-07 09:06:05.244616,92.04565756823823,0.0,1,0.07485651232664217
2026-09-07 09:11:05.244616,92.12903225806453,0.30268099069820964,1,0.07986599931362162
2026-09-07 09:16:05.244616,92.21240694789083,0.15973199862724324,1,0.15134049534910482
2026-09-07 09:21:05.244616,92.29578163771713,0.0,1,7.196304109556573e-05
2026-09-07 09:26:05.244616,92.37915632754343,0.15987592470943437,1,0.11683054337924453
2026-09-07 09:31:05.244616,92.46253101736974,0.23366108675848907,1,0.07993796235471719
2026-09-07 09:36:05.244616,92.54590570719604,0.0,1,0.051415918086166065
2026-09-07 09:41:05.244616,92.62928039702234,0.13082925058615694,1,0.13755106082689117
2026-09-07 09:46:05.244616,92.71265508684864,0.27510212165378234,1,0.06541462529307847
2026-09-07 09:51:05.244616,92.79602977667494,0.0,1,0.06702085890643339
2026-09-07 09:56:05.244616,92.87940446650124,0.14106040384091556,1,0.15752971293395196
2026-09-07 10:01:05.244616,92.96277915632756,0.3150594258679039,1,0.049710764746902406
2026-09-07 10:06:05.244616,93.04615384615386,0.04163887434711075,1,0.12612555962892485
2026-09-07 10:11:05.244616,93.12952853598016,0.06280830661005421,1,0.017838156443216582
2026-09-07 10:16:05.244616,93.21290322580646,0.07731518723354391,1,0.031404153305027105
2026-09-07 10:21:05.244616,93.29627791563276,0.0,1,0.10196442459705926
2026-09-07 10:26:05.244616,93.37965260545907,0.28124403642766244,1,0.07184674633400867
2026-09-07 10:31:05.244616,93.46302729528537,0.14369349266801734,1,0.12428054510969852
2026-09-07 10:36:05.244616,93.54640198511167,0.032682946208265395,1,0.07184674633400867
2026-09-07 10:41:05.244616,93.62977667493797,0.0,1,0.016341473104132698
2026-09-07 10:46:05.244616,93.71315136476427,0.0,1,0.0
2026-09-07 10:51:05.244616,93.79652605459057,0.0,1,0.03007330826647494
2026-09-07 10:56:05.244616,93.87990074441689,0.06014661653294988,1,0.0371717971927584
2026-09-07 11:01:05.244616,93.96327543424319,0.0743435943855168,1,0.03007330826647494
2026-09-07 11:06:05.244616,94.04665012406949,0.0,1,0.0371717971927584
2026-09-07 11:11:05.244616,94.13002481389579,0.0,1,0.0
2026-09-07 11:16:05.244616,94.21339950372209,0.0,1,0.0
2026-09-07 11:21:05.244616,94.2967741935484,0.0,1,0.09980729249779195
2026-09-07 11:26:05.244616,94.3801488833747,0.1996145849955839,1,0.052860357454272686
2026-09-07 11:31:05.244616,94.463523573201,0.10572071490854537,1,0.09980729249779195
2026-09-07 11:36:05.244616,94.5468982630273,0.0,1,0.00439654167783813
2026-09-07 11:41:05.244616,94.6302729528536,0.09692763155286911,1,0.09336542449949714
2026-09-07 11:46:05.244616,94.7136476426799,0.18673084899899428,1,0.048463815776434556
2026-09-07 11:51:05.244616,94.79702233250622,0.0,1,0.09336542449949714
2026-09-07 11:56:05.244616,94.88039702233252,0.0,1,0.0
2026-09-07 12:01:05.244616,94.96377171215882,0.0,1,0.0
2026-09-07 12:06:05.244616,95.04714640198512,0.0,1,0.08913892730674773
2026-09-07 12:11:05.244616,95.13052109181142,0.17827785461349546,1,0.0
2026-09-07 12:16:05.244616,95.21389578163773,0.0,1,0.08913892730674773
2026-09-07 12:21:05.244616,95.29727047146403,0.0,1,0.06143404766047783
2026-09-07 12:26:05.244616,95.38064516129033,0.12286809532095566,1,0.035383527432305176
2026-09-07 12:31:05.244616,95.46401985111663,0.07076705486461035,1,0.06143404766047783
2026-09-07 12:36:05.244616,95.54739454094293,0.0,1,0.016650723929551234
2026-09-07 12:41:05.244616,95.63076923076923,0.10406850272371282,1,0.023252679689845072
2026-09-07 12:46:05.244616,95.71414392059555,0.046505359379690143,1,0.05203425136185641
2026-09-07 12:51:05.244616,95.79751861042185,0.0,1,0.0236552803690841
2026-09-07 12:56:05.244616,95.88089330024815,0.09381592011785835,1,0.03324257747574772
2026-09-07 13:01:05.244616,95.96426799007445,0.06648515495149544,1,0.04690796005892917
2026-09-07 13:06:05.244616,96.04764267990075,0.0,1,0.0032786416809525362
2026-09-07 13:11:05.244616,96.13101736972706,0.05992787158959037,1,0.0
2026-09-07 13:16:05.244616,96.21439205955336,0.0,1,0.029963935794795185
2026-09-07 13:21:05.244616,96.29776674937966,0.0,1,0.06361570751962921
2026-09-07 13:26:05.244616,96.38114143920596,0.12723141503925842,1,0.0
2026-09-07 13:31:05.244616,96.46451612903226,0.0,1,0.06361570751962921
2026-09-07 13:36:05.244616,96.54789081885856,0.0,1,0.08892013908380356
2026-09-07 13:41:05.244616,96.63126550868488,0.1778402781676071,1,0.0
2026-09-07 13:46:05.244616,96.71464019851118,0.0,1,0.08892013908380356
2026-09-07 13:51:05.244616,96.79801488833748,0.0,1,0.014439615821854643
2026-09-07 13:56:05.244616,96.88138957816378,0.028879231643709286,1,0.0
2026-09-07 14:01:05.244616,96.96476426799008,0.0,1,0.014439615821854643
2026-09-07 14:06:05.244616,97.04813895781639,0.0,1,0.07602674926106448
2026-09-07 14:11:05.244616,97.13151364764269,0.15205349852212896,1,0.08894101899830867
2026-09-07 14:16:05.244616,97.21488833746899,0.17788203799661734,1,0.07602674926106448
2026-09-07 14:21:05.244616,97.29826302729529,0.0,1,0.028231597959117186
2026-09-07 14:26:05.244616,97.38163771712159,0.2343452339148517,1,0.06656612610571425
2026-09-07 14:31:05.244616,97.46501240694789,0.1331322522114285,1,0.11717261695742585
2026-09-07 14:36:05.244616,97.5483870967742,0.0,1,0.0297957219087584
2026-09-07 14:41:05.244616,97.6317617866005,0.1927236960289453,1,0.07989936145568435
2026-09-07 14:46:05.244616,97.7151364764268,0.1597987229113687,1,0.09443246276813591
2026-09-07 14:51:05.244616,97.7985111662531,0.003858770492673455,1,0.005078674595960106
2026-09-07 14:56:05.244616,97.8818858560794,0.16995607210328892,1,0.10137064559778655
2026-09-07 15:01:05.244616,97.96526054590572,0.20660006168824657,1,0.08497803605164446
2026-09-07 15:06:05.244616,98.04863523573202,0.0,1,0.0042147635906858855
2026-09-07 15:11:05.244616,98.13200992555832,0.1981705345068748,1,0.09402033495664196
2026-09-07 15:16:05.244616,98.21538461538462,0.18804066991328391,1,0.0826855394374243
2026-09-07 15:21:05.244616,98.29875930521092,0.03279945563202623,1,0.011660822553939076
2026-09-07 15:26:05.244616,98.38213399503722,0.16471902480540576,1,0.007292386582609972
2026-09-07 15:31:05.244616,98.46550868486354,0.04738422879724617,1,0.08235951240270288
2026-09-07 15:36:05.244616,98.54888337468984,0.0,1,0.07115537897392968
2026-09-07 15:41:05.244616,98.63225806451614,0.18969498674510551,1,0.10065606645108634
2026-09-07 15:46:05.244616,98.71563275434244,0.20131213290217267,1,0.09484749337255276
2026-09-07 15:51:05.244616,98.79900744416874,0.0,1,0.0014382679445519436
2026-09-07 15:56:05.244616,98.88238213399505,0.1984355970130688,1,0.01885221667487323
2026-09-07 16:01:05.244616,98.96575682382135,0.03770443334974646,1,0.0992177985065344
2026-09-07 16:06:05.244616,99.04913151364765,0.0,1,0.02866198182735888
2026-09-07 16:11:05.244616,99.13250620347395,0.09502839700446422,1,0.08904279106484317
2026-09-07 16:16:05.244616,99.21588089330025,0.17808558212968634,1,0.04751419850223211
2026-09-07 16:21:05.244616,99.29925558312655,0.0,1,0.04732424009045989
2026-09-07 16:26:05.244616,99.38263027295287,0.08343710194876655,1,0.07008434344791745
2026-09-07 16:31:05.244616,99.46600496277917,0.1401686868958349,1,0.03286954022677505
2026-09-07 16:36:05.244616,99.54937965260547,0.017698021495216446,1,0.07235320748653021
2026-09-07 16:41:05.244616,99.63275434243177,0.2848751018688953,1,0.13093928264457377
2026-09-07 16:46:05.244616,99.71612903225807,0.279576586784364,1,0.13648378753984897
2026-09-07 16:51:05.244616,99.79950372208438,0.011907526789197362,1,0.04979241751129185
2026-09-07 16:56:05.244616,99.88287841191068,0.3791614218069477,1,0.10415153580720629
2026-09-07 17:01:05.244616,99.96625310173698,0.22021059840360996,1,0.14015771961278756
2026-09-07 17:06:05.244616,100.04962779156328,0.09884598258137259,1,0.06661249263228386
2026-09-07 17:11:05.244616,100.13300248138958,0.3534355836681777,1,0.1164354875449458
2026-09-07 17:16:05.244616,100.2163771712159,0.3317169576712642,1,0.10623875038346278
2026-09-07 17:21:05.244616,100.2997518610422,0.1409580829012521,1,0.019374034137937396
2026-09-07 17:26:05.244616,100.3831265508685,0.2929688893953894,1,0.08402131111685887
2026-09-07 17:31:05.244616,100.4665012406948,0.30900070513496986,1,0.10162537459230672
2026-09-07 17:36:05.244616,100.5498759305211,0.08971814021077595,1,0.06685807299683341
2026-09-07 17:41:05.244616,100.6332506203474,0.4427168511286367,1,0.043508356144650026
2026-09-07 17:46:05.244616,100.71662531017371,0.176734852500076,1,0.22135842556431834
2026-09-07 17:51:05.244616,100.80000000000001,0.0,1,0.15801794917809237
2026-09-07 17:56:05.244616,100.88337468982631,0.4927707508562607,0,0.15114067272734544
2026-09-07 18:01:05.244616,100.96674937965261,0.3022813454546909,1,0.1917266604545103
2026-09-07 18:06:05.244616,101.05012406947891,0.10931742994724006,1,0.059254065079384965
2026-09-07 18:11:05.244616,101.13349875930523,0.4207894756134608,1,0.10808813561447149
2026-09-07 18:16:05.244616,101.21687344913153,0.32549370117618304,1,0.10938947922816429
2026-09-07 18:21:05.244616,101.30024813895783,0.20201051715713222,1,0.08679137330742731
2026-09-07 18:26:05.244616,101.38362282878413,0.49907644779103766,0,0.053897416141205925
2026-09-07 18:31:05.244616,101.46699751861043,0.3098053494395441,1,0.14020753490330487
2026-09-07 18:36:05.244616,101.55037220843673,0.21866137798442792,1,0.0658788003564729
2026-09-07 18:41:05.244616,101.63374689826304,0.44156295015248986,1,0.07164213651532617
2026-09-07 18:46:05.244616,101.71712158808934,0.36194565101508025,1,0.10954262820754902
2026-09-07 18:51:05.244616,101.80049627791564,0.22247769373739182,1,0.010665933288708324
2026-09-07 18:56:05.244616,101.88387096774194,0.3832775175924969,1,0.07958233963945956
2026-09-07 19:01:05.244616,101.96724565756824,0.38164237301631093,1,0.08061871046431889
2026-09-07 19:06:05.244616,102.05062034739456,0.22204009666385913,1,0.11425654703929258
2026-09-07 19:11:05.244616,102.13399503722086,0.6101554670948961,0,0.039082386022062196
2026-09-07 19:16:05.244616,102.21736972704716,0.3002048687079835,1,0.14500254993960465
2026-09-07 19:21:05.244616,102.30074441687346,0.3201503672156868,1,0.11583067624756319
2026-09-07 19:26:05.244616,102.38411910669976,0.5318662212031099,0,0.07961674927301265
2026-09-07 19:31:05.244616,102.46749379652606,0.4793838657617121,0,0.11509939963899546
2026-09-07 19:36:05.244616,102.55086848635237,0.301667421925119,1,0.12284154547799608
2026-09-07 19:41:05.244616,102.63424317617867,0.7250669567177043,0,0.04247572954697232
2026-09-07 19:46:05.244616,102.71761786600497,0.3866188810190636,1,0.1950296918627867
2026-09-07 19:51:05.244616,102.80099255583127,0.33500757299213085,1,0.08369619819687574
2026-09-07 19:56:05.244616,102.88436724565757,0.5540112774128151,0,0.016839572114261403
2026-09-07 20:01:05.244616,102.96774193548389,0.36868671722065366,1,0.12924819934342044
2026-09-07 20:06:05.244616,103.05111662531019,0.2955148787259742,1,0.09082882877636952
2026-09-07 20:11:05.244616,103.13449131513649,0.5503443747733927,0,0.16880855012447518
2026-09-07 20:16:05.244616,103.21786600496279,0.6331319789749246,0,0.05077312373496534
2026-09-07 20:21:05.244616,103.30124069478909,0.448798127303462,1,0.09736275493225954
2026-09-07 20:26:05.244616,103.38461538461539,0.4384064691104055,1,0.03577698416183778
2026-09-07 20:31:05.244616,103.4679900744417,0.5203520956271376,0,0.051338600003905444
2026-09-07 20:36:05.244616,103.551364764268,0.3357292691025946,1,0.05743140878192915
2026-09-07 20:41:05.244616,103.6347394540943,0.6352149131909959,0,0.10479550883722882
2026-09-07 20:46:05.244616,103.7181141439206,0.5453202867770522,0,0.1045383848192114
2026-09-07 20:51:05.244616,103.8014888337469,0.42613814355257307,1,0.06349157703516917
2026-09-07 20:56:05.244616,103.88486352357322,0.6723034408473906,0,0.028429183161712862
2026-09-07 21:01:05.244616,103.96823821339952,0.4829965098759988,0,0.07150245509545716
2026-09-07 21:06:05.244616,104.05161290322582,0.5292985306564763,0,0.12869651167882848
2026-09-07 21:11:05.244616,104.13498759305212,0.7403895332336557,0,0.0748080923613948
2026-09-07 21:16:05.244616,104.21836228287842,0.6789147153792658,0,0.10238209483715888
2026-09-07 21:21:05.244616,104.30173697270472,0.535625343559338,0,0.041850853108892305
2026-09-07 21:26:05.244616,104.38511166253103,0.7626164215970505,0,0.051186589712963804
2026-09-07 21:31:05.244616,104.46848635235733,0.6379985229852656,0,0.2147547497189646
2026-09-07 21:36:05.244616,104.55186104218363,0.33310692215912124,1,0.027844152631083807
2026-09-07 21:41:05.244616,104.63523573200993,0.6936868282474332,0,0.17208548637104845
2026-09-07 21:46:05.244616,104.71861042183623,0.6772778949012181,0,0.07194589023109582
2026-09-07 21:51:05.244616,104.80198511166255,0.5497950477852416,0,0.0918214021587962
2026-09-07 21:56:05.244616,104.88535980148885,0.8609206992188105,0,0.07843832346416274
2026-09-07 22:01:05.244616,104.96873449131515,0.7066716947135671,0,0.1645389597543679
2026-09-07 22:06:05.244616,105.05210918114145,0.5318427797100748,0,0.03687700585984477
2026-09-07 22:11:05.244616,105.13548387096775,0.7804257064332566,0,0.0427769563128092
2026-09-07 22:16:05.244616,105.21885856079405,0.6173966923356932,0,0.15199722294390244
2026-09-07 22:21:05.244616,105.30223325062036,0.4764312605454517,0,0.11343568722032871
2026-09-07 22:26:05.244616,105.38560794044666,0.8442680667763506,0,0.09533929983621309
2026-09-07 22:31:05.244616,105.46898263027296,0.6671098602178779,0,0.17590148385427237
2026-09-07 22:36:05.244616,105.55235732009926,0.49246509906780583,0,0.11140877817412825
2026-09-07 22:41:05.244616,105.63573200992556,0.8899274165661344,0,0.03302615436101888
2026-09-07 22:46:05.244616,105.71910669975188,0.5585174077898436,0,0.16045786195391343
2026-09-07 22:51:05.244616,105.80248138957818,0.5690116926583075,0,0.1610565076518619
2026-09-07 22:56:05.244616,105.88585607940448,0.8806304230935674,0,0.10049182482324054
2026-09-07 23:01:05.244616,105.96923076923078,0.7699953423047886,0,0.1731622847593759
2026-09-07 23:06:05.244616,106.05260545905708,0.5343058535748156,0,0.06808821539904092
2026-09-07 23:11:05.244616,106.13598014888338,0.9061717731028704,0,0.12431207069814187
2026-09-07 23:16:05.244616,106.21935483870969,0.7829299949710994,0,0.12437862332695926
2026-09-07 23:21:05.244616,106.30272952853599,0.6574145264489519,0,0.041658367294853615
2026-09-07 23:26:05.244616,106.38610421836229,0.8662467295608066,0,0.05780472698853861
2026-09-07 23:31:05.244616,106.46947890818859,0.7730239804260292,0,0.14734447113659221
2026-09-07 23:36:05.244616,106.55285359801489,0.5715577872876222,0,0.01906195975725561
2026-09-07 23:41:05.244616,106.6362282878412,0.8111478999405404,0,0.0586425493944881
2026-09-07 23:46:05.244616,106.7196029776675,0.6888428860765984,0,0.11735380863241135
2026-09-07 23:51:05.244616,106.8029776674938,0.5764402826757177,0,0.12765295726799003
2026-09-07 23:56:05.244616,106.8863523573201,0.9441488006125784,0,0.008939084839192979
2026-09-08 00:01:05.244616,106.9697270471464,0.5943184523541036,0,0.17961279034873529
2026-09-08 00:06:05.244616,107.0531017369727,0.5849232199151079,0,0.09911283842634772
2026-09-08 00:11:05.244616,107.13647642679902,0.7925441292067991,0,0.0771974525475616
2026-09-08 00:16:05.244616,107.21985111662532,0.7393181250102311,0,0.10513859237508905
2026-09-08 00:21:05.244616,107.30322580645162,0.582266944456621,0,0.011317103084778346
2026-09-08 00:26:05.244616,107.38660049627792,0.7619523311797878,0,0.011919112618022087
2026-09-08 00:31:05.244616,107.46997518610422,0.5584287192205768,0,0.015934680727998973
2026-09-08 00:36:05.244616,107.55334987593054,0.7300829697237898,0,0.1291944897090483
2026-09-08 00:41:05.244616,107.63672456575684,0.8168176986386734,0,0.03410796852055359
2026-09-08 00:46:05.244616,107.72009925558314,0.6618670326826827,0,0.09845614912666506
2026-09-08 00:51:05.244616,107.80347394540944,0.6199054003853433,0,0.16099730954305735
2026-09-08 00:56:05.244616,107.88684863523574,0.9838616517687974,0,0.02320483979265886
2026-09-08 01:01:05.244616,107.97022332506204,0.666315079970661,0,0.22428627002557
2026-09-08 01:06:05.244616,108.05359801488835,0.5352891117176574,0,0.07814886721541442
2026-09-08 01:11:05.244616,108.13697270471465,0.8226128144014898,0,0.14852703623170943
2026-09-08 01:16:05.244616,108.22034739454095,0.8323431841810762,0,0.051918655994910134
2026-09-08 01:21:05.244616,108.30372208436725,0.7187755024116695,0,0.04006733736401191
2026-09-08 01:26:05.244616,108.38709677419355,0.9124778589091,0,0.008271212212662304
2026-09-08 01:31:05.244616,108.47047146401987,0.7353179268369942,0,0.1567869292445872
2026-09-08 01:36:05.244616,108.55384615384617,0.5989040004199256,0,0.06770890158913978
2026-09-08 01:41:05.244616,108.63722084367247,0.8707357300152737,0,0.05171583365754795
2026-09-08 01:46:05.244616,108.72059553349877,0.49547233310482974,0,0.13862019512974166
2026-09-08 01:51:05.244616,108.80397022332507,0.5934953397557904,0,0.18589383752893657
2026-09-08 01:56:05.244616,108.88734491315137,0.8672600081627029,0,0.042332385442871934
2026-09-08 02:01:05.244616,108.97071960297768,0.5088305688700465,0,0.1003941812403717
2026-09-08 02:06:05.244616,109.05409429280398,0.6664716456819595,0,0.08590486948590353
2026-09-08 02:11:05.244616,109.13746898263028,0.6806403078418536,0,0.006470312820027357
2026-09-08 02:16:05.244616,109.22084367245658,0.6535310200419048,0,0.051927000914967936
2026-09-08 02:21:05.244616,109.30421836228288,0.5767863060119177,0,0.09445309257431606
2026-09-08 02:26:05.244616,109.3875930521092,0.8424372051905369,0,0.027904132442573393
2026-09-08 02:31:05.244616,109.4709677419355,0.6325945708970645,0,0.08685625407375847
2026-09-08 02:36:05.244616,109.5543424317618,0.66872469704302,0,0.046549241940572694
2026-09-08 02:41:05.244616,109.6377171215881,0.7256930547782099,0,0.045134051035572775
2026-09-08 02:46:05.244616,109.7210918114144,0.7589927991141655,0,0.07799509742986527
2026-09-08 02:51:05.244616,109.80446650124071,0.5697028599184794,0,0.0780409444404368
2026-09-08 02:56:05.244616,109.88784119106701,0.9150746879950391,0,0.012632659284990688
2026-09-08 03:01:05.244616,109.97121588089331,0.544437541348498,0,0.17610085964011207
2026-09-08 03:06:05.244616,110.05459057071961,0.562872968714815,0,0.14715595999705927
2026-09-08 03:11:05.244616,110.13796526054591,0.8387494613426165,0,0.11972943775363737
2026-09-08 03:16:05.244616,110.22133995037221,0.8023318442220897,0,0.09702134584378408
2026-09-08 03:21:05.244616,110.30471464019853,0.6447067696550484,0,0.057210238576789196
2026-09-08 03:26:05.244616,110.38808933002483,0.9167523213756681,0,0.0238076920985954
2026-09-08 03:31:05.244616,110.47146401985113,0.5970913854578576,0,0.17110746067547694
2026-09-08 03:36:05.244616,110.55483870967743,0.5745374000247142,0,0.05429132393860209
2026-09-08 03:41:05.244616,110.63821339950373,0.7056740333350617,0,0.020521294974159554
2026-09-08 03:46:05.244616,110.72158808933004,0.5334948100763951,0,0.11956196093474275
2026-09-08 03:51:05.244616,110.80496277915634,0.46655011146557623,0,0.06804216677293412
2026-09-08 03:56:05.244616,110.88833746898264,0.6695791436222633,0,0.011370776174115693
2026-09-08 04:01:05.244616,110.97171215880894,0.4892916638138076,0,0.06464539547859655
2026-09-08 04:06:05.244616,111.05508684863524,0.5402883526650702,0,0.14521455969056835
2026-09-08 04:11:05.244616,111.13846153846154,0.7797207831949443,0,0.07287478731720126
2026-09-08 04:16:05.244616,111.22183622828786,0.6860379272994728,0,0.14934412944070075
2026-09-08 04:21:05.244616,111.30521091811416,0.4810325243135428,0,0.05197876867114237
2026-09-08 04:26:05.244616,111.38858560794046,0.7899954646417575,0,0.009618225753748155
2026-09-08 04:31:05.244616,111.47196029776676,0.5002689758210391,0,0.1551618378831371
2026-09-08 04:36:05.244616,111.55533498759306,0.47967178887548334,0,0.11967825501313839
2026-09-08 04:41:05.244616,111.63870967741937,0.7396254858473159,0,0.001980834436822676
2026-09-08 04:46:05.244616,111.72208436724567,0.4836334577491287,0,0.16514667050114967
2026-09-08 04:51:05.244616,111.80545905707197,0.40933214484501657,1,0.12397818959198753
2026-09-08 04:56:05.244616,111.88883374689827,0.7315898369331038,0,0.0720063809137893
2026-09-08 05:01:05.244616,111.97220843672457,0.5533449066725952,0,0.1254099586549729
2026-09-08 05:06:05.244616,112.05558312655087,0.48076991962315796,0,0.02076622394646066
2026-09-08 05:11:05.244616,112.13895781637719,0.5948773545655165,0,0.07636986744763902
2026-09-08 05:16:05.244616,112.22233250620349,0.633509654518436,0,0.1261195035908488
2026-09-08 05:21:05.244616,112.30570719602979,0.3426383473838189,1,0.08504377043673672
2026-09-08 05:26:05.244616,112.38908188585609,0.8035971953919094,0,0.06372400975266698
2026-09-08 05:31:05.244616,112.47245657568239,0.47008636688915284,0,0.2011488302785282
2026-09-08 05:36:05.244616,112.5558312655087,0.40129953483485303,1,0.15130943928775692
2026-09-08 05:41:05.244616,112.639205955335,0.7727052454646667,0,0.026825438197388862
2026-09-08 05:46:05.244616,112.7225806451613,0.3476486584400753,1,0.24795643410469786
2026-09-08 05:51:05.244616,112.8059553349876,0.27679237725527095,1,0.12384496203251905
2026-09-08 05:56:05.244616,112.8893300248139,0.5953385825051134,0,0.10320823334091733
2026-09-08 06:01:05.244616,112.9727047146402,0.4832088439371056,0,0.07144332337704745
2026-09-08 06:06:05.244616,113.05607940446652,0.4524519357510185,0,0.019174183198493733
2026-09-08 06:11:05.244616,113.13945409429282,0.5215572103340931,0,0.029068312096437343
2026-09-08 06:16:05.244616,113.22282878411912,0.3943153115581438,1,0.1392444833452925
2026-09-08 06:21:05.244616,113.30620347394542,0.24306824364350813,1,0.07868684363035366
2026-09-08 06:26:05.244616,113.38957816377172,0.5516889988188511,0,0.05419936445703595
2026-09-08 06:31:05.244616,113.47295285359803,0.35146697255758,1,0.12471428204938076
2026-09-08 06:36:05.244616,113.55632754342433,0.3022604347200896,1,0.08708212361981463
2026-09-08 06:41:05.244616,113.63970223325063,0.5256312197972093,0,0.04888747524953041
2026-09-08 06:46:05.244616,113.72307692307693,0.40003538521915044,1,0.11732087018716175
2026-09-08 06:51:05.244616,113.80645161290323,0.2909894794228858,1,0.06298261550731885
2026-09-08 06:56:05.244616,113.88982630272953,0.5260006162337881,0,0.010390846645118829
2026-09-08 07:01:05.244616,113.97320099255585,0.2702077861326481,1,0.14341399766542928
2026-09-08 07:06:05.244616,114.05657568238215,0.23917262090292954,1,0.20020914561844047
2026-09-08 07:11:05.244616,114.13995037220845,0.6706260773695291,0,0.03811398015046251
2026-09-08 07:16:05.244616,114.22332506203475,0.31540058120385456,1,0.20056333441056484
2026-09-08 07:21:05.244616,114.30669975186105,0.2694994085483994,1,0.008729601300905193
2026-09-08 07:26:05.244616,114.39007444168736,0.29794137860204417,1,0.04105762643402097
2026-09-08 07:31:05.244616,114.47344913151366,0.3516146614164413,1,0.07642116291907916
2026-09-08 07:36:05.244616,114.55682382133996,0.14509905276388585,1,0.0003227066030877801
2026-09-08 07:41:05.244616,114.64019851116626,0.35096924821026576,1,0.1018317133889842
2026-09-08 07:46:05.244616,114.72357320099256,0.34876247954185424,1,0.08184150551213111
2026-09-08 07:51:05.244616,114.80694789081886,0.18728623718600354,1,0.00694620776396887
2026-09-08 07:56:05.244616,114.89032258064518,0.3348700640139165,1,0.029410018952674227
2026-09-08 08:01:05.244616,114.97369727047148,0.12846619928065509,1,0.052518265127652786
2026-09-08 08:06:05.244616,115.05707196029778,0.22983353375861093,1,0.04583988096493008
2026-09-08 08:11:05.244616,115.14044665012408,0.22014596121051525,1,0.06990674520356174
2026-09-08 08:16:05.244616,115.22382133995038,0.09002004335148743,1,0.012055899029071976
2026-09-08 08:21:05.244616,115.30719602977669,0.1960341631523713,1,0.18100474147597076
2026-09-08 08:26:05.244616,115.39057071960299,0.45202952630342896,0,0.022796645587196518
2026-09-08 08:31:05.244616,115.47394540942929,0.15044087197797826,1,0.18060109321736534
2026-09-08 08:36:05.244616,115.55732009925559,0.09082733986869826,1,0.07138829572632381
2026-09-08 08:41:05.244616,115.64069478908189,0.2932174634306259,1,0.04541366993434913
2026-09-08 08:46:05.244616,115.72406947890819,0.0,1,0.14080506042230317
2026-09-08 08:51:05.244616,115.8074441687345,0.011607342586019545,1,0.16718804262892717
2026-09-08 08:56:05.244616,115.8908188585608,0.33437608525785434,1,0.04351973591288016
2026-09-08 09:01:05.244616,115.9741935483871,0.09864681441177986,1,0.11710735818208362
2026-09-08 09:06:05.244616,116.0575682382134,0.1001613688936871,1,0.12591884503239156
2026-09-08 09:11:05.244616,116.1409429280397,0.350484504476563,1,0.030525842796478183
2026-09-08 09:16:05.244616,116.22431761786602,0.03910968330073073,1,0.1249614980772911
2026-09-08 09:21:05.244616,116.30769230769232,0.10056150832198078,1,0.09941367506143373
2026-09-08 09:26:05.244616,116.39106699751862,0.23793703342359818,1,0.05028075416099039
2026-09-08 09:31:05.244616,116.47444168734492,0.0,1,0.11896851671179909
2026-09-08 09:36:05.244616,116.55781637717122,0.0,1,0.08964449306934284
2026-09-08 09:41:05.244616,116.64119106699752,0.17928898613868569,1,0.0
2026-09-08 09:46:05.244616,116.72456575682384,0.0,1,0.08964449306934284
2026-09-08 09:51:05.244616,116.80794044665014,0.0,1,0.144835054044747
2026-09-08 09:56:05.244616,116.89131513647644,0.289670108089494,1,0.0
2026-09-08 10:01:05.244616,116.97468982630274,0.0,1,0.12978676097484915
2026-09-08 10:06:05.244616,117.05806451612904,0.030096586139795697,1,0.04572094925351154
2026-09-08 10:11:05.244616,117.14143920595535,0.09144189850702308,1,0.015048293069897849
2026-09-08 10:16:05.244616,117.22481389578165,0.0,1,0.04987794279881677
2026-09-08 10:21:05.244616,117.30818858560795,0.19119778410465663,1,0.10313288951329576
2026-09-08 10:26:05.244616,117.39156327543425,0.20626577902659152,1,0.08047326904412305
2026-09-08 10:31:05.244616,117.47493796526055,0.03025124601641052,1,0.10313288951329576
2026-09-08 10:36:05.244616,117.55831265508685,0.0,1,0.022004999840931447
2026-09-08 10:41:05.244616,117.64168734491317,0.07426124569827341,1,0.0
2026-09-08 10:46:05.244616,117.72506203473947,0.0,1,0.0196500903264345
2026-09-08 10:51:05.244616,117.80843672456577,0.034961065045404416,1,0.13266035285722916
2026-09-08 10:56:05.244616,117.89181141439207,0.2653207057144583,1,0.017480532522702208
2026-09-08 11:01:05.244616,117.97518610421837,0.0,1,0.13266035285722916
2026-09-08 11:06:05.244616,118.05856079404468,0.0,1,0.050876879904380876
2026-09-08 11:11:05.244616,118.14193548387098,0.10175375980876175,1,0.0
2026-09-08 11:16:05.244616,118.22531017369728,0.0,1,0.044452950639654425
2026-09-08 11:21:05.244616,118.30868486352358,0.012847858529452902,1,0.13930811369219281
2026-09-08 11:26:05.244616,118.39205955334988,0.27861622738438563,1,0.02244605425311884
2026-09-08 11:31:05.244616,118.47543424317618,0.05773996703569058,1,0.13602508839146638
2026-09-08 11:36:05.244616,118.5588089330025,0.0065660506014528774,1,0.03526051726845294
2026-09-08 11:41:05.244616,118.6421836228288,0.12826100157259646,1,0.0032830253007264387
2026-09-08 11:46:05.244616,118.7255583126551,0.0,1,0.06413050078629823
2026-09-08 11:51:05.244616,118.8089330024814,0.0,1,0.13806543739509777
2026-09-08 11:56:05.244616,118.8923076923077,0.27613087479019555,1,0.0
2026-09-08 12:01:05.244616,118.97568238213401,0.0,1,0.13806543739509777
2026-09-08 12:06:05.244616,119.05905707196031,0.0,1,0.12499141262143498
2026-09-08 12:11:05.244616,119.14243176178661,0.24998282524286997,1,0.0
2026-09-08 12:16:05.244616,119.22580645161291,0.0,1,0.12499141262143498
2026-09-08 12:21:05.244616,119.30918114143921,0.0,1,0.06259510542647727
2026-09-08 12:26:05.244616,119.39255583126553,0.12519021085295454,1,0.0
2026-09-08 12:31:05.244616,119.47593052109183,0.0,1,0.06259510542647727
2026-09-08 12:36:05.244616,119.55930521091813,0.0,1,0.09661881389292945
2026-09-08 12:41:05.244616,119.64267990074443,0.1932376277858589,1,0.0
2026-09-08 12:46:05.244616,119.72605459057073,0.0,1,0.05070321129212718
2026-09-08 12:51:05.244616,119.80942928039703,0.09183120520160454,1,0.0854905944614241
2026-09-08 12:56:05.244616,119.89280397022334,0.1709811889228482,1,0.04591560260080227
2026-09-08 13:01:05.244616,119.97617866004964,0.0,1,0.07392783053212339
2026-09-08 13:06:05.244616,120.05955334987594,0.02312552785860142,1,0.08621280543777722
2026-09-08 13:11:05.244616,120.14292803970224,0.17242561087555444,1,0.01156276392930071
2026-09-08 13:16:05.244616,120.22630272952854,0.0,1,0.06570126367406975
2026-09-08 13:21:05.244616,120.30967741935486,0.04102308352741495,1,0.08703033924491037
2026-09-08 13:26:05.244616,120.39305210918116,0.17406067848982074,1,0.020511541763707473
2026-09-08 13:31:05.244616,120.47642679900746,0.0,1,0.08703033924491037
2026-09-08 13:36:05.244616,120.55980148883376,0.0,1,0.07718816791294732
2026-09-08 13:41:05.244616,120.64317617866006,0.15437633582589463,1,0.0
2026-09-08 13:46:05.244616,120.72655086848636,0.0,1,0.05479458297729947
2026-09-08 13:51:05.244616,120.80992555831267,0.04478716987129568,1,0.10494074201591375
2026-09-08 13:56:05.244616,120.89330024813897,0.2098814840318275,1,0.02239358493564784
2026-09-08 14:01:05.244616,120.97667493796527,0.0,1,0.02539676760316667
2026-09-08 14:06:05.244616,121.06004962779157,0.15908794882549415,1,0.09451018897360698
2026-09-08 14:11:05.244616,121.14342431761787,0.18902037794721396,1,0.07954397441274708
2026-09-08 14:16:05.244616,121.22679900744419,0.0,1,0.08272290201413333
2026-09-08 14:21:05.244616,121.31017369727049,0.023574573918947298,1,0.0902267712380713
2026-09-08 14:26:05.244616,121.39354838709679,0.1804535424761426,1,0.011787286959473649
2026-09-08 14:31:05.244616,121.47692307692309,0.0,1,0.04850921340951571
2026-09-08 14:36:05.244616,121.56029776674939,0.08343511565711118,1,0.10435368977663362
2026-09-08 14:41:05.244616,121.64367245657569,0.20870737955326724,1,0.04171755782855559
2026-09-08 14:46:05.244616,121.727047146402,0.0,1,0.04745169350448392
2026-09-08 14:51:05.244616,121.8104218362283,0.11380399254429939,1,0.1277038043997421
2026-09-08 14:56:05.244616,121.8937965260546,0.2554076087994842,1,0.056901996272149695
2026-09-08 15:01:05.244616,121.9771712158809,0.0,1,0.1109233794573082
2026-09-08 15:06:05.244616,122.0605459057072,0.03356084988486783,1,0.19594251390920675
2026-09-08 15:11:05.244616,122.14392059553352,0.3918850278184135,1,0.00047116183595076813
2026-09-08 15:16:05.244616,122.22729528535982,0.03261852621296629,1,0.1442566735272017
2026-09-08 15:21:05.244616,122.31066997518612,0.10337168076401011,1,0.12264403719002762
2026-09-08 15:26:05.244616,122.39404466501242,0.2779066005930215,1,0.051685840382005056
2026-09-08 15:31:05.244616,122.47741935483872,0.0,1,0.07749256779584449
2026-09-08 15:36:05.244616,122.56079404466502,0.12292146500133255,1,0.16749067166123344
2026-09-08 15:41:05.244616,122.64416873449133,0.3349813433224669,1,0.061460732500666276
2026-09-08 15:46:05.244616,122.72754342431763,0.0,1,0.16749067166123344
2026-09-08 15:51:05.244616,122.81091811414393,0.0,1,0.041975802064836434
2026-09-08 15:56:05.244616,122.89429280397023,0.08395160412967287,1,0.03725296900751754
2026-09-08 16:01:05.244616,122.97766749379653,0.07450593801503508,1,0.014009934453997532
2026-09-08 16:06:05.244616,123.06104218362285,0.055931735221677804,1,0.1076237914490023
2026-09-08 16:11:05.244616,123.14441687344915,0.2897535209130397,1,0.027965867610838902
2026-09-08 16:16:05.244616,123.22779156327545,0.0,1,0.13314704846554185
2026-09-08 16:21:05.244616,123.31116625310175,0.02345942398195601,1,0.1595562829084966
2026-09-08 16:26:05.244616,123.39454094292805,0.3191125658169932,1,0.011729711990978005
2026-09-08 16:31:05.244616,123.47791563275435,0.0,1,0.14946034464036073
2026-09-08 16:36:05.244616,123.56129032258066,0.02019187653627176,1,0.14308620020284626
2026-09-08 16:41:05.244616,123.64466501240696,0.28617240040569253,1,0.01009593826813588
2026-09-08 16:46:05.244616,123.72803970223326,0.0,1,0.06182442457598544
2026-09-08 16:51:05.244616,123.81141439205956,0.16252355125372164,1,0.07902569528138553
2026-09-08 16:56:05.244616,123.89478908188586,0.15805139056277107,1,0.06195495212253373
2026-09-08 17:01:05.244616,123.97816377171218,0.03861364700865419,1,0.0044261958354762515
2026-09-08 17:06:05.244616,124.06153846153848,0.14919899889181856,1,0.1435098783640832
2026-09-08 17:11:05.244616,124.14491315136478,0.3256334037368206,1,0.06939041422939214
2026-09-08 17:16:05.244616,124.22828784119108,0.01041817043303428,1,0.08185751460969903
2026-09-08 17:21:05.244616,124.31166253101738,0.16191837451742253,1,0.16780977096276056
2026-09-08 17:26:05.244616,124.39503722084368,0.3460377123585554,1,0.0312469424445294
2026-09-08 17:31:05.244616,124.47841191066999,0.22441225940648132,1,0.10615443197258298
2026-09-08 17:36:05.244616,124.56178660049629,0.13372884841338945,1,0.027983781466505847
2026-09-08 17:41:05.244616,124.64516129032259,0.16844469647346963,1,0.018899787616263097
2026-09-08 17:46:05.244616,124.72853598014889,0.17152842364591564,1,0.11600533501689796
2026-09-08 17:51:05.244616,124.81191066997519,0.40045536650726554,1,0.06295261806586064
2026-09-08 17:56:05.244616,124.8952853598015,0.2974336597776369,1,0.07045344295653666
2026-09-08 18:01:05.244616,124.9786600496278,0.2595484805941922,1,0.007230311726994093
2026-09-08 18:06:05.244616,125.0620347394541,0.3118942832316251,1,0.0171693568056559
2026-09-08 18:11:05.244616,125.1454094292804,0.293887194205504,1,0.08126455735165217
2026-09-08 18:16:05.244616,125.2287841191067,0.14936516852832077,1,0.02542613180892228
2026-09-08 18:21:05.244616,125.312158808933,0.3447394578233486,1,0.17584281859988607
2026-09-08 18:26:05.244616,125.39553349875932,0.5010508057280929,0,0.06495703594942398
2026-09-08 18:31:05.244616,125.47890818858562,0.21482538592450062,1,0.12546511577716726
2026-09-08 18:36:05.244616,125.56228287841192,0.2501205741737584,1,0.09445032638567646
2026-09-08 18:41:05.244616,125.64565756823822,0.40372603869585355,1,0.02624946595773682
2026-09-08 18:46:05.244616,125.72903225806452,0.19762164225828474,1,0.05968324685352072
2026-09-08 18:51:05.244616,125.81240694789084,0.2843595449888121,1,0.12321594925721398
2026-09-08 18:56:05.244616,125.89578163771714,0.4440535407727127,1,0.07693969374498551
2026-09-08 19:01:05.244616,125.97915632754344,0.1304801574988411,1,0.026111810972578475
2026-09-08 19:06:05.244616,126.06253101736974,0.49627716271786965,0,0.21088741172625075
2026-09-08 19:11:05.244616,126.14590570719604,0.5522549809513426,0,0.09807072988871185
2026-09-08 19:16:05.244616,126.22928039702234,0.30013570294044595,1,0.061176785862367494
2026-09-08 19:21:05.244616,126.31265508684865,0.42990140922660763,1,0.13222936015944362
2026-09-08 19:26:05.244616,126.39602977667495,0.5645944232593332,0,0.10795608809280227
2026-09-08 19:31:05.244616,126.47940446650125,0.2139892330410031,1,0.056266894958486274
2026-09-08 19:36:05.244616,126.56277915632755,0.45206063334236063,0,0.10627228153812532
2026-09-08 19:41:05.244616,126.64615384615385,0.4265337961172537,1,0.1871905551079427
2026-09-08 19:46:05.244616,126.72952853598017,0.07767952312647525,1,0.0022828138439111856
2026-09-08 19:51:05.244616,126.81290322580647,0.42196816842943136,1,0.23384753384116483
2026-09-08 19:56:05.244616,126.89627791563277,0.5453745908088049,0,0.01974034281866724
2026-09-08 20:01:05.244616,126.97965260545907,0.3824874827920969,1,0.026252968255865816
2026-09-08 20:06:05.244616,127.06302729528537,0.49286865429707327,0,0.07296211658519919
2026-09-08 20:11:05.244616,127.14640198511167,0.5284117159624953,0,0.030818832017770442
2026-09-08 20:16:05.244616,127.22977667493798,0.4312309902615324,1,0.005145552932002029
2026-09-08 20:21:05.244616,127.31315136476428,0.5181206100984912,0,0.08282519782485656
2026-09-08 20:26:05.244616,127.39652605459058,0.5968813859112455,0,0.04435124272489205
2026-09-08 20:31:05.244616,127.47990074441688,0.4294181246487071,1,0.08538092210282677
2026-09-08 20:36:05.244616,127.56327543424318,0.42611954170559196,1,0.07946760735624875
2026-09-08 20:41:05.244616,127.6466501240695,0.5883533393612046,0,0.00801024083251084
2026-09-08 20:46:05.244616,127.7300248138958,0.44214002337061364,1,0.08862446923525713
2026-09-08 20:51:05.244616,127.8133995037221,0.41110440089069034,1,0.03640182468651648
2026-09-08 20:56:05.244616,127.8967741935484,0.5149436727436466,0,0.051305697159429786
2026-09-08 21:01:05.244616,127.9801488833747,0.5137157952095499,0,0.034583370769563526
2026-09-08 21:06:05.244616,128.063523573201,0.44577693120451956,1,0.047098275452151006
2026-09-08 21:11:05.244616,128.1468982630273,0.6079123461138519,0,0.05284770156510704
2026-09-08 21:16:05.244616,128.2302729528536,0.5514723343347336,0,0.02889539417239173
2026-09-08 21:21:05.244616,128.3136476426799,0.5501215577690685,0,0.01604723329684865
2026-09-08 21:26:05.244616,128.39702233250622,0.5835668009284309,0,0.10184475530950252
2026-09-08 21:31:05.244616,128.4803970223325,0.3464320471500634,1,0.05732930696213401
2026-09-08 21:36:05.244616,128.56377171215883,0.698225414852699,0,0.16772224196048266
2026-09-08 21:41:05.244616,128.6471464019851,0.6818765310710287,0,0.1463409072904654
2026-09-08 21:46:05.244616,128.73052109181143,0.40554360027176817,1,0.031332843464348836
2026-09-08 21:51:05.244616,128.81389578163774,0.6192108441423311,0,0.14527710918313447
2026-09-08 21:56:05.244616,128.89727047146403,0.6960978186380371,0,0.08827319944224243
2026-09-08 22:01:05.244616,128.98064516129034,0.4426644452578462,1,0.03150804977631316
2026-09-08 22:06:05.244616,129.06401985111663,0.7591139181906634,0,0.15729841671618944
2026-09-08 22:11:05.244616,129.14739454094294,0.7572612786902251,0,0.14938736981632275
2026-09-08 22:16:05.244616,129.23076923076925,0.4603391785580179,0,0.0007060210905183717
2026-09-08 22:21:05.244616,129.31414392059554,0.7558492365091883,0,0.08726801482225913
2026-09-08 22:26:05.244616,129.39751861042186,0.6348752082025362,0,0.1557039703208303
2026-09-08 22:31:05.244616,129.48089330024814,0.44444129586752773,1,0.02011545004051113
2026-09-08 22:36:05.244616,129.56426799007446,0.5946443081215139,0,0.15713920683449786
2026-09-08 22:41:05.244616,129.64764267990074,0.7587197095365235,0,0.06061294639893916
2026-09-08 22:46:05.244616,129.73101736972706,0.4734184153236356,0,0.011434775228926941
2026-09-08 22:51:05.244616,129.81439205955337,0.7358501590786696,0,0.15869009773337317
2026-09-08 22:56:05.244616,129.89776674937966,0.7907986107903819,0,0.09422106339803593
2026-09-08 23:01:05.244616,129.98114143920597,0.5474080322825977,0,0.025968521355923035
2026-09-08 23:06:05.244616,130.06451612903226,0.7388615680785359,0,0.144903147725351
2026-09-08 23:11:05.244616,130.14789081885857,0.8372143277332997,0,0.1266938392945321
2026-09-08 23:16:05.244616,130.23126550868488,0.4854738894894717,0,0.05618735907533329
2026-09-08 23:21:05.244616,130.31464019851117,0.7248396095826332,0,0.1957649644890478
2026-09-08 23:26:05.244616,130.39801488833749,0.8770038184675673,0,0.1290621197952242
2026-09-08 23:31:05.244616,130.48138957816377,0.46671536999218477,0,0.10650253062953124
2026-09-08 23:36:05.244616,130.56476426799009,0.6639987572085048,0,0.19049189946446077
2026-09-08 23:41:05.244616,130.6481389578164,0.8476991689211063,0,0.03020577278825448
2026-09-08 23:46:05.244616,130.73151364764269,0.6035872116319958,0,0.07142525005012673
2026-09-08 23:51:05.244616,130.814888337469,0.7048486688208528,0,0.19662859449021786
2026-09-08 23:56:05.244616,130.8982630272953,0.9968444006124315,0,0.051223753371487546
2026-09-09 00:01:05.244616,130.9816377171216,0.6024011620778777,0,0.15989082681485334
2026-09-09 00:06:05.244616,131.06501240694791,0.6770627469827248,0,0.16619936406641056
2026-09-09 00:11:05.244616,131.1483870967742,0.9347998902106989,0,0.051020942209393016
2026-09-09 00:16:05.244616,131.23176178660052,0.5750208625639388,0,0.15405490381398035
2026-09-09 00:21:05.244616,131.3151364764268,0.6266900825827382,0,0.06363263009894327
2026-09-09 00:26:05.244616,131.39851116625312,0.7022861227618253,0,0.07803078360626642
2026-09-09 00:31:05.244616,131.4818858560794,0.47062851537020534,0,0.04306122102011256
2026-09-09 00:36:05.244616,131.56526054590572,0.6161636807216002,0,0.19329840994243663
2026-09-09 00:41:05.244616,131.64863523573203,0.8572253352550786,0,0.0031236456884936037
2026-09-09 00:46:05.244616,131.73200992555832,0.609916389344613,0,0.03532230814206527
2026-09-09 00:51:05.244616,131.81538461538463,0.7865807189709481,0,0.15812747495081175
2026-09-09 00:56:05.244616,131.89875930521092,0.9261713392462365,0,0.10200240269072353
2026-09-09 01:01:05.244616,131.98213399503723,0.582575913589501,0,0.02666681115337244
2026-09-09 01:06:05.244616,132.06550868486354,0.8728377169394916,0,0.10577480500497632
2026-09-09 01:11:05.244616,132.14888337468983,0.7941255235994537,0,0.14600485555187848
2026-09-09 01:16:05.244616,132.23225806451615,0.5808280058357347,0,0.0209378800191673
2026-09-09 01:21:05.244616,132.31563275434243,0.8360012836377883,0,0.1061585595200285
2026-09-09 01:26:05.244616,132.39900744416875,0.7931451248757917,0,0.12099891885474784
2026-09-09 01:31:05.244616,132.48238213399506,0.5940034459282926,0,0.007845945976044988
2026-09-09 01:36:05.244616,132.56575682382135,0.8088370168278817,0,0.10077423719781692
2026-09-09 01:41:05.244616,132.64913151364766,0.7955519203239264,0,0.1477632926280662
2026-09-09 01:46:05.244616,132.73250620347395,0.5133104315717493,0,0.060175286969498865
2026-09-09 01:51:05.244616,132.81588089330026,0.6752013463849287,0,0.17973577562197657
2026-09-09 01:56:05.244616,132.89925558312657,0.8727819828157024,0,0.04549098205565438
2026-09-09 02:01:05.244616,132.98263027295286,0.5842193822736199,0,0.10928901285286446
2026-09-09 02:06:05.244616,133.06600496277918,0.6542039571099735,0,0.07866614899038687
2026-09-09 02:11:05.244616,133.14937965260546,0.7415516802543937,0,0.0874831217093622
2026-09-09 02:16:05.244616,133.23275434243178,0.47923771369124907,0,0.01688240322480239
2026-09-09 02:21:05.244616,133.3161290322581,0.7077868738047889,0,0.10550486037817938
2026-09-09 02:26:05.244616,133.39950372208438,0.6902474344476078,0,0.025115751627620475
2026-09-09 02:31:05.244616,133.4828784119107,0.6575553705495479,0,0.018944851693454334
2026-09-09 02:36:05.244616,133.56625310173698,0.7281371378345165,0,0.028853745399792352
2026-09-09 02:41:05.244616,133.6496277915633,0.7152628613491326,0,0.0814850575279098
2026-09-09 02:46:05.244616,133.73300248138958,0.5651670227786969,0,0.08331111367321037
2026-09-09 02:51:05.244616,133.8163771712159,0.5486406340027119,0,0.09832257999685196
2026-09-09 02:56:05.244616,133.8997518610422,0.7618121827724008,0,0.07607884037880014
2026-09-09 03:01:05.244616,133.9831265508685,0.3964829532451116,1,0.01826410183982402
2026-09-09 03:06:05.244616,134.0665012406948,0.7252839790927528,0,0.10495434816143195
2026-09-09 03:11:05.244616,134.1498759305211,0.6063916495679755,0,0.12356879854772385
2026-09-09 03:16:05.244616,134.2332506203474,0.4781463819973051,0,0.06277758827376517
2026-09-09 03:21:05.244616,134.31662531017372,0.7319468261155059,0,0.09939656094198879
2026-09-09 03:26:05.244616,134.4,0.6769395038812827,0,0.12131763625705277
2026-09-09 03:31:05.244616,134.48337468982632,0.48931155360140033,0,0.0270779100727368
2026-09-09 03:36:05.244616,134.5667493796526,0.6227836837358091,0,0.10992742854840581
2026-09-09 03:41:05.244616,134.65012406947892,0.709166410698212,0,0.08744768972231093
2026-09-09 03:46:05.244616,134.73349875930523,0.4478883042911872,1,0.055531024337181045
2026-09-09 03:51:05.244616,134.81687344913152,0.5981043620238499,0,0.08190399556090644
2026-09-09 03:56:05.244616,134.90024813895783,0.6116962954130001,0,0.05502303983886242
2026-09-09 04:01:05.244616,134.98362282878412,0.488058282346125,0,0.038901504550836075
2026-09-09 04:06:05.244616,135.06699751861044,0.6894993045146722,0,0.07860921298893875
2026-09-09 04:11:05.244616,135.15037220843675,0.6452767083240025,0,0.1268847742310159
2026-09-09 04:16:05.244616,135.23374689826304,0.4357297560526404,1,0.04371953818910701
2026-09-09 04:21:05.244616,135.31712158808935,0.7327157847022165,0,0.06648152857561773
2026-09-09 04:26:05.244616,135.40049627791564,0.5686928132038759,0,0.1501932179729472
2026-09-09 04:31:05.244616,135.48387096774195,0.4323293487563221,1,0.02168433264296732
2026-09-09 04:36:05.244616,135.56724565756824,0.5253241479179412,0,0.14360778499693644
2026-09-09 04:41:05.244616,135.65062034739455,0.719544918750195,0,0.08303690217404203
2026-09-09 04:46:05.244616,135.73399503722086,0.3592503435698572,1,0.02621615353164658
2026-09-09 04:51:05.244616,135.81736972704715,0.6671126116869018,0,0.10337729361799103
2026-09-09 04:56:05.244616,135.90074441687347,0.5660049308058392,0,0.11164620286037177
2026-09-09 05:01:05.244616,135.98411910669975,0.4438202059661583,1,0.04947647338832728
2026-09-09 05:06:05.244616,136.06749379652607,0.6649578775824938,0,0.07099537359025673
2026-09-09 05:11:05.244616,136.15086848635238,0.5858109531466718,0,0.11998652950891922
2026-09-09 05:16:05.244616,136.23424317617867,0.42498481856465536,1,0.06894848070717252
2026-09-09 05:21:05.244616,136.31761786600498,0.7237079145610168,0,0.04446916439561496
2026-09-09 05:26:05.244616,136.40099255583127,0.5139231473558853,0,0.08176678940484894
2026-09-09 05:31:05.244616,136.48436724565758,0.5601743357513189,0,0.017939060299629717
2026-09-09 05:36:05.244616,136.5677419354839,0.5498012679551447,0,0.01736850299639442
2026-09-09 05:41:05.244616,136.65111662531018,0.5254373297585301,0,0.10618395255546603
2026-09-09 05:46:05.244616,136.7344913151365,0.33743336284421266,1,0.028142211795921385
2026-09-09 05:51:05.244616,136.81786600496278,0.4691529061666873,0,0.08986959028831876
2026-09-09 05:56:05.244616,136.9012406947891,0.5171725434208502,0,0.029147702973092743
2026-09-09 06:01:05.244616,136.9846153846154,0.4108575002205018,1,0.05706943123406677
2026-09-09 06:06:05.244616,137.0679900744417,0.6313114058889837,0,0.033764828627234095
2026-09-09 06:11:05.244616,137.151364764268,0.47838715747497,0,0.1470239521790599
2026-09-09 06:16:05.244616,137.2347394540943,0.33726350153086393,1,0.006644070242259187
2026-09-09 06:21:05.244616,137.3181141439206,0.46509901699045164,0,0.0849909835124078
2026-09-09 06:26:05.244616,137.4014888337469,0.5072454685556795,0,0.11986181551129628
2026-09-09 06:31:05.244616,137.4848635235732,0.22537538596785908,1,0.002964965637794137
2026-09-09 06:36:05.244616,137.56823821339952,0.5013155372800913,0,0.07368688821357473
2026-09-09 06:41:05.244616,137.6516129032258,0.37274916239500855,1,0.16347452647844413
2026-09-09 06:46:05.244616,137.73498759305213,0.174366484323203,1,0.001391487349454823
2026-09-09 06:51:05.244616,137.8183622828784,0.3755321370939182,1,0.08620563504748599
2026-09-09 06:56:05.244616,137.90173697270473,0.346777754418175,1,0.06964083800079048
2026-09-09 07:01:05.244616,137.98511166253104,0.23625046109233724,1,0.0944460704843039
2026-09-09 07:06:05.244616,138.06848635235733,0.5356698953867828,0,0.12455370785415686
2026-09-09 07:11:05.244616,138.15186104218364,0.48535787680065096,0,0.14208860844313098
2026-09-09 07:16:05.244616,138.23523573200993,0.2514926785005208,1,0.038606956192379
2026-09-09 07:21:05.244616,138.31861042183624,0.40814396441589296,1,0.06829598214262156
2026-09-09 07:26:05.244616,138.40198511166255,0.38808464278576393,1,0.1681518267746993
2026-09-09 07:31:05.244616,138.48535980148884,0.07184031086649431,1,0.07455577605033348
2026-09-09 07:36:05.244616,138.56873449131515,0.5371961948864309,0,0.11446326693295418
2026-09-09 07:41:05.244616,138.65210918114144,0.30076684473240267,1,0.2251224689813075
2026-09-09 07:46:05.244616,138.73548387096776,0.08695125692381592,1,0.0019998390741911287
2026-09-09 07:51:05.244616,138.81885856079407,0.30476652288078493,1,0.11772126414024077
2026-09-09 07:56:05.244616,138.90223325062036,0.32239378520429746,1,0.10438818055970579
2026-09-09 08:01:05.244616,138.98560794044667,0.09599016176137334,1,0.0076889453787378215
2026-09-09 08:06:05.244616,139.06898263027296,0.3377716759617731,1,0.11238373831559563
2026-09-09 08:11:05.244616,139.15235732009927,0.3207576383925646,1,0.1487347169875377
2026-09-09 08:16:05.244616,139.23573200992556,0.0403022419866977,1,0.011048255126254736
2026-09-09 08:21:05.244616,139.31910669975187,0.29866112814005513,1,0.15044678188551625
2026-09-09 08:26:05.244616,139.40248138957818,0.3411958057577302,1,0.14933056407002757
2026-09-09 08:31:05.244616,139.48585607940447,0.0,1,0.04663807621371954
2026-09-09 08:36:05.244616,139.56923076923078,0.2479196533302911,1,0.11969975089079538
2026-09-09 08:41:05.244616,139.65260545905707,0.23939950178159075,1,0.06976053681142333
2026-09-09 08:46:05.244616,139.73598014888339,0.10839857970744445,1,0.0714078213957757
2026-09-09 08:51:05.244616,139.8193548387097,0.38221514457314215,1,0.10426650297157594
2026-09-09 08:56:05.244616,139.90272952853599,0.3169315856505963,1,0.17071980999250677
2026-09-09 09:01:05.244616,139.9861042183623,0.0407755245881286,1,0.03377293564450312
2026-09-09 09:06:05.244616,140.0694789081886,0.24938571436159007,1,0.08602300194638225
2026-09-09 09:11:05.244616,140.1528535980149,0.2128215284808931,1,0.11072433075653519
2026-09-09 09:16:05.244616,140.23622828784121,0.027937052848519696,1,0.10099597037131333
2026-09-09 09:21:05.244616,140.3196029776675,0.01082958773826645,1,0.04832137576944269
2026-09-09 09:26:05.244616,140.40297766749381,0.12457980438740507,1,0.048792739726697676
2026-09-09 09:31:05.244616,140.4863523573201,0.1084150671916618,1,0.028094302313568284
2026-09-09 09:36:05.244616,140.56972704714642,0.18076840901454164,1,0.05261371175712051
2026-09-09 09:41:05.244616,140.65310173697273,0.21364249070590283,1,0.041353255630411145
2026-09-09 09:46:05.244616,140.73647642679902,0.09806189775371935,1,0.02045120800557211
2026-09-09 09:51:05.244616,140.81985111662533,0.25454490671704705,1,0.0049902414369324966
2026-09-09 09:56:05.244616,140.90322580645162,0.08808141487985435,1,0.12727245335852352
2026-09-09 10:01:05.244616,140.98660049627793,0.0,1,0.10482765080535271
2026-09-09 10:06:05.244616,141.06997518610422,0.29773671649055977,1,0.0391617443246586
2026-09-09 10:11:05.244616,141.15334987593053,0.0783234886493172,1,0.14886835824527989
2026-09-09 10:16:05.244616,141.23672456575684,0.0,1,0.0770359577650026
2026-09-09 10:21:05.244616,141.32009925558313,0.23239540417932242,1,0.0
2026-09-09 10:26:05.244616,141.40347394540944,0.0,1,0.11619770208966121
2026-09-09 10:31:05.244616,141.48684863523573,0.0,1,0.09825536563314236
2026-09-09 10:36:05.244616,141.57022332506205,0.1965107312662847,1,0.07726470040406644
2026-09-09 10:41:05.244616,141.65359801488836,0.15452940080813288,1,0.09825536563314236
2026-09-09 10:46:05.244616,141.73697270471465,0.0,1,3.6271955114602905e-05
2026-09-09 10:51:05.244616,141.82034739454096,0.15445685689790367,1,0.07053097977137604
2026-09-09 10:56:05.244616,141.90372208436725,0.14106195954275208,1,0.07722842844895184
2026-09-09 11:01:05.244616,141.98709677419356,0.0,1,0.003846447681138218
2026-09-09 11:06:05.244616,142.07047146401987,0.13336906418047564,1,0.00825399256567836
2026-09-09 11:11:05.244616,142.15384615384616,0.01650798513135672,1,0.06449563029555733
2026-09-09 11:16:05.244616,142.23722084367247,0.00437780358936099,1,0.07255319935399593
2026-09-09 11:21:05.244616,142.32059553349876,0.16161438383934856,1,0.002188901794680495
2026-09-09 11:26:05.244616,142.40397022332508,0.0,1,0.08080719191967428
2026-09-09 11:31:05.244616,142.4873449131514,0.0,1,0.0386926664342165
2026-09-09 11:36:05.244616,142.57071960297768,0.077385332868433,1,0.04421182848798671
2026-09-09 11:41:05.244616,142.654094292804,0.08842365697597342,1,0.0386926664342165
2026-09-09 11:46:05.244616,142.73746898263028,0.0,1,0.03930626754300704
2026-09-09 11:51:05.244616,142.8208436724566,0.1670361920619875,1,0.01504748961885546
2026-09-09 11:56:05.244616,142.9042183622829,0.03009497923771092,1,0.08351809603099375
2026-09-09 12:01:05.244616,142.9875930521092,0.0,1,0.03751596129118401
2026-09-09 12:06:05.244616,143.0709677419355,0.10512690182007894,1,0.008429513660783983
2026-09-09 12:11:05.244616,143.1543424317618,0.016859027321567965,1,0.05256345091003947
2026-09-09 12:16:05.244616,143.2377171215881,0.0,1,0.10965917268563964
2026-09-09 12:21:05.244616,143.3210918114144,0.23617737269284725,1,0.07584762981258715
2026-09-09 12:26:05.244616,143.4044665012407,0.1516952596251743,1,0.11808868634642362
2026-09-09 12:31:05.244616,143.48784119106702,0.0,1,0.05247358923321134
2026-09-09 12:36:05.244616,143.5712158808933,0.256642438091597,1,0.036151724898662904
2026-09-09 12:41:05.244616,143.65459057071962,0.07230344979732581,1,0.1283212190457985
2026-09-09 12:46:05.244616,143.7379652605459,0.0,1,0.05305823512578828
2026-09-09 12:51:05.244616,143.82133995037222,0.17841992004890236,1,0.0339318194691309
2026-09-09 12:56:05.244616,143.90471464019853,0.0678636389382618,1,0.08920996002445118
2026-09-09 13:01:05.244616,143.98808933002482,0.0,1,0.002314663286730967
2026-09-09 13:06:05.244616,144.07146401985113,0.07249296551172374,1,0.0
2026-09-09 13:11:05.244616,144.15483870967742,0.0,1,0.03624648275586187
2026-09-09 13:16:05.244616,144.23821339950373,0.0,1,0.0
2026-09-09 13:21:05.244616,144.32158808933005,0.0,1,0.07610342455489008
2026-09-09 13:26:05.244616,144.40496277915634,0.15220684910978016,1,0.0
2026-09-09 13:31:05.244616,144.48833746898265,0.0,1,0.044221024172731875
2026-09-09 13:36:05.244616,144.57171215880894,0.06376480076431641,1,0.014516955346644348
2026-09-09 13:41:05.244616,144.65508684863525,0.029033910693288697,1,0.031882400382158206
2026-09-09 13:46:05.244616,144.73846153846156,0.0,1,0.0929658363268295
2026-09-09 13:51:05.244616,144.82183622828785,0.2149655833469477,1,0.0
2026-09-09 13:56:05.244616,144.90521091811416,0.0,1,0.09990912674450426
2026-09-09 14:01:05.244616,144.98858560794045,0.015147329857939179,1,0.057013860788389756
2026-09-09 14:06:05.244616,145.07196029776676,0.11402772157677951,1,0.0075736649289695895
2026-09-09 14:11:05.244616,145.15533498759305,0.0,1,0.057013860788389756
2026-09-09 14:16:05.244616,145.23870967741937,0.0,1,0.05490747911043098
2026-09-09 14:21:05.244616,145.32208436724568,0.10981495822086196,1,0.05084139992195229
2026-09-09 14:26:05.244616,145.40545905707197,0.10168279984390458,1,0.05490747911043098
2026-09-09 14:31:05.244616,145.48883374689828,0.0,1,0.03793142373774948
2026-09-09 14:36:05.244616,145.57220843672457,0.17754564731940353,1,0.027969552854826694
2026-09-09 14:41:05.244616,145.65558312655088,0.05593910570965339,1,0.08877282365970177
2026-09-09 14:46:05.244616,145.7389578163772,0.0,1,0.046944995118832586
2026-09-09 14:51:05.244616,145.82233250620348,0.14982909594731855,1,0.004481030857459527
2026-09-09 14:56:05.244616,145.9057071960298,0.008962061714919055,1,0.07491454797365928
2026-09-09 15:01:05.244616,145.98908188585608,0.0,1,0.07840167217996967
2026-09-09 15:06:05.244616,146.0724565756824,0.1657654060748584,1,0.003350042687931768
2026-09-09 15:11:05.244616,146.1558312655087,0.006700085375863536,1,0.0828827030374292
2026-09-09 15:16:05.244616,146.239205955335,0.0,1,0.08073224090748618
2026-09-09 15:21:05.244616,146.3225806451613,0.1681645671908359,1,0.0
2026-09-09 15:26:05.244616,146.4059553349876,0.0,1,0.08408228359541794
2026-09-09 15:31:05.244616,146.4893300248139,0.0,1,0.12236648917176839
2026-09-09 15:36:05.244616,146.57270471464022,0.24473297834353677,1,0.043766761586022725
2026-09-09 15:41:05.244616,146.6560794044665,0.08753352317204545,1,0.12236648917176839
2026-09-09 15:46:05.244616,146.73945409429282,0.0,1,0.048859283801069596
2026-09-09 15:51:05.244616,146.8228287841191,0.18525209077418464,1,0.0
2026-09-09 15:56:05.244616,146.90620347394542,0.0,1,0.09262604538709232
2026-09-09 16:01:05.244616,146.9895781637717,0.0,1,0.11049182221495407
2026-09-09 16:06:05.244616,147.07295285359803,0.22098364442990814,1,0.07104717325425634
2026-09-09 16:11:05.244616,147.15632754342434,0.1420943465085127,1,0.0994237427845763
2026-09-09 16:16:05.244616,147.23970223325063,0.022136158860755532,1,0.05202355430156935
2026-09-09 16:21:05.244616,147.32307692307694,0.2461414551116514,1,0.030930374905587647
2026-09-09 16:26:05.244616,147.40645161290323,0.08399690867193083,1,0.07747246075824507
2026-09-09 16:31:05.244616,147.48982630272954,0.09119653359516125,1,0.11054229366125573
2026-09-09 16:36:05.244616,147.57320099255585,0.3050814959944423,1,0.043038666086279195
2026-09-09 16:41:05.244616,147.65657568238214,0.005119201422602859,1,0.15254074799722114
2026-09-09 16:46:05.244616,147.73995037220845,0.0,1,0.21940005751966135
2026-09-09 16:51:05.244616,147.82332506203474,0.44391931646192556,1,0.09021348624013328
2026-09-09 16:56:05.244616,147.90669975186105,0.18042697248026657,1,0.12296275388776769
2026-09-09 17:01:05.244616,147.99007444168737,0.1979938086863902,1,0.12648832536668544
2026-09-09 17:06:05.244616,148.07344913151366,0.43340362321363746,1,0.004871586358387137
2026-09-09 17:11:05.244616,148.15682382133997,0.20773698140316446,1,0.20960620741843272
2026-09-09 17:16:05.244616,148.24019851116626,0.014191208376772027,1,0.06557621213909585
2026-09-09 17:21:05.244616,148.32357320099257,0.33888940568135617,1,0.00659337864683409
2026-09-09 17:26:05.244616,148.40694789081888,0.027377965670440207,1,0.1447285709856477
2026-09-09 17:31:05.244616,148.49032258064517,0.04943226371006075,1,0.1248388174929686
2026-09-09 17:36:05.244616,148.57369727047148,0.2770556006563774,1,0.07009592386839003
2026-09-09 17:41:05.244616,148.65707196029777,0.18962411144684083,1,0.1385278003281887
2026-09-09 17:46:05.244616,148.74044665012408,0.0,1,0.08863928408437813
2026-09-09 17:51:05.244616,148.82382133995037,0.3669026796155971,1,0.0991147792277907
2026-09-09 17:56:05.244616,148.90719602977669,0.1982295584555814,1,0.05528199184742663
2026-09-09 18:01:05.244616,148.990570719603,0.2563386959207438,1,0.10564246133521109
2026-09-09 18:06:05.244616,149.07394540942929,0.4095144811260036,1,0.024190967241933564
2026-09-09 18:11:05.244616,149.1573200992556,0.2079567614368767,1,0.19194757118878222
2026-09-09 18:16:05.244616,149.24069478908189,0.025619338748439136,1,0.17476191161829713
2026-09-09 18:21:05.244616,149.3240694789082,0.557480584673471,0,0.1157997281039089
2026-09-09 18:26:05.244616,149.40744416873451,0.25721879495625694,1,0.14794180636666382
2026-09-09 18:31:05.244616,149.4908188585608,0.2615969719401433,1,0.06000998938975699
2026-09-09 18:36:05.244616,149.57419354838711,0.3772387737357709,1,0.0026048570246956504
2026-09-09 18:41:05.244616,149.6575682382134,0.2668066859895346,1,0.08121103048486854
2026-09-09 18:46:05.244616,149.74094292803971,0.21481671276603384,1,0.1660635559501893
2026-09-09 18:51:05.244616,149.82431761786603,0.5989337978899132,0,0.05723294174614334
2026-09-09 18:56:05.244616,149.90769230769232,0.3292825962583205,1,0.23319537467096563
2026-09-09 19:01:05.244616,149.99106699751863,0.13254304854798196,1,0.03930979855311684
2026-09-09 19:06:05.244616,150.07444168734492,0.4079021933645542,1,0.09852133197931738
2026-09-09 19:11:05.244616,150.15781637717123,0.3295857125066167,1,0.08287446394170997
2026-09-09 19:16:05.244616,150.24119106699754,0.24215326548113425,1,0.09912433979040797
2026-09-09 19:21:05.244616,150.32456575682383,0.5278343920874327,0,0.10249265498024429
2026-09-09 19:26:05.244616,150.40794044665014,0.44713857544162283,1,0.09976711665933963
2026-09-09 19:31:05.244616,150.49131513647643,0.3283001587687534,1,0.13784995271575506
2026-09-09 19:36:05.244616,150.57468982630274,0.722838480873133,0,0.04493863773737547
2026-09-09 19:41:05.244616,150.65806451612903,0.41817743424350434,1,0.18570660131762404
2026-09-09 19:46:05.244616,150.74143920595534,0.3514252782378849,1,0.1311493331142586
2026-09-09 19:51:05.244616,150.82481389578166,0.6804761004720216,0,0.009818888381041252
2026-09-09 19:56:05.244616,150.90818858560795,0.3710630549999674,1,0.10195473230642804
2026-09-09 20:01:05.244616,150.99156327543426,0.4765666358591655,0,0.18404234672375447
2026-09-09 20:06:05.244616,151.07493796526055,0.7391477484474763,0,0.006468379188057455
2026-09-09 20:11:05.244616,151.15831265508686,0.4895033942352804,0,0.22390020995165427
2026-09-09 20:16:05.244616,151.24168734491317,0.2913473285441678,1,0.045128652021483834
2026-09-09 20:21:05.244616,151.32506203473946,0.579760698278248,0,0.14012735722072178
2026-09-09 20:26:05.244616,151.40843672456577,0.5716020429856113,0,0.07938326705694362
2026-09-09 20:31:05.244616,151.49181141439206,0.4209941641643608,1,0.015988379125874752
2026-09-09 20:36:05.244616,151.57518610421837,0.6035788012373609,0,0.03157251902554503
2026-09-09 20:41:05.244616,151.6585607940447,0.48413920221545087,0,0.15098659316414287
2026-09-09 20:46:05.244616,151.74193548387098,0.3016056149090751,1,0.08030624495092056
2026-09-09 20:51:05.244616,151.8253101736973,0.644751692117292,0,0.16166523983677966
2026-09-09 20:56:05.244616,151.90868486352358,0.6249360945826344,0,0.17516035194923377
2026-09-09 21:01:05.244616,151.9920595533499,0.29443098821882446,1,0.07294032806011713
2026-09-09 21:06:05.244616,152.0754342431762,0.7708167507028687,0,0.1621598387815835
2026-09-09 21:11:05.244616,152.1588089330025,0.6187506657819914,0,0.15885225643745496
2026-09-09 21:16:05.244616,152.2421836228288,0.4531122378279588,0,0.12372531706569095
2026-09-09 21:21:05.244616,152.3255583126551,0.8662012999133734,0,0.02909011678867704
2026-09-09 21:26:05.244616,152.4089330024814,0.5112924714053129,0,0.24822639539984986
2026-09-09 21:31:05.244616,152.49230769230772,0.36974850911367363,1,0.13442216771625431
2026-09-09 21:36:05.244616,152.575682382134,0.7801368068378215,0,0.10544142565135545
2026-09-09 21:41:05.244616,152.65905707196032,0.5806313604163845,0,0.13219343314117038
2026-09-09 21:46:05.244616,152.7424317617866,0.5157499405554807,0,0.09840419466456601
2026-09-09 21:51:05.244616,152.82580645161292,0.7774397497455166,0,0.08801875980771257
2026-09-09 21:56:05.244616,152.9091811414392,0.6917874601709059,0,0.07961225751811185
2026-09-09 22:01:05.244616,152.99255583126552,0.6182152347092928,0,0.06928622495942666
2026-09-09 22:06:05.244616,153.07593052109183,0.8303599100897592,0,0.007837067899326922
2026-09-09 22:11:05.244616,153.15930521091812,0.602541098910639,0,0.09252456356807853
2026-09-09 22:16:05.244616,153.24267990074443,0.6453107829536021,0,0.11981101120797744
2026-09-09 22:21:05.244616,153.32605459057072,0.8421631213265939,0,0.015771523403315946
2026-09-09 22:26:05.244616,153.40942928039703,0.6137677361469702,0,0.07225126918314434
2026-09-09 22:31:05.244616,153.49280397022335,0.6976605829603052,0,0.147623419500503
2026-09-09 22:36:05.244616,153.57617866004964,0.9090145751479762,0,0.008384697090150606
2026-09-09 22:41:05.244616,153.65955334987595,0.680891188780004,0,0.17056294218779422
2026-09-09 22:46:05.244616,153.74292803970224,0.5678886907723878,0,0.14965976745655635
2026-09-09 22:51:05.244616,153.82630272952855,0.9802107236931167,0,0.10511573409723995
2026-09-09 22:56:05.244616,153.90967741935486,0.7781201589668677,0,0.2499131240419683
2026-09-09 23:01:05.244616,153.99305210918115,0.4803844756091801,0,0.039279824678082165
2026-09-09 23:06:05.244616,154.07642679900746,0.856679808323032,0,0.1223200876992786
2026-09-09 23:11:05.244616,154.15980148883375,0.7250246510077373,0,0.10340188812643542
2026-09-09 23:16:05.244616,154.24317617866006,0.6498760320701612,0,0.045085452864953524
2026-09-09 23:21:05.244616,154.32655086848638,0.8151955567376443,0,0.008021835401433364
2026-09-09 23:26:05.244616,154.40992555831266,0.6659197028730279,0,0.17267425564834737
2026-09-09 23:31:05.244616,154.49330024813898,0.4698470454409496,0,0.07177246850741892
2026-09-09 23:36:05.244616,154.57667493796527,0.8094646398878658,0,0.1196960047531564
2026-09-09 23:41:05.244616,154.66004962779158,0.7092390549472624,0,0.03487686512540544
2026-09-09 23:46:05.244616,154.74342431761787,0.7397109096370549,0,0.0478629873631129
2026-09-09 23:51:05.244616,154.82679900744418,0.8049650296734882,0,0.020519291155398023
2026-09-09 23:56:05.244616,154.9101736972705,0.6986723273262588,0,0.0642711493344238
2026-09-10 00:01:05.244616,154.99354838709678,0.6764227310046406,0,0.10285122763314514
2026-09-10 00:06:05.244616,155.0769230769231,0.9043747825925491,0,0.00654583890198468
2026-09-10 00:11:05.244616,155.16029776674938,0.6895144088086099,0,0.08474671268765438
2026-09-10 00:16:05.244616,155.2436724565757,0.7348813572172403,0,0.15524279559569504
2026-09-10 00:21:05.244616,155.327047146402,1.0,0,0.032866186440709266
2026-09-10 00:26:05.244616,155.4104218362283,0.6691489843358218,0,0.2335980865223803
2026-09-10 00:31:05.244616,155.4937965260546,0.5328038269552394,0,0.14050844441264715
2026-09-10 00:36:05.244616,155.5771712158809,0.9501658731611161,0,0.08044191922053562
2026-09-10 00:41:05.244616,155.6605459057072,0.6936876653963107,0,0.12844568810278523
2026-09-10 00:46:05.244616,155.74392059553352,0.6932744969555457,0,0.09277369147456394
2026-09-10 00:51:05.244616,155.8272952853598,0.8792350483454385,0,0.06309596227161723
2026-09-10 00:56:05.244616,155.91066997518612,0.8194664214987801,0,0.007104885748385303
2026-09-10 01:01:05.244616,155.9940446650124,0.8650252768486679,0,0.07355774345346161
2026-09-10 01:06:05.244616,156.07741935483872,0.9665819084057033,0,0.01777404419543671
2026-09-10 01:11:05.244616,156.16079404466504,0.8294771884577945,0,0.12982313001266477
2026-09-10 01:16:05.244616,156.24416873449132,0.7069356483803738,0,0.0019434481551793836
2026-09-10 01:21:05.244616,156.32754342431764,0.8255902921474357,0,0.022119666333122012
2026-09-10 01:26:05.244616,156.41091811414393,0.7511749810466178,0,0.10206517058482839
2026-09-10 01:31:05.244616,156.49429280397024,0.621459950977779,0,0.12441250947669108
2026-09-10 01:36:05.244616,156.57766749379653,1.0,0,0.056767669557401035
2026-09-10 01:41:05.244616,156.66104218362284,0.734995290092581,0,0.1966107094127688
2026-09-10 01:46:05.244616,156.74441687344915,0.6067785811744624,0,0.11932384756604186
2026-09-10 01:51:05.244616,156.82779156327544,0.9736429852246647,0,0.057106245160977676
2026-09-10 01:56:05.244616,156.91116625310175,0.7209910714964177,0,0.1501134850223862
2026-09-10 02:01:05.244616,156.99454094292804,0.6734160151798924,0,0.06902112235112834
2026-09-10 02:06:05.244616,157.07791563275435,0.8590333161986744,0,2.375663987058685e-05
2026-09-10 02:11:05.244616,157.16129032258067,0.6734635284596335,0,0.0654261576775414
2026-09-10 02:16:05.244616,157.24466501240695,0.7281810008435916,0,0.06798929096419881
2026-09-10 02:21:05.244616,157.32803970223327,0.8094421103880312,0,0.03429484289995882
2026-09-10 02:26:05.244616,157.41141439205956,0.659591315043674,0,0.011161051365657482
2026-09-10 02:31:05.244616,157.49478908188587,0.7871200076567162,0,0.11602541547280171
2026-09-10 02:36:05.244616,157.57816377171218,0.8916421459892774,0,0.04535994329939963
2026-09-10 02:41:05.244616,157.66153846153847,0.6964001210579169,0,0.08957860337689938
2026-09-10 02:46:05.244616,157.74491315136478,0.7124849392354786,0,0.11944982991019454
2026-09-10 02:51:05.244616,157.82828784119107,0.935299780878306,0,0.06438226691248894
2026-09-10 02:56:05.244616,157.91166253101738,0.5837204054105007,0,0.04399327862462593
2026-09-10 03:01:05.244616,157.9950372208437,0.8473132236290541,0,0.1409923768038298
2026-09-10 03:06:05.244616,158.07841191066998,0.8657051590181604,0,0.07725633716824648
2026-09-10 03:11:05.244616,158.1617866004963,0.6928005492925612,0,0.08542166079428315
2026-09-10 03:16:05.244616,158.24516129032259,0.6948618374295941,0,0.04858101798416242
2026-09-10 03:21:05.244616,158.3285359801489,0.789962585260886,0,0.009651126452605574
2026-09-10 03:26:05.244616,158.41191066997519,0.7141640903348052,0,0.010799808262911048
2026-09-10 03:31:05.244616,158.4952853598015,0.7683629687350639,0,0.0004548493033879608
2026-09-10 03:36:05.244616,158.5786600496278,0.7132543917280293,0,0.07230328818473575
2026-09-10 03:41:05.244616,158.6620347394541,0.6237563923655924,0,0.0397162358536442
2026-09-10 03:46:05.244616,158.74540942928041,0.6338219200207409,0,0.06251074171858972
2026-09-10 03:51:05.244616,158.8287841191067,0.7487778758027719,0,0.02858904527657624
2026-09-10 03:56:05.244616,158.91215880893301,0.5766438294675884,0,0.1135458139829823
2026-09-10 04:01:05.244616,158.99553349875933,0.5216862478368073,0,0.03308502311240957
2026-09-10 04:06:05.244616,159.07890818858561,0.6428138756924076,0,0.06392196448973975
2026-09-10 04:11:05.244616,159.16228287841193,0.6495301768162868,0,0.02007928884589466
2026-09-10 04:16:05.244616,159.24565756823822,0.6829724533841969,0,0.06599770829479806
2026-09-10 04:21:05.244616,159.32903225806453,0.7815255934058829,0,0.03995174384014838
2026-09-10 04:26:05.244616,159.41240694789084,0.6030689657039001,0,0.08033366937696163
2026-09-10 04:31:05.244616,159.49578163771713,0.6208582546519597,0,0.11220941696565212
2026-09-10 04:36:05.244616,159.57915632754344,0.8274877996352044,0,0.06930591790931959
2026-09-10 04:41:05.244616,159.66253101736973,0.4822464188333205,0,0.19881131332940372
2026-09-10 04:46:05.244616,159.74590570719604,0.4298651729763969,1,0.05544487202839296
2026-09-10 04:51:05.244616,159.82928039702236,0.5931361628901064,0,0.08208284220255307
2026-09-10 04:56:05.244616,159.91265508684864,0.5940308573815031,0,0.003197180877296868
2026-09-10 05:01:05.244616,159.99602977667496,0.5867418011355127,0,0.004136337434021475
2026-09-10 05:06:05.244616,160.07940446650124,0.602303532249546,0,0.010223372857524615
2026-09-10 05:11:05.244616,160.16277915632756,0.6071885468505619,0,0.07212377162302164
2026-09-10 05:16:05.244616,160.24615384615385,0.45805598900350275,0,0.09521027745255989
2026-09-10 05:21:05.244616,160.32952853598016,0.7976091017556817,0,0.0010294422902080436
2026-09-10 05:26:05.244616,160.41290322580647,0.45599710442308666,0,0.19770661331154288
2026-09-10 05:31:05.244616,160.49627791563276,0.4021958751325959,1,0.14626371393588358
2026-09-10 05:36:05.244616,160.57965260545907,0.7485245322948538,0,0.0056918683120898705
2026-09-10 05:41:05.244616,160.66302729528536,0.41357961175677566,1,0.14352694482967046
2026-09-10 05:46:05.244616,160.74640198511167,0.4614706426355129,0,0.1382168417603926
2026-09-10 05:51:05.244616,160.829776674938,0.6900132952775608,0,0.07667398587455754
2026-09-10 05:56:05.244616,160.91315136476427,0.30812267088639783,1,0.06661806841500678
2026-09-10 06:01:05.244616,160.9965260545906,0.5567771584475473,0,0.15908615659666617
2026-09-10 06:06:05.244616,161.07990074441688,0.6262949840797302,0,0.04846575591257135
2026-09-10 06:11:05.244616,161.1632754342432,0.45984564662240457,0,0.06681445911602812
2026-09-10 06:16:05.244616,161.2466501240695,0.4926660658476739,0,0.1034895768168882
2026-09-10 06:21:05.244616,161.3300248138958,0.666824800256181,0,0.05828151417338728
2026-09-10 06:26:05.244616,161.4133995037221,0.37610303750089935,1,0.06662870973464796
2026-09-10 06:31:05.244616,161.4967741935484,0.533567380786885,0,0.14448743127344588
2026-09-10 06:36:05.244616,161.5801488833747,0.6650779000477911,0,0.10325998466150768
2026-09-10 06:41:05.244616,161.66352357320102,0.3270474114638697,1,0.09226231799000084
2026-09-10 06:46:05.244616,161.7468982630273,0.4805532640677894,0,0.19497123922765205
2026-09-10 06:51:05.244616,161.83027295285362,0.7169898899191738,0,0.093147319932145
2026-09-10 06:56:05.244616,161.9136476426799,0.2942586242034994,1,0.16573998812271076
2026-09-10 07:01:05.244616,161.99702233250622,0.38550991367375226,1,0.15423114928987078
2026-09-10 07:06:05.244616,162.08039702233253,0.602720922783241,0,0.07185572337083798
2026-09-10 07:11:05.244616,162.16377171215882,0.2417984669320763,1,0.14615365816912962
2026-09-10 07:16:05.244616,162.24714640198513,0.3104136064449817,1,0.16778496198813536
2026-09-10 07:21:05.244616,162.33052109181142,0.577368390908347,0,0.008834106083190824
2026-09-10 07:26:05.244616,162.41389578163773,0.2927453942786001,1,0.21181805444166663
2026-09-10 07:31:05.244616,162.49727047146402,0.15373228202501377,1,0.14271024575448385
2026-09-10 07:36:05.244616,162.58064516129033,0.5781658857875678,0,0.02989480944033776
2026-09-10 07:41:05.244616,162.66401985111665,0.2135219009056893,1,0.19647263394464196
2026-09-10 07:46:05.244616,162.74739454094293,0.18522061789828387,1,0.11838511870331536
2026-09-10 07:51:05.244616,162.83076923076925,0.45029213831232,0,0.01715200819408938
2026-09-10 07:56:05.244616,162.91414392059554,0.21952463428646263,1,0.19378284578556065
2026-09-10 08:01:05.244616,162.99751861042185,0.06272644674119868,1,0.08008681037212739
2026-09-10 08:06:05.244616,163.08089330024816,0.3796982550307174,1,0.07483315601353208
2026-09-10 08:11:05.244616,163.16426799007445,0.21239275876826283,1,0.06529957279636849
2026-09-10 08:16:05.244616,163.24764267990076,0.24909910943798044,1,0.12908534784867226
2026-09-10 08:21:05.244616,163.33101736972705,0.4705634544656074,0,0.033324698680606
2026-09-10 08:26:05.244616,163.41439205955336,0.18244971207676844,1,0.06038378070149972
2026-09-10 08:31:05.244616,163.49776674937968,0.34979589306260794,1,0.10569458290486679
2026-09-10 08:36:05.244616,163.58114143920596,0.393838877886502,1,0.15284383165449783
2026-09-10 08:41:05.244616,163.66451612903228,0.04410822975361228,1,0.14166940788979485
2026-09-10 08:46:05.244616,163.74789081885856,0.11050006210691232,1,0.2353531070801511
2026-09-10 08:51:05.244616,163.83126550868488,0.5148144439139145,0,0.03179162415484254
2026-09-10 08:56:05.244616,163.9146401985112,0.046916813797227244,1,0.18712235517010464
2026-09-10 09:01:05.244616,163.99801488833748,0.14056973357370522,1,0.08951694694522247
2026-09-10 09:06:05.244616,164.0813895781638,0.2259507076876722,1,0.07028486678685261
2026-09-10 09:11:05.244616,164.16476426799008,0.0,1,0.002676087829739812
2026-09-10 09:16:05.244616,164.2481389578164,0.22059853202819257,1,0.1158183056116329
2026-09-10 09:21:05.244616,164.33151364764268,0.2316366112232658,1,0.10684828445846584
2026-09-10 09:26:05.244616,164.414888337469,0.006901963111260893,1,0.053083113006201596
2026-09-10 09:31:05.244616,164.4982630272953,0.1254703852108626,1,0.2387391772078148
2026-09-10 09:36:05.244616,164.5816377171216,0.4843803175268905,0,0.0627351926054313
2026-09-10 09:41:05.244616,164.6650124069479,0.0,1,0.17099024281819833
2026-09-10 09:46:05.244616,164.7483870967742,0.14239983189049382,1,0.136030568269092
2026-09-10 09:51:05.244616,164.8317617866005,0.272061136538184,1,0.07119991594524691
2026-09-10 09:56:05.244616,164.91513647642682,0.0,1,0.02983555109182677
2026-09-10 10:01:05.244616,164.9985111662531,0.21239003435453044,1,0.13337953087358065
2026-09-10 10:06:05.244616,165.08188585607942,0.2667590617471613,1,0.06847413189859178
2026-09-10 10:11:05.244616,165.1652605459057,0.07544177055734688,1,0.033771431497621046
2026-09-10 10:16:05.244616,165.24863523573202,0.1992161987519192,1,0.04372895627959118
2026-09-10 10:21:05.244616,165.33200992555834,0.16289968311652925,1,0.0996080993759596
2026-09-10 10:26:05.244616,165.41538461538462,0.0,1,0.08144984155826462
2026-09-10 10:31:05.244616,165.49875930521094,0.0,1,0.13367245296332275
2026-09-10 10:36:05.244616,165.58213399503722,0.2673449059266455,1,0.0
2026-09-10 10:41:05.244616,165.66550868486354,0.0,1,0.1310837323472419
2026-09-10 10:46:05.244616,165.74888337468985,0.005177441232161711,1,0.08976062691966094
2026-09-10 10:51:05.244616,165.83225806451614,0.17952125383932188,1,0.0025887206160808557
2026-09-10 10:56:05.244616,165.91563275434245,0.0,1,0.08976062691966094
2026-09-10 11:01:05.244616,165.99900744416874,0.0,1,0.0
2026-09-10 11:06:05.244616,166.08238213399505,0.0,1,0.0
2026-09-10 11:11:05.244616,166.16575682382134,0.0,1,0.0
2026-09-10 11:16:05.244616,166.24913151364765,0.0,1,0.017304840719573736
2026-09-10 11:21:05.244616,166.33250620347397,0.03460968143914747,1,0.0
2026-09-10 11:26:05.244616,166.41588089330025,0.0,1,0.06019118237949585
2026-09-10 11:31:05.244616,166.49925558312657,0.15499204619813917,1,0.09677600450841592
2026-09-10 11:36:05.244616,166.58263027295285,0.19355200901683184,1,0.07749602309906958
2026-09-10 11:41:05.244616,166.66600496277917,0.0,1,0.033879239024680485
2026-09-10 11:46:05.244616,166.74937965260548,0.12579353096747087,1,0.0
2026-09-10 11:51:05.244616,166.83275434243177,0.0,1,0.06289676548373543
2026-09-10 11:56:05.244616,166.91612903225808,0.0,1,0.004638078534739886
2026-09-10 12:01:05.244616,166.99950372208437,0.009276157069479773,1,0.027876676881435324
2026-09-10 12:06:05.244616,167.08287841191068,0.05575335376287065,1,0.004638078534739886
2026-09-10 12:11:05.244616,167.166253101737,0.0,1,0.013837790112769081
2026-09-10 12:16:05.244616,167.24962779156328,0.08342893398840881,1,0.170455044745834
2026-09-10 12:21:05.244616,167.3330024813896,0.340910089491668,1,0.041714466994204405
2026-09-10 12:26:05.244616,167.41637717121588,0.0,1,0.15935049753630118
2026-09-10 12:31:05.244616,167.4997518610422,0.022209094419065635,1,0.12507414933610067
2026-09-10 12:36:05.244616,167.5831265508685,0.25014829867220134,1,0.003527600977561985
2026-09-10 12:41:05.244616,167.6665012406948,0.015153892463941665,1,0.12507414933610067
2026-09-10 12:46:05.244616,167.7498759305211,0.0,1,0.04823365702394668
2026-09-10 12:51:05.244616,167.8332506203474,0.11162120651183502,1,0.0
2026-09-10 12:56:05.244616,167.9166253101737,0.0,1,0.054596897051460445
2026-09-10 13:01:05.244616,168.0,0.0024274124089141264,1,0.0024274124089141264
