timestamp,individual_taxon_canonical_name,activity_index,ground_speed_ms
2026-09-01 00:00:00,Canis lupus,0.0607315217244378,0.7591440215554724
2026-09-01 00:05:00,Canis lupus,0.034263812295697554,0.4282976536962194
2026-09-01 00:10:00,Canis lupus,0.1701049610844529,2.126312013555661
2026-09-01 00:15:00,Canis lupus,0.0793884717580857,0.9923558969760712
2026-09-01 00:20:00,Canis lupus,0.12089894271670104,1.511236783958763
2026-09-01 00:25:00,Canis lupus,0.2015257670439513,2.5190720880493913
2026-09-01 00:30:00,Canis lupus,0.16881044225026487,2.1101305281283107
2026-09-01 00:35:00,Canis lupus,0.21423393041354408,2.677924130169301
2026-09-01 00:40:00,Canis lupus,0.14532717808666934,1.8165897260833668
2026-09-01 00:45:00,Canis lupus,0.1693136234939051,2.116420293673814
2026-09-01 00:50:00,Canis lupus,0.13315750616229094,1.6644688270286367
2026-09-01 00:55:00,Canis lupus,0.18487147812356305,2.310893476544538
2026-09-01 01:00:00,Canis lupus,0.16125319696817422,2.0156649621021776
2026-09-01 01:05:00,Canis lupus,0.22572982487720814,2.821622810965102
2026-09-01 01:10:00,Canis lupus,0.1676880888241951,2.0961011103024387
2026-09-01 01:15:00,Canis lupus,0.24163450320796098,3.0204312900995123
2026-09-01 01:20:00,Canis lupus,0.16621968836227496,2.077746104528437
2026-09-01 01:25:00,Canis lupus,0.16745857191661512,2.093232148957689
2026-09-01 01:30:00,Canis lupus,0.1368329630813817,1.7104120385172714
2026-09-01 01:35:00,Canis lupus,0.18478940238332248,2.3098675297915308
2026-09-01 01:40:00,Canis lupus,0.03116846738407042,0.38960584230088025
2026-09-01 01:45:00,Canis lupus,0.19415960130460272,2.426995016307534
2026-09-01 01:50:00,Canis lupus,0.20327429812674863,2.540928726584358
2026-09-01 01:55:00,Canis lupus,0.20499642201801105,2.562455275225138
2026-09-01 02:00:00,Canis lupus,0.2769541576506267,3.4619269706328337
2026-09-01 02:05:00,Canis lupus,0.3392548673266359,4.240685841582949
2026-09-01 02:10:00,Canis lupus,0.3779051965060135,4.723814956325169
2026-09-01 02:15:00,Canis lupus,0.20100653113572597,2.5125816391965747
2026-09-01 02:20:00,Canis lupus,0.361226965589607,4.515337069870087
2026-09-01 02:25:00,Canis lupus,0.3429789977437292,4.287237471796615
2026-09-01 02:30:00,Canis lupus,0.22322208147835898,2.7902760184794873
2026-09-01 02:35:00,Canis lupus,0.33828043404249003,4.228505425531125
2026-09-01 02:40:00,Canis lupus,0.29968147816056107,3.7460184770070133
2026-09-01 02:45:00,Canis lupus,0.27460355321593616,3.432544415199202
2026-09-01 02:50:00,Canis lupus,0.20255302791904356,2.5319128489880445
2026-09-01 02:55:00,Canis lupus,0.4397794127702417,5.4972426596280215
2026-09-01 03:00:00,Canis lupus,0.36432176130066507,4.554022016258314
2026-09-01 03:05:00,Canis lupus,0.369060799207629,4.613259990095362
2026-09-01 03:10:00,Canis lupus,0.25798068998499724,3.2247586248124653
2026-09-01 03:15:00,Canis lupus,0.28507762143299753,3.5634702679124692
2026-09-01 03:20:00,Canis lupus,0.3431320158522688,4.289150198153361
2026-09-01 03:25:00,Canis lupus,0.27892912342209397,3.4866140427761745
2026-09-01 03:30:00,Canis lupus,0.4389184254730224,5.48648031841278
2026-09-01 03:35:00,Canis lupus,0.3954275713105581,4.942844641381976
2026-09-01 03:40:00,Canis lupus,0.2750359884429206,3.4379498555365076
2026-09-01 03:45:00,Canis lupus,0.40295797480801704,5.036974685100213
2026-09-01 03:50:00,Canis lupus,0.42699957781953835,5.337494722744229
2026-09-01 03:55:00,Canis lupus,0.522017041859425,6.525213023242812
2026-09-01 04:00:00,Canis lupus,0.2647944668519953,3.3099308356499413
2026-09-01 04:05:00,Canis lupus,0.45883529395682743,5.735441174460343
2026-09-01 04:10:00,Canis lupus,0.4151966682080304,5.18995835260038
2026-09-01 04:15:00,Canis lupus,0.3560387777130058,4.450484721412573
2026-09-01 04:20:00,Canis lupus,0.37346708059194506,4.668338507399313
2026-09-01 04:25:00,Canis lupus,0.39856068439960746,4.982008554995093
2026-09-01 04:30:00,Canis lupus,0.3461557130392675,4.326946412990844
2026-09-01 04:35:00,Canis lupus,0.3236284168697052,4.045355210871316
2026-09-01 04:40:00,Canis lupus,0.4005970783057169,5.007463478821461
2026-09-01 04:45:00,Canis lupus,0.5855969645189003,7.319962056486254
2026-09-01 04:50:00,Canis lupus,0.41502231272411366,5.187778909051421
2026-09-01 04:55:00,Canis lupus,0.37580938225461313,4.697617278182664
2026-09-01 05:00:00,Canis lupus,0.3503882555913545,4.379853194891932
2026-09-01 05:05:00,Canis lupus,0.6282410578760972,7.853013223451215
2026-09-01 05:10:00,Canis lupus,0.5890369211429684,7.362961514287105
2026-09-01 05:15:00,Canis lupus,0.38230269101539444,4.77878363769243
2026-09-01 05:20:00,Canis lupus,0.3483255590358235,4.354069487947794
2026-09-01 05:25:00,Canis lupus,0.599210915905637,7.490136448820463
2026-09-01 05:30:00,Canis lupus,0.5346238993461614,6.682798741827018
2026-09-01 05:35:00,Canis lupus,0.5382528810106031,6.728161012632539
2026-09-01 05:40:00,Canis lupus,0.5648966435075514,7.061208043844393
2026-09-01 05:45:00,Canis lupus,0.5131938329482919,6.414922911853649
2026-09-01 05:50:00,Canis lupus,0.5639925047562594,7.049906309453243
2026-09-01 05:55:00,Canis lupus,0.5609836073225152,7.01229509153144
2026-09-01 06:00:00,Canis lupus,0.5868671260764571,7.335839075955714
2026-09-01 06:05:00,Canis lupus,0.6183158305197217,7.728947881496522
2026-09-01 06:10:00,Canis lupus,0.6528580362145256,8.16072545268157
2026-09-01 06:15:00,Canis lupus,0.514237366740514,6.427967084256425
2026-09-01 06:20:00,Canis lupus,0.4663035028792206,5.828793785990258
2026-09-01 06:25:00,Canis lupus,0.5415359259712592,6.76919907464074
2026-09-01 06:30:00,Canis lupus,0.5485379743601707,6.8567246795021335
2026-09-01 06:35:00,Canis lupus,0.5776737046183884,7.220921307729855
2026-09-01 06:40:00,Canis lupus,0.4655523139413946,5.819403924267433
2026-09-01 06:45:00,Canis lupus,0.5318964562215638,6.648705702769547
2026-09-01 06:50:00,Canis lupus,0.557698254709127,6.971228183864088
2026-09-01 06:55:00,Canis lupus,0.5257639458606578,6.572049323258222
2026-09-01 07:00:00,Canis lupus,0.5490504494734344,6.86313061841793
2026-09-01 07:05:00,Canis lupus,0.8346463044137482,10.433078805171853
2026-09-01 07:10:00,Canis lupus,0.5805636413873717,7.257045517342147
2026-09-01 07:15:00,Canis lupus,0.5896614521029854,7.370768151287317
2026-09-01 07:20:00,Canis lupus,0.6950922905293948,8.688653631617434
2026-09-01 07:25:00,Canis lupus,0.6151951576941067,7.689939471176334
2026-09-01 07:30:00,Canis lupus,0.5938724475940818,7.423405594926022
2026-09-01 07:35:00,Canis lupus,0.6361885882364512,7.95235735295564
2026-09-01 07:40:00,Canis lupus,0.6056813945509643,7.571017431887054
2026-09-01 07:45:00,Canis lupus,0.7811950247721883,9.764937809652354
2026-09-01 07:50:00,Canis lupus,0.6201727487465276,7.752159359331595
2026-09-01 07:55:00,Canis lupus,0.5771561383910713,7.214451729888391
2026-09-01 08:00:00,Canis lupus,0.6429391340591946,8.036739175739932
2026-09-01 08:05:00,Canis lupus,0.5080248428959327,6.350310536199159
2026-09-01 08:10:00,Canis lupus,0.6166815894637052,7.708519868296316
2026-09-01 08:15:00,Canis lupus,0.6972811411151468,8.716014263939336
2026-09-01 08:20:00,Canis lupus,0.5599731879374631,6.999664849218289
2026-09-01 08:25:00,Canis lupus,0.6267348612574198,7.834185765717748
2026-09-01 08:30:00,Canis lupus,0.6995430715672193,8.74428839459024
2026-09-01 08:35:00,Canis lupus,0.7202255159025287,9.00281894878161
2026-09-01 08:40:00,Canis lupus,0.7454290796177108,9.317863495221385
2026-09-01 08:45:00,Canis lupus,0.7580771830367773,9.475964787959716
2026-09-01 08:50:00,Canis lupus,0.6525722865326985,8.157153581658731
2026-09-01 08:55:00,Canis lupus,0.661159460008081,8.264493250101012
2026-09-01 09:00:00,Canis lupus,0.610766303582411,7.634578794780138
2026-09-01 09:05:00,Canis lupus,0.6674728298329716,8.343410372912146
2026-09-01 09:10:00,Canis lupus,0.7023447717289907,8.779309646612383
2026-09-01 09:15:00,Canis lupus,0.5583678566611521,6.979598208264401
2026-09-01 09:20:00,Canis lupus,0.7512230460508778,9.390288075635972
2026-09-01 09:25:00,Canis lupus,0.6789802649190724,8.487253311488404
2026-09-01 09:30:00,Canis lupus,0.6604781826218217,8.25597728277277
2026-09-01 09:35:00,Canis lupus,0.727328816973113,9.091610212163912
2026-09-01 09:40:00,Canis lupus,0.5814995159885636,7.268743949857045
2026-09-01 09:45:00,Canis lupus,0.8422606210247338,10.528257762809172
2026-09-01 09:50:00,Canis lupus,0.5987413396885081,7.484266746106351
2026-09-01 09:55:00,Canis lupus,0.7542135946568337,9.42766993321042
2026-09-01 10:00:00,Canis lupus,0.7365099220845747,9.206374026057183
2026-09-01 10:05:00,Canis lupus,0.6139693196994419,7.674616496243024
2026-09-01 10:10:00,Canis lupus,0.706698693182765,8.833733664784562
2026-09-01 10:15:00,Canis lupus,0.76053806919737,9.506725864967125
2026-09-01 10:20:00,Canis lupus,0.7982213690246355,9.977767112807943
2026-09-01 10:25:00,Canis lupus,0.6035196801518566,7.543996001898208
2026-09-01 10:30:00,Canis lupus,0.6624518565769709,8.280648207212137
2026-09-01 10:35:00,Canis lupus,0.6382237755305807,7.977797194132259
2026-09-01 10:40:00,Canis lupus,0.7191442814950454,8.989303518688068
2026-09-01 10:45:00,Canis lupus,0.6681694456024662,8.352118070030826
2026-09-01 10:50:00,Canis lupus,0.7685172199799966,9.606465249749958
2026-09-01 10:55:00,Canis lupus,0.8171998900635093,10.214998625793866
2026-09-01 11:00:00,Canis lupus,0.7475109878057418,9.343887347571773
2026-09-01 11:05:00,Canis lupus,0.5819776873745236,7.274721092181545
2026-09-01 11:10:00,Canis lupus,0.6261169494067029,7.826461867583786
2026-09-01 11:15:00,Canis lupus,0.696976694876138,8.712208685951724
2026-09-01 11:20:00,Canis lupus,0.6139804358821966,7.674755448527458
2026-09-01 11:25:00,Canis lupus,0.6253670868426673,7.817088585533341
2026-09-01 11:30:00,Canis lupus,0.7102829156621983,8.878536445777478
2026-09-01 11:35:00,Canis lupus,0.5768262624550509,7.2103282806881355
2026-09-01 11:40:00,Canis lupus,0.6980690431474331,8.725863039342913
2026-09-01 11:45:00,Canis lupus,0.72585033774923,9.073129221865376
2026-09-01 11:50:00,Canis lupus,0.643460131496677,8.043251643708462
2026-09-01 11:55:00,Canis lupus,0.5915408908721078,7.394261135901347
2026-09-01 12:00:00,Canis lupus,0.6380791877662952,7.97598984707869
2026-09-01 12:05:00,Canis lupus,0.7365755621033588,9.207194526291985
2026-09-01 12:10:00,Canis lupus,0.6220254615148695,7.775318268935869
2026-09-01 12:15:00,Canis lupus,0.7754947199844274,9.693683999805343
2026-09-01 12:20:00,Canis lupus,0.689085879849511,8.613573498118887
2026-09-01 12:25:00,Canis lupus,0.5153352294592795,6.441690368240993
2026-09-01 12:30:00,Canis lupus,0.7846355001292699,9.807943751615873
2026-09-01 12:35:00,Canis lupus,0.6195635959369934,7.744544949212417
2026-09-01 12:40:00,Canis lupus,0.6268219121406008,7.8352739017575095
2026-09-01 12:45:00,Canis lupus,0.6087711021767372,7.6096387772092156
2026-09-01 12:50:00,Canis lupus,0.4855123830574066,6.068904788217583
2026-09-01 12:55:00,Canis lupus,0.6187020162514331,7.733775203142914
2026-09-01 13:00:00,Canis lupus,0.5225021061689347,6.531276327111684
2026-09-01 13:05:00,Canis lupus,0.5552187154845177,6.940233943556471
2026-09-01 13:10:00,Canis lupus,0.5150953819772358,6.438692274715447
2026-09-01 13:15:00,Canis lupus,0.7845728362189686,9.807160452737108
2026-09-01 13:20:00,Canis lupus,0.6407353639833389,8.009192049791736
2026-09-01 13:25:00,Canis lupus,0.5131963846186443,6.414954807733054
2026-09-01 13:30:00,Canis lupus,0.5906875616359176,7.383594520448971
2026-09-01 13:35:00,Canis lupus,0.47308672328882745,5.913584041110343
2026-09-01 13:40:00,Canis lupus,0.5569972581007953,6.962465726259941
2026-09-01 13:45:00,Canis lupus,0.5345105888477966,6.681382360597457
2026-09-01 13:50:00,Canis lupus,0.556075003399186,6.950937542489825
2026-09-01 13:55:00,Canis lupus,0.6116270253576818,7.645337816971022
2026-09-01 14:00:00,Canis lupus,0.7079662997134354,8.849578746417942
2026-09-01 14:05:00,Canis lupus,0.6959777625635832,8.699722032044791
2026-09-01 14:10:00,Canis lupus,0.6149940277954994,7.687425347443742
2026-09-01 14:15:00,Canis lupus,0.4895307842348272,6.11913480293534
2026-09-01 14:20:00,Canis lupus,0.57916017639391,7.239502204923875
2026-09-01 14:25:00,Canis lupus,0.354376855399934,4.429710692499175
2026-09-01 14:30:00,Canis lupus,0.39571526510001565,4.946440813750195
2026-09-01 14:35:00,Canis lupus,0.47960522742585526,5.995065342823191
2026-09-01 14:40:00,Canis lupus,0.5012603384526729,6.265754230658412
2026-09-01 14:45:00,Canis lupus,0.6227102306678398,7.783877883347998
2026-09-01 14:50:00,Canis lupus,0.33699541442209435,4.21244268027618
2026-09-01 14:55:00,Canis lupus,0.3295035347846913,4.118794184808642
2026-09-01 15:00:00,Canis lupus,0.4360764318626828,5.450955398283535
2026-09-01 15:05:00,Canis lupus,0.35761271064071826,4.4701588830089785
2026-09-01 15:10:00,Canis lupus,0.3421161705047893,4.276452131309867
2026-09-01 15:15:00,Canis lupus,0.5028375510127879,6.285469387659849
2026-09-01 15:20:00,Canis lupus,0.5700028294228151,7.1250353677851885
2026-09-01 15:25:00,Canis lupus,0.5433536099437869,6.791920124297336
2026-09-01 15:30:00,Canis lupus,0.5007151608500224,6.2589395106252805
2026-09-01 15:35:00,Canis lupus,0.3917410216441942,4.896762770552428
2026-09-01 15:40:00,Canis lupus,0.46815597571752565,5.85194969646907
2026-09-01 15:45:00,Canis lupus,0.3278586738333632,4.09823342291704
2026-09-01 15:50:00,Canis lupus,0.3632442369225674,4.540552961532093
2026-09-01 15:55:00,Canis lupus,0.29100676920961466,3.637584615120183
2026-09-01 16:00:00,Canis lupus,0.3675640865622173,4.594551082027716
2026-09-01 16:05:00,Canis lupus,0.4376149920400303,5.470187400500379
2026-09-01 16:10:00,Canis lupus,0.46335608456658484,5.7919510570823105
2026-09-01 16:15:00,Canis lupus,0.3449235001587261,4.311543751984076
2026-09-01 16:20:00,Canis lupus,0.4004206882774823,5.005258603468529
2026-09-01 16:25:00,Canis lupus,0.30954905441525093,3.8693631801906365
2026-09-01 16:30:00,Canis lupus,0.24772169017986015,3.096521127248252
2026-09-01 16:35:00,Canis lupus,0.48536243330100126,6.067030416262516
2026-09-01 16:40:00,Canis lupus,0.4232275896868255,5.290344871085319
2026-09-01 16:45:00,Canis lupus,0.42321047666303124,5.29013095828789
2026-09-01 16:50:00,Canis lupus,0.3002104898625162,3.7526311232814527
2026-09-01 16:55:00,Canis lupus,0.31924523421948686,3.9905654277435856
2026-09-01 17:00:00,Canis lupus,0.34275460776102784,4.284432597012848
2026-09-01 17:05:00,Canis lupus,0.362683980467997,4.533549755849962
2026-09-01 17:10:00,Canis lupus,0.3960512935762981,4.950641169703726
2026-09-01 17:15:00,Canis lupus,0.2537714318010601,3.1721428975132513
2026-09-01 17:20:00,Canis lupus,0.318200561252161,3.9775070156520127
2026-09-01 17:25:00,Canis lupus,0.21644999422020864,2.705624927752608
2026-09-01 17:30:00,Canis lupus,0.37555786144150827,4.694473268018854
2026-09-01 17:35:00,Canis lupus,0.26020661573334886,3.2525826966668605
2026-09-01 17:40:00,Canis lupus,0.22236829063346597,2.7796036329183247
2026-09-01 17:45:00,Canis lupus,0.2974277690339239,3.717847112924049
2026-09-01 17:50:00,Canis lupus,0.3317331601273392,4.14666450159174
2026-09-01 17:55:00,Canis lupus,0.23193827003463474,2.8992283754329344
2026-09-01 18:00:00,Canis lupus,0.34805976166357044,4.35074702079463
2026-09-01 18:05:00,Canis lupus,0.13672720592534757,1.7090900740668447
2026-09-01 18:10:00,Canis lupus,0.3249837797388478,4.062297246735597
2026-09-01 18:15:00,Canis lupus,0.12032096818462107,1.5040121023077633
2026-09-01 18:20:00,Canis lupus,0.19895082400490977,2.486885300061372
2026-09-01 18:25:00,Canis lupus,0.17741499224796337,2.217687403099542
2026-09-01 18:30:00,Canis lupus,0.18531404669768387,2.316425583721048
2026-09-01 18:35:00,Canis lupus,0.27285001752451127,3.410625219056391
2026-09-01 18:40:00,Canis lupus,0.2968044041535984,3.7100550519199795
2026-09-01 18:45:00,Canis lupus,0.19743464005364297,2.4679330006705373
2026-09-01 18:50:00,Canis lupus,0.2359441745058956,2.949302181323695
2026-09-01 18:55:00,Canis lupus,0.24341715733975922,3.04271446674699
2026-09-01 19:00:00,Canis lupus,0.2512580929665189,3.1407261620814864
2026-09-01 19:05:00,Canis lupus,0.07785364952090883,0.9731706190113604
2026-09-01 19:10:00,Canis lupus,0.06453117038345894,0.8066396297932368
2026-09-01 19:15:00,Canis lupus,0.2346591632650889,2.933239540813611
2026-09-01 19:20:00,Canis lupus,0.15997929449430187,1.9997411811787733
2026-09-01 19:25:00,Canis lupus,0.3180011076947088,3.97501384618386
2026-09-01 19:30:00,Canis lupus,0.12262643004276336,1.532830375534542
2026-09-01 19:35:00,Canis lupus,0.2055823946576572,2.569779933220715
2026-09-01 19:40:00,Canis lupus,0.18511359738838354,2.3139199673547943
2026-09-01 19:45:00,Canis lupus,0.10655920374171501,1.3319900467714376
2026-09-01 19:50:00,Canis lupus,0.11638264852520737,1.454783106565092
2026-09-01 19:55:00,Canis lupus,0.15566537412564177,1.9458171765705221
2026-09-01 20:00:00,Canis lupus,0.17667631315330767,2.2084539144163458
2026-09-01 20:05:00,Canis lupus,0.15413238895768894,1.9266548619711117
2026-09-01 20:10:00,Canis lupus,0.23012867732738057,2.8766084665922573
2026-09-01 20:15:00,Canis lupus,0.05269831961947562,0.6587289952434452
2026-09-01 20:20:00,Canis lupus,0.14005230195586682,1.7506537744483353
2026-09-01 20:25:00,Canis lupus,0.1146402493428677,1.4330031167858464
2026-09-01 20:30:00,Canis lupus,0.16212156404815894,2.0265195506019866
2026-09-01 20:35:00,Canis lupus,0.04500372599980386,0.5625465749975482
2026-09-01 20:40:00,Canis lupus,0.22028604682063307,2.7535755852579133
2026-09-01 20:45:00,Canis lupus,0.06915834542276161,0.8644793177845201
2026-09-01 20:50:00,Canis lupus,0.1904787411510872,2.38098426438859
2026-09-01 20:55:00,Canis lupus,0.10819428305699189,1.3524285382123986
2026-09-01 21:00:00,Canis lupus,0.03171955942467926,0.39649449280849075
2026-09-01 21:05:00,Canis lupus,0.13645676680932012,1.7057095851165014
2026-09-01 21:10:00,Canis lupus,0.1277424244845118,1.5967803060563976
2026-09-01 21:15:00,Canis lupus,0.02251958841164116,0.2814948551455145
2026-09-01 21:20:00,Canis lupus,0.13160014719744317,1.6450018399680397
2026-09-01 21:25:00,Canis lupus,0.2574670615131539,3.2183382689144238
2026-09-01 21:30:00,Canis lupus,0.0112166316902437,0.14020789612804624
2026-09-01 21:35:00,Canis lupus,0.13132674956651674,1.6415843695814594
2026-09-01 21:40:00,Canis lupus,0.0,0.0
2026-09-01 21:45:00,Canis lupus,0.0,0.0
2026-09-01 21:50:00,Canis lupus,0.03690430037280476,0.4613037546600595
2026-09-01 21:55:00,Canis lupus,0.11823253610225917,1.4779067012782396
2026-09-01 22:00:00,Canis lupus,0.09653960111043962,1.2067450138804952
2026-09-01 22:05:00,Canis lupus,0.056355540031292777,0.7044442503911597
2026-09-01 22:10:00,Canis lupus,0.263715340471234,3.296441755890425
2026-09-01 22:15:00,Canis lupus,0.01707103706815813,0.21338796335197663
2026-09-01 22:20:00,Canis lupus,0.11897342583900569,1.487167822987571
2026-09-01 22:25:00,Canis lupus,0.06718792054471401,0.839849006808925
2026-09-01 22:30:00,Canis lupus,0.00336474213789896,0.042059276723737
2026-09-01 22:35:00,Canis lupus,0.005965939515089683,0.07457424393862103
2026-09-01 22:40:00,Canis lupus,0.12860770253015966,1.6075962816269957
2026-09-01 22:45:00,Canis lupus,0.23851680756654928,2.981460094581866
2026-09-01 22:50:00,Canis lupus,0.07715630995311117,0.9644538744138895
2026-09-01 22:55:00,Canis lupus,0.0,0.0
2026-09-01 23:00:00,Canis lupus,0.19466762500832435,2.4333453126040543
2026-09-01 23:05:00,Canis lupus,0.0,0.0
2026-09-01 23:10:00,Canis lupus,0.11189138022677003,1.3986422528346254
2026-09-01 23:15:00,Canis lupus,0.07985873671041503,0.9982342088801879
2026-09-01 23:20:00,Canis lupus,0.12660218390111136,1.582527298763892
2026-09-01 23:25:00,Canis lupus,0.14076783772059887,1.7595979715074859
2026-09-01 23:30:00,Canis lupus,0.0,0.0
2026-09-01 23:35:00,Canis lupus,0.23418964593061228,2.9273705741326537
2026-09-01 23:40:00,Canis lupus,0.08290734052281995,1.0363417565352493
2026-09-01 23:45:00,Canis lupus,0.2161160228705798,2.7014502858822476
2026-09-01 23:50:00,Canis lupus,0.20238844306832224,2.529855538354028
2026-09-01 23:55:00,Canis lupus,0.07049465166894976,0.8811831458618721
2026-09-02 00:00:00,Canis lupus,0.037161436574159754,0.4645179571769969
2026-09-02 00:05:00,Canis lupus,0.22796236533633674,2.8495295667042093
2026-09-02 00:10:00,Canis lupus,0.2203840498243571,2.754800622804464
2026-09-02 00:15:00,Canis lupus,0.26233401122713734,3.2791751403392166
2026-09-02 00:20:00,Canis lupus,0.3270856362055269,4.088570452569086
2026-09-02 00:25:00,Canis lupus,0.15873303983940004,1.9841629979925006
2026-09-02 00:30:00,Canis lupus,0.21980613647281708,2.7475767059102134
2026-09-02 00:35:00,Canis lupus,0.18734271052998167,2.341783881624771
2026-09-02 00:40:00,Canis lupus,0.0538535267317905,0.6731690841473813
2026-09-02 00:45:00,Canis lupus,0.2142849137992083,2.678561422490104
2026-09-02 00:50:00,Canis lupus,0.1704385162727348,2.130481453409185
2026-09-02 00:55:00,Canis lupus,0.18467869182855567,2.3084836478569457
2026-09-02 01:00:00,Canis lupus,0.16342187659627952,2.042773457453494
2026-09-02 01:05:00,Canis lupus,0.26985533925066696,3.373191740633337
2026-09-02 01:10:00,Canis lupus,0.25988986260780134,3.2486232825975168
2026-09-02 01:15:00,Canis lupus,0.3072538766409878,3.8406734580123474
2026-09-02 01:20:00,Canis lupus,0.1933560372158846,2.4169504651985574
2026-09-02 01:25:00,Canis lupus,0.06573148293593792,0.821643536699224
2026-09-02 01:30:00,Canis lupus,0.049025830388633757,0.6128228798579219
2026-09-02 01:35:00,Canis lupus,0.1984064068941866,2.4800800861773324
2026-09-02 01:40:00,Canis lupus,0.02956901497417211,0.36961268717715134
2026-09-02 01:45:00,Canis lupus,0.3581609154515754,4.477011443144693
2026-09-02 01:50:00,Canis lupus,0.23032643947585013,2.8790804934481264
2026-09-02 01:55:00,Canis lupus,0.29467490059942125,3.6834362574927657
2026-09-02 02:00:00,Canis lupus,0.2225786668590761,2.782233335738451
2026-09-02 02:05:00,Canis lupus,0.2289550728976058,2.8619384112200725
2026-09-02 02:10:00,Canis lupus,0.3197426569108876,3.996783211386095
2026-09-02 02:15:00,Canis lupus,0.30506516329393585,3.813314541174198
2026-09-02 02:20:00,Canis lupus,0.3326905744209015,4.158632180261269
2026-09-02 02:25:00,Canis lupus,0.23943883089167387,2.9929853861459232
2026-09-02 02:30:00,Canis lupus,0.3840202228862925,4.800252786078656
2026-09-02 02:35:00,Canis lupus,0.30307920222425816,3.788490027803227
2026-09-02 02:40:00,Canis lupus,0.4365788312261262,5.457235390326577
2026-09-02 02:45:00,Canis lupus,0.3612228841134987,4.515286051418734
2026-09-02 02:50:00,Canis lupus,0.3445514878686108,4.306893598357635
2026-09-02 02:55:00,Canis lupus,0.3437626675545425,4.297033344431781
2026-09-02 03:00:00,Canis lupus,0.3846753275536537,4.808441594420671
2026-09-02 03:05:00,Canis lupus,0.3410537542334881,4.263171927918601
2026-09-02 03:10:00,Canis lupus,0.3698882069887176,4.62360258735897
2026-09-02 03:15:00,Canis lupus,0.4474559192265767,5.593198990332208
2026-09-02 03:20:00,Canis lupus,0.21830263117999335,2.7287828897499167
2026-09-02 03:25:00,Canis lupus,0.350041205675273,4.375515070940913
2026-09-02 03:30:00,Canis lupus,0.377730446579942,4.721630582249275
2026-09-02 03:35:00,Canis lupus,0.37403156467128706,4.675394558391089
2026-09-02 03:40:00,Canis lupus,0.4881998422777943,6.102498028472429
2026-09-02 03:45:00,Canis lupus,0.31185948323950513,3.898243540493814
2026-09-02 03:50:00,Canis lupus,0.35082223786268973,4.385277973283622
2026-09-02 03:55:00,Canis lupus,0.478435870233587,5.980448377919838
2026-09-02 04:00:00,Canis lupus,0.375524796948679,4.694059961858487
2026-09-02 04:05:00,Canis lupus,0.4288065420668205,5.360081775835257
2026-09-02 04:10:00,Canis lupus,0.4166784952363987,5.208481190454984
2026-09-02 04:15:00,Canis lupus,0.45938467763768764,5.742308470471095
2026-09-02 04:20:00,Canis lupus,0.4254512986677937,5.318141233347421
2026-09-02 04:25:00,Canis lupus,0.4791617704722584,5.98952213090323
2026-09-02 04:30:00,Canis lupus,0.5965579819322923,7.456974774153653
2026-09-02 04:35:00,Canis lupus,0.4433848640761122,5.542310800951403
2026-09-02 04:40:00,Canis lupus,0.4955186938721631,6.193983673402038
2026-09-02 04:45:00,Canis lupus,0.33711119490624786,4.213889936328099
2026-09-02 04:50:00,Canis lupus,0.46376449473934855,5.797056184241857
2026-09-02 04:55:00,Canis lupus,0.4353254459709966,5.441568074637457
2026-09-02 05:00:00,Canis lupus,0.4707218799291552,5.8840234991144404
2026-09-02 05:05:00,Canis lupus,0.41539217074454154,5.19240213430677
2026-09-02 05:10:00,Canis lupus,0.5656415006679422,7.0705187583492775
2026-09-02 05:15:00,Canis lupus,0.6234015096520129,7.792518870650161
2026-09-02 05:20:00,Canis lupus,0.4316879491691183,5.3960993646139785
2026-09-02 05:25:00,Canis lupus,0.5309670917294194,6.637088646617742
2026-09-02 05:30:00,Canis lupus,0.6277780597321586,7.847225746651983
2026-09-02 05:35:00,Canis lupus,0.5032481982848062,6.290602478560077
2026-09-02 05:40:00,Canis lupus,0.48481777364162043,6.060222170520255
2026-09-02 05:45:00,Canis lupus,0.6228325106385902,7.785406382982378
2026-09-02 05:50:00,Canis lupus,0.5487323780636159,6.859154725795198
2026-09-02 05:55:00,Canis lupus,0.48538996507828247,6.0673745634785305
2026-09-02 06:00:00,Canis lupus,0.5992912148867837,7.491140186084796
2026-09-02 06:05:00,Canis lupus,0.6236151249624268,7.795189062030334
2026-09-02 06:10:00,Canis lupus,0.4768946220290631,5.961182775363288
2026-09-02 06:15:00,Canis lupus,0.49120342050733895,6.140042756341737
2026-09-02 06:20:00,Canis lupus,0.5275462069828256,6.594327587285321
2026-09-02 06:25:00,Canis lupus,0.5695957908690467,7.1199473858630835
2026-09-02 06:30:00,Canis lupus,0.5036883712635986,6.296104640794982
2026-09-02 06:35:00,Canis lupus,0.6336783152141631,7.920978940177038
2026-09-02 06:40:00,Canis lupus,0.6351999422855825,7.939999278569782
2026-09-02 06:45:00,Canis lupus,0.4983100069776442,6.228875087220553
2026-09-02 06:50:00,Canis lupus,0.6960686568280936,8.70085821035117
2026-09-02 06:55:00,Canis lupus,0.6170642140942506,7.713302676178133
2026-09-02 07:00:00,Canis lupus,0.5384120355759342,6.730150444699177
2026-09-02 07:05:00,Canis lupus,0.4963699154540554,6.204623943175693
2026-09-02 07:10:00,Canis lupus,0.7089171814848703,8.861464768560879
2026-09-02 07:15:00,Canis lupus,0.5974409548078535,7.468011935098169
2026-09-02 07:20:00,Canis lupus,0.6629310038956945,8.28663754869618
2026-09-02 07:25:00,Canis lupus,0.6230674781605388,7.788343477006735
2026-09-02 07:30:00,Canis lupus,0.5855624923410198,7.319531154262747
2026-09-02 07:35:00,Canis lupus,0.7366455542680671,9.20806942835084
2026-09-02 07:40:00,Canis lupus,0.6009644628421028,7.512055785526285
2026-09-02 07:45:00,Canis lupus,0.6242139582422376,7.80267447802797
2026-09-02 07:50:00,Canis lupus,0.5511741480582556,6.889676850728195
2026-09-02 07:55:00,Canis lupus,0.5359671289394844,6.699589111743555
2026-09-02 08:00:00,Canis lupus,0.6236618055160684,7.795772568950856
2026-09-02 08:05:00,Canis lupus,0.5419927051642255,6.774908814552819
2026-09-02 08:10:00,Canis lupus,0.7126923847212489,8.90865480901561
2026-09-02 08:15:00,Canis lupus,0.5714206738918567,7.142758423648209
2026-09-02 08:20:00,Canis lupus,0.7771997358269465,9.714996697836831
2026-09-02 08:25:00,Canis lupus,0.7864761916050825,9.830952395063532
2026-09-02 08:30:00,Canis lupus,0.8046907752757304,10.05863469094663
2026-09-02 08:35:00,Canis lupus,0.6784501759401704,8.48062719925213
2026-09-02 08:40:00,Canis lupus,0.6443726838569188,8.054658548211485
2026-09-02 08:45:00,Canis lupus,0.6757026769914396,8.446283462392994
2026-09-02 08:50:00,Canis lupus,0.753521831108356,9.41902288885445
2026-09-02 08:55:00,Canis lupus,0.5047325815075283,6.309157268844104
2026-09-02 09:00:00,Canis lupus,0.7170478087202096,8.96309760900262
2026-09-02 09:05:00,Canis lupus,0.5326155376809767,6.657694221012209
2026-09-02 09:10:00,Canis lupus,0.6740105151411012,8.425131439263765
2026-09-02 09:15:00,Canis lupus,0.7583824671531407,9.479780839414259
2026-09-02 09:20:00,Canis lupus,0.5838468346294071,7.298085432867589
2026-09-02 09:25:00,Canis lupus,0.5928006217072135,7.410007771340169
2026-09-02 09:30:00,Canis lupus,0.7638256628743737,9.547820785929671
2026-09-02 09:35:00,Canis lupus,0.6380635422298854,7.975794277873567
2026-09-02 09:40:00,Canis lupus,0.7060931047689195,8.826163809611494
2026-09-02 09:45:00,Canis lupus,0.5639548298079884,7.049435372599855
2026-09-02 09:50:00,Canis lupus,0.5763809540227556,7.204761925284445
2026-09-02 09:55:00,Canis lupus,0.6937800525969768,8.672250657462211
2026-09-02 10:00:00,Canis lupus,0.6416750672397925,8.020938340497406
2026-09-02 10:05:00,Canis lupus,0.5094630734064389,6.368288417580486
2026-09-02 10:10:00,Canis lupus,0.6543142091552285,8.178927614440356
2026-09-02 10:15:00,Canis lupus,0.6989024389519568,8.73628048689946
2026-09-02 10:20:00,Canis lupus,0.7150857319761963,8.938571649702453
2026-09-02 10:25:00,Canis lupus,0.6067443001836472,7.5843037522955905
2026-09-02 10:30:00,Canis lupus,0.7416511821275035,9.270639776593793
2026-09-02 10:35:00,Canis lupus,0.7947497310645891,9.934371638307365
2026-09-02 10:40:00,Canis lupus,0.7169266465177359,8.961583081471698
2026-09-02 10:45:00,Canis lupus,0.6064507222024352,7.58063402753044
2026-09-02 10:50:00,Canis lupus,0.6361086225753478,7.951357782191848
2026-09-02 10:55:00,Canis lupus,0.6317246637918255,7.896558297397818
2026-09-02 11:00:00,Canis lupus,0.6351857735966608,7.93982216995826
2026-09-02 11:05:00,Canis lupus,0.7311871794227155,9.139839742783943
2026-09-02 11:10:00,Canis lupus,0.601296351070363,7.516204388379538
2026-09-02 11:15:00,Canis lupus,0.6879354429318203,8.599193036647753
2026-09-02 11:20:00,Canis lupus,0.6615250632899604,8.269063291124505
2026-09-02 11:25:00,Canis lupus,0.7723474758220257,9.654343447775322
2026-09-02 11:30:00,Canis lupus,0.6666315717171408,8.33289464646426
2026-09-02 11:35:00,Canis lupus,0.5381482172929453,6.726852716161816
2026-09-02 11:40:00,Canis lupus,0.7762138458317467,9.702673072896834
2026-09-02 11:45:00,Canis lupus,0.7581308725768091,9.476635907210113
2026-09-02 11:50:00,Canis lupus,0.5882120321132283,7.352650401415353
2026-09-02 11:55:00,Canis lupus,0.625124984276721,7.814062303459012
2026-09-02 12:00:00,Canis lupus,0.7012247988538705,8.765309985673381
2026-09-02 12:05:00,Canis lupus,0.7646572742717677,9.558215928397097
2026-09-02 12:10:00,Canis lupus,0.5277602264791308,6.597002830989135
2026-09-02 12:15:00,Canis lupus,0.721783782327494,9.022297279093674
2026-09-02 12:20:00,Canis lupus,0.6620020454278152,8.27502556784769
2026-09-02 12:25:00,Canis lupus,0.5942338992534666,7.427923740668333
2026-09-02 12:30:00,Canis lupus,0.5804077024870343,7.255096281087929
2026-09-02 12:35:00,Canis lupus,0.7382350117743082,9.227937647178852
2026-09-02 12:40:00,Canis lupus,0.690692043645741,8.633650545571763
2026-09-02 12:45:00,Canis lupus,0.5107980896243642,6.384976120304553
2026-09-02 12:50:00,Canis lupus,0.5924144332153569,7.405180415191961
2026-09-02 12:55:00,Canis lupus,0.709056725828379,8.863209072854737
2026-09-02 13:00:00,Canis lupus,0.49660157645978137,6.207519705747267
2026-09-02 13:05:00,Canis lupus,0.6013678702390354,7.517098377987942
2026-09-02 13:10:00,Canis lupus,0.4987790415270167,6.234738019087708
2026-09-02 13:15:00,Canis lupus,0.6576543969688076,8.220679962110095
2026-09-02 13:20:00,Canis lupus,0.7259344420390723,9.074180525488403
2026-09-02 13:25:00,Canis lupus,0.5020213942520375,6.275267428150469
2026-09-02 13:30:00,Canis lupus,0.6736497132315247,8.42062141539406
2026-09-02 13:35:00,Canis lupus,0.4672578892026667,5.840723615033334
2026-09-02 13:40:00,Canis lupus,0.5528225212092533,6.910281515115667
2026-09-02 13:45:00,Canis lupus,0.6377957014893443,7.972446268616803
2026-09-02 13:50:00,Canis lupus,0.5521893866763979,6.902367333454975
2026-09-02 13:55:00,Canis lupus,0.5965309890159677,7.456637362699596
2026-09-02 14:00:00,Canis lupus,0.5637648462915561,7.047060578644452
2026-09-02 14:05:00,Canis lupus,0.5361231541081726,6.7015394263521575
2026-09-02 14:10:00,Canis lupus,0.5085349627605624,6.35668703450703
2026-09-02 14:15:00,Canis lupus,0.4098274154353696,5.12284269294212
2026-09-02 14:20:00,Canis lupus,0.5271195104965125,6.588993881206406
2026-09-02 14:25:00,Canis lupus,0.5710339631867529,7.137924539834412
2026-09-02 14:30:00,Canis lupus,0.5360347073693642,6.700433842117053
2026-09-02 14:35:00,Canis lupus,0.4529685001158209,5.662106251447761
2026-09-02 14:40:00,Canis lupus,0.6574716500635418,8.218395625794273
2026-09-02 14:45:00,Canis lupus,0.41976905573181633,5.247113196647704
2026-09-02 14:50:00,Canis lupus,0.40225498186835823,5.028187273354478
2026-09-02 14:55:00,Canis lupus,0.6496643447977211,8.120804309971513
2026-09-02 15:00:00,Canis lupus,0.29227871400434624,3.653483925054328
2026-09-02 15:05:00,Canis lupus,0.64553829151272,8.069228643909
2026-09-02 15:10:00,Canis lupus,0.48621237311668664,6.077654663958583
2026-09-02 15:15:00,Canis lupus,0.3654634596660541,4.568293245825676
2026-09-02 15:20:00,Canis lupus,0.3825884303706018,4.782355379632523
2026-09-02 15:25:00,Canis lupus,0.2633211741537872,3.29151467692234
2026-09-02 15:30:00,Canis lupus,0.32598010323877263,4.074751290484658
2026-09-02 15:35:00,Canis lupus,0.39812741667044804,4.9765927083806005
2026-09-02 15:40:00,Canis lupus,0.462293937249414,5.7786742156176745
2026-09-02 15:45:00,Canis lupus,0.6385800675791222,7.982250844739028
2026-09-02 15:50:00,Canis lupus,0.3521336590858127,4.401670738572658
2026-09-02 15:55:00,Canis lupus,0.3130165788038623,3.9127072350482788
2026-09-02 16:00:00,Canis lupus,0.38764371186068114,4.845546398258514
2026-09-02 16:05:00,Canis lupus,0.3729027942253058,4.661284927816323
2026-09-02 16:10:00,Canis lupus,0.4083502283508872,5.10437785438609
2026-09-02 16:15:00,Canis lupus,0.29223631718040766,3.6529539647550955
2026-09-02 16:20:00,Canis lupus,0.34928862939682037,4.366107867460254
2026-09-02 16:25:00,Canis lupus,0.3621958763103274,4.527448453879092
2026-09-02 16:30:00,Canis lupus,0.299445977032104,3.7430747129013002
2026-09-02 16:35:00,Canis lupus,0.19960823406042988,2.4951029257553734
2026-09-02 16:40:00,Canis lupus,0.28542813803534955,3.5678517254418693
2026-09-02 16:45:00,Canis lupus,0.34674736026099706,4.3343420032624635
2026-09-02 16:50:00,Canis lupus,0.3209943441576513,4.012429301970641
2026-09-02 16:55:00,Canis lupus,0.32851805534427225,4.1064756918034035
2026-09-02 17:00:00,Canis lupus,0.2753624822837974,3.4420310285474676
2026-09-02 17:05:00,Canis lupus,0.49510301266175827,6.188787658271979
2026-09-02 17:10:00,Canis lupus,0.2617120567086057,3.271400708857571
2026-09-02 17:15:00,Canis lupus,0.35432294644786655,4.429036830598331
2026-09-02 17:20:00,Canis lupus,0.30226195768524333,3.778274471065542
2026-09-02 17:25:00,Canis lupus,0.18745945293213026,2.3432431616516283
2026-09-02 17:30:00,Canis lupus,0.3978783827431913,4.973479784289891
2026-09-02 17:35:00,Canis lupus,0.2521117086807035,3.1513963585087934
2026-09-02 17:40:00,Canis lupus,0.30351961916641657,3.793995239580207
2026-09-02 17:45:00,Canis lupus,0.11839242499787925,1.4799053124734907
2026-09-02 17:50:00,Canis lupus,0.23134783041659981,2.891847880207498
2026-09-02 17:55:00,Canis lupus,0.11852487011673893,1.4815608764592365
2026-09-02 18:00:00,Canis lupus,0.2943549021828519,3.6794362772856486
2026-09-02 18:05:00,Canis lupus,0.1422024319729212,1.777530399661515
2026-09-02 18:10:00,Canis lupus,0.2546039740513104,3.18254967564138
2026-09-02 18:15:00,Canis lupus,0.212627613780429,2.6578451722553624
2026-09-02 18:20:00,Canis lupus,0.3960841767703996,4.951052209629995
2026-09-02 18:25:00,Canis lupus,0.125983479794069,1.5747934974258624
2026-09-02 18:30:00,Canis lupus,0.44354184347986003,5.544273043498251
2026-09-02 18:35:00,Canis lupus,0.18096938633531928,2.262117329191491
2026-09-02 18:40:00,Canis lupus,0.310296817912068,3.8787102239008497
2026-09-02 18:45:00,Canis lupus,0.24464126387827229,3.0580157984784035
2026-09-02 18:50:00,Canis lupus,0.13912484584526041,1.7390605730657551
2026-09-02 18:55:00,Canis lupus,0.42611264165281243,5.326408020660155
2026-09-02 19:00:00,Canis lupus,0.24738202791829778,3.0922753489787222
2026-09-02 19:05:00,Canis lupus,0.09912920227080682,1.2391150283850854
2026-09-02 19:10:00,Canis lupus,0.2281114192799379,2.8513927409992235
2026-09-02 19:15:00,Canis lupus,0.1822169498478014,2.2777118730975174
2026-09-02 19:20:00,Canis lupus,0.06808401889247212,0.8510502361559015
2026-09-02 19:25:00,Canis lupus,0.3279246459761041,4.0990580747013015
2026-09-02 19:30:00,Canis lupus,0.0,0.0
2026-09-02 19:35:00,Canis lupus,0.08624632768495737,1.078079096061967
2026-09-02 19:40:00,Canis lupus,0.23834784256310532,2.9793480320388164
2026-09-02 19:45:00,Canis lupus,0.08245488605369003,1.0306860756711254
2026-09-02 19:50:00,Canis lupus,0.2448909744998507,3.061137181248134
2026-09-02 19:55:00,Canis lupus,0.00924429487306383,0.11555368591329787
2026-09-02 20:00:00,Canis lupus,0.08485872334333455,1.060734041791682
2026-09-02 20:05:00,Canis lupus,0.20254965549590567,2.531870693698821
2026-09-02 20:10:00,Canis lupus,0.0,0.0
2026-09-02 20:15:00,Canis lupus,0.038169102407806355,0.47711378009757943
2026-09-02 20:20:00,Canis lupus,0.041484861066279896,0.5185607633284987
2026-09-02 20:25:00,Canis lupus,0.12340844342397751,1.542605542799719
2026-09-02 20:30:00,Canis lupus,0.14292801752527384,1.7866002190659231
2026-09-02 20:35:00,Canis lupus,0.18395916091413594,2.299489511426699
2026-09-02 20:40:00,Canis lupus,0.2719257785510397,3.3990722318879967
2026-09-02 20:45:00,Canis lupus,0.12052632287210428,1.5065790359013036
2026-09-02 20:50:00,Canis lupus,0.15197339546011146,1.8996674432513934
2026-09-02 20:55:00,Canis lupus,0.057764011813809586,0.7220501476726199
2026-09-02 21:00:00,Canis lupus,0.11842737790035132,1.4803422237543915
2026-09-02 21:05:00,Canis lupus,0.0,0.0
2026-09-02 21:10:00,Canis lupus,0.0,0.0
2026-09-02 21:15:00,Canis lupus,0.1672717350994019,2.0908966887425238
2026-09-02 21:20:00,Canis lupus,0.1875735675501925,2.344669594377406
2026-09-02 21:25:00,Canis lupus,0.21825154469105829,2.7281443086382287
2026-09-02 21:30:00,Canis lupus,0.09513845701085474,1.1892307126356843
2026-09-02 21:35:00,Canis lupus,0.09517551724459962,1.1896939655574952
2026-09-02 21:40:00,Canis lupus,0.11873024968442777,1.4841281210553472
2026-09-02 21:45:00,Canis lupus,0.042461337913334625,0.5307667239166828
2026-09-02 21:50:00,Canis lupus,0.1316035006865295,1.6450437585816189
2026-09-02 21:55:00,Canis lupus,0.019385904498401177,0.2423238062300147
2026-09-02 22:00:00,Canis lupus,0.1287344487549452,1.6091806094368148
2026-09-02 22:05:00,Canis lupus,0.1861856208384986,2.3273202604812324
2026-09-02 22:10:00,Canis lupus,0.20834115814200937,2.6042644767751173
2026-09-02 22:15:00,Canis lupus,0.20447196673577253,2.5558995841971566
2026-09-02 22:20:00,Canis lupus,0.05404673835021075,0.6755842293776344
2026-09-02 22:25:00,Canis lupus,0.09283013225032315,1.1603766531290394
2026-09-02 22:30:00,Canis lupus,0.010728881377271043,0.13411101721588803
2026-09-02 22:35:00,Canis lupus,0.12303565574840392,1.537945696855049
2026-09-02 22:40:00,Canis lupus,0.06893404596963373,0.8616755746204217
2026-09-02 22:45:00,Canis lupus,0.15609817024780592,1.9512271280975741
2026-09-02 22:50:00,Canis lupus,0.05212562975445727,0.6515703719307159
2026-09-02 22:55:00,Canis lupus,0.06248833932592096,0.781104241574012
2026-09-02 23:00:00,Canis lupus,0.07595231975173086,0.9494039968966358
2026-09-02 23:05:00,Canis lupus,0.0,0.0
2026-09-02 23:10:00,Canis lupus,0.0,0.0
2026-09-02 23:15:00,Canis lupus,0.16695591571509277,2.0869489464386595
2026-09-02 23:20:00,Canis lupus,0.26139657198231925,3.2674571497789904
2026-09-02 23:25:00,Canis lupus,0.12645181043082124,1.5806476303852655
2026-09-02 23:30:00,Canis lupus,0.14888111957961467,1.8610139947451834
2026-09-02 23:35:00,Canis lupus,0.16150821394863812,2.0188526743579764
2026-09-02 23:40:00,Canis lupus,0.15274074715505032,1.909259339438129
2026-09-02 23:45:00,Canis lupus,0.2655644238967878,3.3195552987098473
2026-09-02 23:50:00,Canis lupus,0.1731965207233166,2.1649565090414575
2026-09-02 23:55:00,Canis lupus,0.09665936660975727,1.208242082621966
2026-09-03 00:00:00,Canis lupus,0.1621857332190937,2.027321665238671
2026-09-03 00:05:00,Canis lupus,0.0,0.0
2026-09-03 00:10:00,Canis lupus,0.1490085852117278,1.8626073151465976
2026-09-03 00:15:00,Canis lupus,0.2941829271539347,3.6772865894241837
2026-09-03 00:20:00,Canis lupus,0.04191797091571402,0.5239746364464252
2026-09-03 00:25:00,Canis lupus,0.15813163835604271,1.976645479450534
2026-09-03 00:30:00,Canis lupus,0.12294716008084716,1.5368395010105895
2026-09-03 00:35:00,Canis lupus,0.13803361080000653,1.7254201350000817
2026-09-03 00:40:00,Canis lupus,0.2962529534218503,3.703161917773129
2026-09-03 00:45:00,Canis lupus,0.15369177609529705,1.9211472011912132
2026-09-03 00:50:00,Canis lupus,0.18298905461866893,2.287363182733362
2026-09-03 00:55:00,Canis lupus,0.18691279048519577,2.336409881064947
2026-09-03 01:00:00,Canis lupus,0.1265678946640632,1.5820986833007902
2026-09-03 01:05:00,Canis lupus,0.12821002283712338,1.6026252854640421
2026-09-03 01:10:00,Canis lupus,0.056268157289696585,0.7033519661212073
2026-09-03 01:15:00,Canis lupus,0.16003396846315923,2.0004246057894903
2026-09-03 01:20:00,Canis lupus,0.24873214522905213,3.1091518153631514
2026-09-03 01:25:00,Canis lupus,0.2701768403349495,3.3772105041868685
2026-09-03 01:30:00,Canis lupus,0.1023058509445844,1.278823136807305
2026-09-03 01:35:00,Canis lupus,0.2982258708696922,3.7278233858711527
2026-09-03 01:40:00,Canis lupus,0.11654531951483063,1.456816493935383
2026-09-03 01:45:00,Canis lupus,0.2983085503993858,3.7288568799923225
2026-09-03 01:50:00,Canis lupus,0.1501662220784518,1.8770777759806474
2026-09-03 01:55:00,Canis lupus,0.2876557191129806,3.5956964889122576
2026-09-03 02:00:00,Canis lupus,0.12575357911685714,1.5719197389607142
2026-09-03 02:05:00,Canis lupus,0.12598310397698675,1.5747887997123344
2026-09-03 02:10:00,Canis lupus,0.24595381095385438,3.0744226369231797
2026-09-03 02:15:00,Canis lupus,0.24415851608399922,3.0519814510499903
2026-09-03 02:20:00,Canis lupus,0.2583354200151609,3.2291927501895112
2026-09-03 02:25:00,Canis lupus,0.2624530354749875,3.2806629434373438
2026-09-03 02:30:00,Canis lupus,0.33029154408491607,4.128644301061451
2026-09-03 02:35:00,Canis lupus,0.3967821525860331,4.959776907325414
2026-09-03 02:40:00,Canis lupus,0.23434343530857976,2.929292941357247
2026-09-03 02:45:00,Canis lupus,0.3486353568012514,4.357941960015642
2026-09-03 02:50:00,Canis lupus,0.285061330879421,3.563266635992762
2026-09-03 02:55:00,Canis lupus,0.3425803309550071,4.282254136937589
2026-09-03 03:00:00,Canis lupus,0.21064067974465353,2.633008496808169
2026-09-03 03:05:00,Canis lupus,0.40099644535860246,5.01245556698253
2026-09-03 03:10:00,Canis lupus,0.32213572148714825,4.026696518589353
2026-09-03 03:15:00,Canis lupus,0.2432481431101411,3.0406017888767636
2026-09-03 03:20:00,Canis lupus,0.33685840695724745,4.210730086965593
2026-09-03 03:25:00,Canis lupus,0.28786640458588664,3.598330057323583
2026-09-03 03:30:00,Canis lupus,0.39794491655514075,4.974311456939259
2026-09-03 03:35:00,Canis lupus,0.48443365321328224,6.055420665166028
2026-09-03 03:40:00,Canis lupus,0.491592239432225,6.1449029929028125
2026-09-03 03:45:00,Canis lupus,0.2871668038008906,3.5895850475111324
2026-09-03 03:50:00,Canis lupus,0.3882730713317862,4.853413391647328
2026-09-03 03:55:00,Canis lupus,0.4463808153558336,5.57976019194792
2026-09-03 04:00:00,Canis lupus,0.4041563362112001,5.051954202640001
2026-09-03 04:05:00,Canis lupus,0.4985931639888626,6.232414549860783
2026-09-03 04:10:00,Canis lupus,0.36791303840448236,4.5989129800560296
2026-09-03 04:15:00,Canis lupus,0.44406993638100745,5.550874204762593
2026-09-03 04:20:00,Canis lupus,0.4170480210991225,5.213100263739031
2026-09-03 04:25:00,Canis lupus,0.40394388512791,5.0492985640988755
2026-09-03 04:30:00,Canis lupus,0.5053961731176111,6.317452163970138
2026-09-03 04:35:00,Canis lupus,0.5920655199337728,7.400818999172159
2026-09-03 04:40:00,Canis lupus,0.5154722087975988,6.4434026099699855
2026-09-03 04:45:00,Canis lupus,0.4982906249888491,6.228632812360614
2026-09-03 04:50:00,Canis lupus,0.3615295582873991,4.519119478592488
2026-09-03 04:55:00,Canis lupus,0.4239773871755958,5.299717339694947
2026-09-03 05:00:00,Canis lupus,0.5008767721448245,6.260959651810307
2026-09-03 05:05:00,Canis lupus,0.3683700997667313,4.604626247084141
2026-09-03 05:10:00,Canis lupus,0.37505891848760164,4.688236481095021
2026-09-03 05:15:00,Canis lupus,0.5583818809151403,6.979773511439253
2026-09-03 05:20:00,Canis lupus,0.5811530047551022,7.264412559438778
2026-09-03 05:25:00,Canis lupus,0.5105782544089849,6.38222818011231
2026-09-03 05:30:00,Canis lupus,0.513334753402775,6.416684417534688
2026-09-03 05:35:00,Canis lupus,0.6024985654033582,7.5312320675419775
2026-09-03 05:40:00,Canis lupus,0.6078489196338183,7.598111495422728
2026-09-03 05:45:00,Canis lupus,0.6331893642041353,7.914867052551691
2026-09-03 05:50:00,Canis lupus,0.573391065620093,7.167388320251162
2026-09-03 05:55:00,Canis lupus,0.38878052769273536,4.859756596159192
2026-09-03 06:00:00,Canis lupus,0.6281447351777801,7.8518091897222515
2026-09-03 06:05:00,Canis lupus,0.5728856202333654,7.161070252917067
2026-09-03 06:10:00,Canis lupus,0.5287202266676481,6.609002833345601
2026-09-03 06:15:00,Canis lupus,0.5572854047924275,6.966067559905344
2026-09-03 06:20:00,Canis lupus,0.616001322329549,7.700016529119362
2026-09-03 06:25:00,Canis lupus,0.49762154915816253,6.220269364477032
2026-09-03 06:30:00,Canis lupus,0.48713015342810895,6.089126917851361
2026-09-03 06:35:00,Canis lupus,0.5638078277314189,7.047597846642736
2026-09-03 06:40:00,Canis lupus,0.5713557383376802,7.141946729221002
2026-09-03 06:45:00,Canis lupus,0.6671312377479152,8.339140471848939
2026-09-03 06:50:00,Canis lupus,0.5741534667037834,7.176918333797293
2026-09-03 06:55:00,Canis lupus,0.6177844536114823,7.722305670143529
2026-09-03 07:00:00,Canis lupus,0.5094543585898753,6.368179482373441
2026-09-03 07:05:00,Canis lupus,0.6717831378180178,8.397289222725222
2026-09-03 07:10:00,Canis lupus,0.8465538868690755,10.581923585863445
2026-09-03 07:15:00,Canis lupus,0.6881707970454687,8.602134963068359
2026-09-03 07:20:00,Canis lupus,0.6183252126573642,7.729065158217052
2026-09-03 07:25:00,Canis lupus,0.6534756299138247,8.16844537392281
2026-09-03 07:30:00,Canis lupus,0.7104843757541848,8.88105469692731
2026-09-03 07:35:00,Canis lupus,0.7409376284746859,9.261720355933575
2026-09-03 07:40:00,Canis lupus,0.6568232672784572,8.210290840980715
2026-09-03 07:45:00,Canis lupus,0.6145335343937707,7.6816691799221335
2026-09-03 07:50:00,Canis lupus,0.6564436870962365,8.205546088702956
2026-09-03 07:55:00,Canis lupus,0.6110001330644652,7.637501663305815
2026-09-03 08:00:00,Canis lupus,0.6100981996938473,7.626227496173091
2026-09-03 08:05:00,Canis lupus,0.7284821059773453,9.106026324716817
2026-09-03 08:10:00,Canis lupus,0.6045744699000302,7.557180873750377
2026-09-03 08:15:00,Canis lupus,0.6185690592966888,7.73211324120861
2026-09-03 08:20:00,Canis lupus,0.6361325297660411,7.951656622075514
2026-09-03 08:25:00,Canis lupus,0.4639947146264656,5.79993393283082
2026-09-03 08:30:00,Canis lupus,0.6626679808914792,8.283349761143489
2026-09-03 08:35:00,Canis lupus,0.770827466979253,9.635343337240663
2026-09-03 08:40:00,Canis lupus,0.7599788472750539,9.499735590938174
2026-09-03 08:45:00,Canis lupus,0.7575328933008021,9.469161166260026
2026-09-03 08:50:00,Canis lupus,0.6998869687768541,8.748587109710677
2026-09-03 08:55:00,Canis lupus,0.7539875328560628,9.424844160700784
2026-09-03 09:00:00,Canis lupus,0.6525301177052406,8.156626471315507
2026-09-03 09:05:00,Canis lupus,0.5984385440452199,7.480481800565249
2026-09-03 09:10:00,Canis lupus,0.544147920489212,6.80184900611515
2026-09-03 09:15:00,Canis lupus,0.5465365469481462,6.831706836851828
2026-09-03 09:20:00,Canis lupus,0.6065275713945313,7.581594642431641
2026-09-03 09:25:00,Canis lupus,0.7986671205104228,9.983339006380284
2026-09-03 09:30:00,Canis lupus,0.7458468147208147,9.323085184010184
2026-09-03 09:35:00,Canis lupus,0.7973556884288101,9.966946105360126
2026-09-03 09:40:00,Canis lupus,0.6509845891156205,8.137307363945256
2026-09-03 09:45:00,Canis lupus,0.6844561470956542,8.555701838695677
2026-09-03 09:50:00,Canis lupus,0.7110441889614049,8.88805236201756
2026-09-03 09:55:00,Canis lupus,0.6909210473852994,8.636513092316243
2026-09-03 10:00:00,Canis lupus,0.6739049111581701,8.423811389477127
2026-09-03 10:05:00,Canis lupus,0.7443769617577504,9.304712021971879
2026-09-03 10:10:00,Canis lupus,0.7484204373305986,9.355255466632482
2026-09-03 10:15:00,Canis lupus,0.6915524963605946,8.644406204507431
2026-09-03 10:20:00,Canis lupus,0.7001090109466078,8.751362636832598
2026-09-03 10:25:00,Canis lupus,0.6827170167490227,8.533962709362784
2026-09-03 10:30:00,Canis lupus,0.6768802310616685,8.461002888270857
2026-09-03 10:35:00,Canis lupus,0.7684289863944678,9.605362329930847
2026-09-03 10:40:00,Canis lupus,0.7186547357470963,8.983184196838703
2026-09-03 10:45:00,Canis lupus,0.7608032320563717,9.510040400704646
2026-09-03 10:50:00,Canis lupus,0.5584238013774531,6.980297517218164
2026-09-03 10:55:00,Canis lupus,0.8121130888642399,10.151413610802999
2026-09-03 11:00:00,Canis lupus,0.602713285287577,7.5339160660947115
2026-09-03 11:05:00,Canis lupus,0.6000088961051089,7.500111201313861
2026-09-03 11:10:00,Canis lupus,0.6571779168030771,8.214723960038464
2026-09-03 11:15:00,Canis lupus,0.6166773743351813,7.708467179189767
2026-09-03 11:20:00,Canis lupus,0.523761152748544,6.5470144093568
2026-09-03 11:25:00,Canis lupus,0.6988265614738663,8.73533201842333
2026-09-03 11:30:00,Canis lupus,0.5642793786891787,7.053492233614733
2026-09-03 11:35:00,Canis lupus,0.7358801143063185,9.198501428828981
2026-09-03 11:40:00,Canis lupus,0.6614344067492818,8.267930084366022
2026-09-03 11:45:00,Canis lupus,0.6896783896286375,8.620979870357969
2026-09-03 11:50:00,Canis lupus,0.7093099345042112,8.86637418130264
2026-09-03 11:55:00,Canis lupus,0.6515168895878924,8.143961119848656
2026-09-03 12:00:00,Canis lupus,0.5938743761157076,7.423429701446345
2026-09-03 12:05:00,Canis lupus,0.7004480253828677,8.755600317285845
2026-09-03 12:10:00,Canis lupus,0.5855417865426921,7.319272331783651
2026-09-03 12:15:00,Canis lupus,0.6993115829699584,8.74139478712448
2026-09-03 12:20:00,Canis lupus,0.47932043852977785,5.991505481622223
2026-09-03 12:25:00,Canis lupus,0.5537197264187544,6.921496580234431
2026-09-03 12:30:00,Canis lupus,0.5320217556271997,6.650271945339996
2026-09-03 12:35:00,Canis lupus,0.6418783468950776,8.02347933618847
2026-09-03 12:40:00,Canis lupus,0.7667849480453393,9.58481185056674
2026-09-03 12:45:00,Canis lupus,0.7153239058562754,8.941548823203442
2026-09-03 12:50:00,Canis lupus,0.646999367449322,8.087492093116525
2026-09-03 12:55:00,Canis lupus,0.5431286985464086,6.789108731830106
2026-09-03 13:00:00,Canis lupus,0.6486891342338653,8.108614177923316
2026-09-03 13:05:00,Canis lupus,0.5510170073295029,6.887712591618786
2026-09-03 13:10:00,Canis lupus,0.5793171640915326,7.241464551144157
2026-09-03 13:15:00,Canis lupus,0.5504642200582307,6.8808027507278835
2026-09-03 13:20:00,Canis lupus,0.54360185432875,6.795023179109375
2026-09-03 13:25:00,Canis lupus,0.6093894697276431,7.617368371595538
2026-09-03 13:30:00,Canis lupus,0.5183201977214973,6.479002471518716
2026-09-03 13:35:00,Canis lupus,0.6321824932189615,7.902281165237018
2026-09-03 13:40:00,Canis lupus,0.46498520300692714,5.812315037586589
2026-09-03 13:45:00,Canis lupus,0.4755664914971575,5.944581143714469
2026-09-03 13:50:00,Canis lupus,0.4813942986250608,6.01742873281326
2026-09-03 13:55:00,Canis lupus,0.389944823361571,4.874310292019637
2026-09-03 14:00:00,Canis lupus,0.5186264471735673,6.482830589669591
2026-09-03 14:05:00,Canis lupus,0.5644510885499784,7.05563860687473
2026-09-03 14:10:00,Canis lupus,0.6139150016614134,7.673937520767668
2026-09-03 14:15:00,Canis lupus,0.4654013179544475,5.817516474430594
2026-09-03 14:20:00,Canis lupus,0.4790899187419886,5.988623984274858
2026-09-03 14:25:00,Canis lupus,0.5186426182176448,6.48303272772056
2026-09-03 14:30:00,Canis lupus,0.5669682514613688,7.087103143267109
2026-09-03 14:35:00,Canis lupus,0.3681078248587206,4.601347810734008
2026-09-03 14:40:00,Canis lupus,0.4564059507195896,5.70507438399487
2026-09-03 14:45:00,Canis lupus,0.4626245749944562,5.782807187430702
2026-09-03 14:50:00,Canis lupus,0.5084282324193294,6.3553529052416184
2026-09-03 14:55:00,Canis lupus,0.3660823286188333,4.576029107735416
2026-09-03 15:00:00,Canis lupus,0.4671458894559741,5.839323618199676
2026-09-03 15:05:00,Canis lupus,0.5024687187272705,6.280858984090881
2026-09-03 15:10:00,Canis lupus,0.47473526505610825,5.934190813201353
2026-09-03 15:15:00,Canis lupus,0.3069116296886994,3.8363953711087424
2026-09-03 15:20:00,Canis lupus,0.4535443059973233,5.6693038249665415
2026-09-03 15:25:00,Canis lupus,0.2957386623657925,3.696733279572406
2026-09-03 15:30:00,Canis lupus,0.40466208262730946,5.058276032841368
2026-09-03 15:35:00,Canis lupus,0.5452080608183332,6.815100760229164
2026-09-03 15:40:00,Canis lupus,0.33603599652070726,4.200449956508841
2026-09-03 15:45:00,Canis lupus,0.443130688167689,5.539133602096113
2026-09-03 15:50:00,Canis lupus,0.50366873636328,6.295859204541
2026-09-03 15:55:00,Canis lupus,0.35795599278624685,4.474449909828086
2026-09-03 16:00:00,Canis lupus,0.3852036901417917,4.815046126772396
2026-09-03 16:05:00,Canis lupus,0.442883346686142,5.536041833576775
2026-09-03 16:10:00,Canis lupus,0.4742691941620185,5.928364927025232
2026-09-03 16:15:00,Canis lupus,0.266016774578595,3.3252096822324377
2026-09-03 16:20:00,Canis lupus,0.45739034794926847,5.717379349365856
2026-09-03 16:25:00,Canis lupus,0.2514174926711914,3.1427186583898923
2026-09-03 16:30:00,Canis lupus,0.27251025871203893,3.4063782339004867
2026-09-03 16:35:00,Canis lupus,0.5663849717607514,7.079812147009393
2026-09-03 16:40:00,Canis lupus,0.41924680010162485,5.24058500127031
2026-09-03 16:45:00,Canis lupus,0.26999787952270515,3.3749734940338145
2026-09-03 16:50:00,Canis lupus,0.27804854390978423,3.475606798872303
2026-09-03 16:55:00,Canis lupus,0.3386622150666528,4.2332776883331595
2026-09-03 17:00:00,Canis lupus,0.39734541715058785,4.966817714382348
2026-09-03 17:05:00,Canis lupus,0.3473330317534,4.341662896917501
2026-09-03 17:10:00,Canis lupus,0.34076445834775826,4.259555729346978
2026-09-03 17:15:00,Canis lupus,0.3254127006347622,4.067658757934527
2026-09-03 17:20:00,Canis lupus,0.32208124696242596,4.026015587030325
2026-09-03 17:25:00,Canis lupus,0.39394128033584597,4.924266004198074
2026-09-03 17:30:00,Canis lupus,0.17927050598385086,2.240881324798136
2026-09-03 17:35:00,Canis lupus,0.3544328199789544,4.43041024973693
2026-09-03 17:40:00,Canis lupus,0.2681825942981173,3.3522824287264665
2026-09-03 17:45:00,Canis lupus,0.32647299113774275,4.080912389221784
2026-09-03 17:50:00,Canis lupus,0.24121185261424177,3.015148157678022
2026-09-03 17:55:00,Canis lupus,0.3858819759837642,4.823524699797053
2026-09-03 18:00:00,Canis lupus,0.1977517897016871,2.4718973712710888
2026-09-03 18:05:00,Canis lupus,0.21047124844262288,2.630890605532786
2026-09-03 18:10:00,Canis lupus,0.2905004454521233,3.631255568151541
2026-09-03 18:15:00,Canis lupus,0.2739400862240545,3.4242510778006814
2026-09-03 18:20:00,Canis lupus,0.36457678209167643,4.557209776145956
2026-09-03 18:25:00,Canis lupus,0.24639519649553876,3.0799399561942344
2026-09-03 18:30:00,Canis lupus,0.2859674575400656,3.57459321925082
2026-09-03 18:35:00,Canis lupus,0.05757792682988683,0.7197240853735853
2026-09-03 18:40:00,Canis lupus,0.15422822807821412,1.9278528509776764
2026-09-03 18:45:00,Canis lupus,0.23463198522264994,2.9328998152831245
2026-09-03 18:50:00,Canis lupus,0.25231383186460454,3.153922898307557
2026-09-03 18:55:00,Canis lupus,0.06672878752580479,0.8341098440725598
2026-09-03 19:00:00,Canis lupus,0.15794060701189078,1.9742575876486348
2026-09-03 19:05:00,Canis lupus,0.04624035880172528,0.578004485021566
2026-09-03 19:10:00,Canis lupus,0.17439439232561008,2.179929904070126
2026-09-03 19:15:00,Canis lupus,0.19251670817527122,2.40645885219089
2026-09-03 19:20:00,Canis lupus,0.04900504270866754,0.6125630338583442
2026-09-03 19:25:00,Canis lupus,0.27849281517130586,3.481160189641323
2026-09-03 19:30:00,Canis lupus,0.09910610683206383,1.238826335400798
2026-09-03 19:35:00,Canis lupus,0.09115070731443665,1.1393838414304582
2026-09-03 19:40:00,Canis lupus,0.21982737319013188,2.7478421648766482
2026-09-03 19:45:00,Canis lupus,0.10654693297147427,1.3318366621434283
2026-09-03 19:50:00,Canis lupus,0.1707082279672156,2.133852849590195
2026-09-03 19:55:00,Canis lupus,0.22300110576099935,2.787513822012492
2026-09-03 20:00:00,Canis lupus,0.1766683743120596,2.208354678900745
2026-09-03 20:05:00,Canis lupus,0.09049314544716888,1.131164318089611
2026-09-03 20:10:00,Canis lupus,0.221931825211781,2.7741478151472627
2026-09-03 20:15:00,Canis lupus,0.12706024804737773,1.5882531005922216
2026-09-03 20:20:00,Canis lupus,0.01897415857161283,0.2371769821451604
2026-09-03 20:25:00,Canis lupus,0.18261002482240132,2.2826253102800167
2026-09-03 20:30:00,Canis lupus,0.17850813592069714,2.231351699008714
2026-09-03 20:35:00,Canis lupus,0.05433722845961411,0.6792153557451764
2026-09-03 20:40:00,Canis lupus,0.20177683445742614,2.5222104307178266
2026-09-03 20:45:00,Canis lupus,0.07442309918526516,0.9302887398158145
2026-09-03 20:50:00,Canis lupus,0.044629058473461686,0.5578632309182711
2026-09-03 20:55:00,Canis lupus,0.0999707720529272,1.24963465066159
2026-09-03 21:00:00,Canis lupus,0.10735803666253024,1.3419754582816281
2026-09-03 21:05:00,Canis lupus,0.20738287747971074,2.5922859684963844
2026-09-03 21:10:00,Canis lupus,0.0,0.0
2026-09-03 21:15:00,Canis lupus,0.17776532255272248,2.222066531909031
2026-09-03 21:20:00,Canis lupus,0.0281550353642038,0.3519379420525475
2026-09-03 21:25:00,Canis lupus,0.14754469676488674,1.8443087095610842
2026-09-03 21:30:00,Canis lupus,0.20188262955211497,2.523532869401437
2026-09-03 21:35:00,Canis lupus,0.0,0.0
2026-09-03 21:40:00,Canis lupus,0.030141087210185685,0.3767635901273211
2026-09-03 21:45:00,Canis lupus,0.0,0.0
2026-09-03 21:50:00,Canis lupus,0.12253272840288543,1.5316591050360677
2026-09-03 21:55:00,Canis lupus,0.196469768311,2.4558721038874998
2026-09-03 22:00:00,Canis lupus,0.10326424854557592,1.290803106819699
2026-09-03 22:05:00,Canis lupus,0.07343980341308916,0.9179975426636144
2026-09-03 22:10:00,Canis lupus,0.20093869438961376,2.511733679870172
2026-09-03 22:15:00,Canis lupus,0.1643893951862052,2.0548674398275653
2026-09-03 22:20:00,Canis lupus,0.1295235185828402,1.6190439822855025
2026-09-03 22:25:00,Canis lupus,0.1105182080574729,1.381477600718411
2026-09-03 22:30:00,Canis lupus,0.1471761006844685,1.8397012585558565
2026-09-03 22:35:00,Canis lupus,0.018299269362926335,0.2287408670365792
2026-09-03 22:40:00,Canis lupus,0.10957597898570058,1.3696997373212572
2026-09-03 22:45:00,Canis lupus,0.03573150367432057,0.4466437959290071
2026-09-03 22:50:00,Canis lupus,0.199852411350295,2.4981551418786876
2026-09-03 22:55:00,Canis lupus,0.18115786577059254,2.2644733221324067
2026-09-03 23:00:00,Canis lupus,0.0,0.0
2026-09-03 23:05:00,Canis lupus,0.050663552843625524,0.6332944105453191
2026-09-03 23:10:00,Canis lupus,0.13960745611969727,1.745093201496216
2026-09-03 23:15:00,Canis lupus,0.11639088646164289,1.4548860807705362
2026-09-03 23:20:00,Canis lupus,0.04418012895625051,0.5522516119531313
2026-09-03 23:25:00,Canis lupus,0.1833450986981922,2.2918137337274027
2026-09-03 23:30:00,Canis lupus,0.058313466963623106,0.7289183370452889
2026-09-03 23:35:00,Canis lupus,0.13458973042047442,1.6823716302559304
2026-09-03 23:40:00,Canis lupus,0.15940114571945554,1.9925143214931944
2026-09-03 23:45:00,Canis lupus,0.1059661558221821,1.3245769477772764
2026-09-03 23:50:00,Canis lupus,0.06733425948837278,0.8416782436046597
2026-09-03 23:55:00,Canis lupus,0.12608525575245463,1.576065696905683
2026-09-04 00:00:00,Canis lupus,0.06631976072113974,0.8289970090142467
2026-09-04 00:05:00,Canis lupus,0.1129091036465433,1.4113637955817913
2026-09-04 00:10:00,Canis lupus,0.10153557491196358,1.2691946863995447
2026-09-04 00:15:00,Canis lupus,0.10482093992851355,1.3102617491064192
2026-09-04 00:20:00,Canis lupus,0.1963136584986447,2.453920731233059
2026-09-04 00:25:00,Canis lupus,0.18414298310663849,2.301787288832981
2026-09-04 00:30:00,Canis lupus,0.15776248812882004,1.9720311016102505
2026-09-04 00:35:00,Canis lupus,0.1293193865704734,1.6164923321309175
2026-09-04 00:40:00,Canis lupus,0.1474911598633556,1.8436394982919448
2026-09-04 00:45:00,Canis lupus,0.24123803902865076,3.0154754878581347
2026-09-04 00:50:00,Canis lupus,0.15355443778011152,1.919430472251394
2026-09-04 00:55:00,Canis lupus,0.19444067331192794,2.4305084163990993
2026-09-04 01:00:00,Canis lupus,0.2665813112065253,3.332266390081566
2026-09-04 01:05:00,Canis lupus,0.17943336852028258,2.242917106503532
2026-09-04 01:10:00,Canis lupus,0.14261618634499845,1.7827023293124806
2026-09-04 01:15:00,Canis lupus,0.1999692113248737,2.499615141560921
2026-09-04 01:20:00,Canis lupus,0.2978172057947459,3.722715072434324
2026-09-04 01:25:00,Canis lupus,0.23516056744104977,2.939507093013122
2026-09-04 01:30:00,Canis lupus,0.14535859217118682,1.8169824021398353
2026-09-04 01:35:00,Canis lupus,0.2940750404725361,3.675938005906701
2026-09-04 01:40:00,Canis lupus,0.14326818673906005,1.7908523342382507
2026-09-04 01:45:00,Canis lupus,0.19330535914173158,2.4163169892716447
2026-09-04 01:50:00,Canis lupus,0.29065838261382393,3.633229782672799
2026-09-04 01:55:00,Canis lupus,0.2600793579967076,3.250991974958845
2026-09-04 02:00:00,Canis lupus,0.3530404774032483,4.413005967540603
2026-09-04 02:05:00,Canis lupus,0.2524390094966885,3.1554876187086065
2026-09-04 02:10:00,Canis lupus,0.3543080949702306,4.428851187127882
2026-09-04 02:15:00,Canis lupus,0.2879618573709409,3.599523217136761
2026-09-04 02:20:00,Canis lupus,0.45385982546909787,5.673247818363723
2026-09-04 02:25:00,Canis lupus,0.31384699106598996,3.9230873883248742
2026-09-04 02:30:00,Canis lupus,0.3222105173843194,4.027631467303992
2026-09-04 02:35:00,Canis lupus,0.2486598071523839,3.1082475894047987
2026-09-04 02:40:00,Canis lupus,0.2660534690128526,3.3256683626606574
2026-09-04 02:45:00,Canis lupus,0.3878305887365548,4.847882359206935
2026-09-04 02:50:00,Canis lupus,0.30532948335364235,3.8166185419205294
2026-09-04 02:55:00,Canis lupus,0.30656362826745664,3.832045353343208
2026-09-04 03:00:00,Canis lupus,0.37288276576508594,4.661034572063574
2026-09-04 03:05:00,Canis lupus,0.3778300649222069,4.722875811527586
2026-09-04 03:10:00,Canis lupus,0.4875393267882978,6.094241584853723
2026-09-04 03:15:00,Canis lupus,0.4560420573986075,5.700525717482593
2026-09-04 03:20:00,Canis lupus,0.3949719477529384,4.93714934691173
2026-09-04 03:25:00,Canis lupus,0.36446313744685876,4.555789218085734
2026-09-04 03:30:00,Canis lupus,0.2305891970902596,2.882364963628245
2026-09-04 03:35:00,Canis lupus,0.29086564672979026,3.6358205841223783
2026-09-04 03:40:00,Canis lupus,0.36465683423466777,4.558210427933347
2026-09-04 03:45:00,Canis lupus,0.3848160122783595,4.810200153479494
2026-09-04 03:50:00,Canis lupus,0.30318268559266637,3.7897835699083298
2026-09-04 03:55:00,Canis lupus,0.5538321635648461,6.922902044560576
2026-09-04 04:00:00,Canis lupus,0.34272112891056283,4.284014111382035
2026-09-04 04:05:00,Canis lupus,0.3431243310507318,4.289054138134148
2026-09-04 04:10:00,Canis lupus,0.38782693381085853,4.847836672635732
2026-09-04 04:15:00,Canis lupus,0.5516333565881157,6.895416957351447
2026-09-04 04:20:00,Canis lupus,0.25111726791188094,3.1389658488985117
2026-09-04 04:25:00,Canis lupus,0.5774750198916886,7.2184377486461075
2026-09-04 04:30:00,Canis lupus,0.41924567571876725,5.24057094648459
2026-09-04 04:35:00,Canis lupus,0.4741103525890896,5.92637940736362
2026-09-04 04:40:00,Canis lupus,0.4314949493190861,5.393686866488577
2026-09-04 04:45:00,Canis lupus,0.48963635720320536,6.120454465040067
2026-09-04 04:50:00,Canis lupus,0.2540929822530104,3.17616227816263
2026-09-04 04:55:00,Canis lupus,0.4808710397037375,6.010887996296719
2026-09-04 05:00:00,Canis lupus,0.5126863813156617,6.408579766445771
2026-09-04 05:05:00,Canis lupus,0.36897189773943706,4.6121487217429635
2026-09-04 05:10:00,Canis lupus,0.5762145449220101,7.202681811525126
2026-09-04 05:15:00,Canis lupus,0.585492069505809,7.318650868822613
2026-09-04 05:20:00,Canis lupus,0.5076983026880507,6.346228783600634
2026-09-04 05:25:00,Canis lupus,0.6311707513864759,7.889634392330949
2026-09-04 05:30:00,Canis lupus,0.6757764407738557,8.447205509673196
2026-09-04 05:35:00,Canis lupus,0.49342875508439715,6.167859438554965
2026-09-04 05:40:00,Canis lupus,0.4771186918439865,5.963983648049831
2026-09-04 05:45:00,Canis lupus,0.45350204963184737,5.668775620398092
2026-09-04 05:50:00,Canis lupus,0.4297390731851881,5.3717384148148515
2026-09-04 05:55:00,Canis lupus,0.6177306931435453,7.721633664294317
2026-09-04 06:00:00,Canis lupus,0.4756020192615258,5.9450252407690725
2026-09-04 06:05:00,Canis lupus,0.5172515402416041,6.465644253020051
2026-09-04 06:10:00,Canis lupus,0.5393948410049896,6.74243551256237
2026-09-04 06:15:00,Canis lupus,0.5235972378357464,6.5449654729468305
2026-09-04 06:20:00,Canis lupus,0.42742142297715063,5.342767787214383
2026-09-04 06:25:00,Canis lupus,0.4927022902083919,6.158778627604899
2026-09-04 06:30:00,Canis lupus,0.5595524277627008,6.9944053470337595
2026-09-04 06:35:00,Canis lupus,0.5608526290511118,7.010657863138897
2026-09-04 06:40:00,Canis lupus,0.5026091099792387,6.282613874740484
2026-09-04 06:45:00,Canis lupus,0.5470614369399049,6.838267961748812
2026-09-04 06:50:00,Canis lupus,0.5329232371574062,6.661540464467578
2026-09-04 06:55:00,Canis lupus,0.7390479474476168,9.238099343095211
2026-09-04 07:00:00,Canis lupus,0.6096330030590122,7.6204125382376535
2026-09-04 07:05:00,Canis lupus,0.4474458847151738,5.593073558939673
2026-09-04 07:10:00,Canis lupus,0.6767463662272166,8.459329577840208
2026-09-04 07:15:00,Canis lupus,0.6940990651381,8.67623831422625
2026-09-04 07:20:00,Canis lupus,0.5953992418816035,7.4424905235200445
2026-09-04 07:25:00,Canis lupus,0.6907704809390215,8.634631011737769
2026-09-04 07:30:00,Canis lupus,0.5867870345424534,7.334837931780667
2026-09-04 07:35:00,Canis lupus,0.5671877693651793,7.089847117064742
2026-09-04 07:40:00,Canis lupus,0.5718922757705891,7.1486534471323635
2026-09-04 07:45:00,Canis lupus,0.5731255393248629,7.164069241560786
2026-09-04 07:50:00,Canis lupus,0.5149550786702908,6.4369384833786345
2026-09-04 07:55:00,Canis lupus,0.6306288956241514,7.882861195301892
2026-09-04 08:00:00,Canis lupus,0.6249112716216456,7.81139089527057
2026-09-04 08:05:00,Canis lupus,0.8473243766960692,10.591554708700865
2026-09-04 08:10:00,Canis lupus,0.4898988695005574,6.123735868756968
2026-09-04 08:15:00,Canis lupus,0.5587087624732316,6.983859530915396
2026-09-04 08:20:00,Canis lupus,0.6299757692618204,7.874697115772755
2026-09-04 08:25:00,Canis lupus,0.6616968970080854,8.271211212601068
2026-09-04 08:30:00,Canis lupus,0.7211658477012167,9.01457309626521
2026-09-04 08:35:00,Canis lupus,0.6566960021409889,8.208700026762362
2026-09-04 08:40:00,Canis lupus,0.7667685062810673,9.584606328513342
2026-09-04 08:45:00,Canis lupus,0.842891273935561,10.536140924194513
2026-09-04 08:50:00,Canis lupus,0.8468372060247468,10.585465075309335
2026-09-04 08:55:00,Canis lupus,0.7732964528471774,9.666205660589718
2026-09-04 09:00:00,Canis lupus,0.5664466100467602,7.080582625584503
2026-09-04 09:05:00,Canis lupus,0.5887461629575201,7.359327036969002
2026-09-04 09:10:00,Canis lupus,0.7491619611688058,9.364524514610073
2026-09-04 09:15:00,Canis lupus,0.7880313537863103,9.850391922328878
2026-09-04 09:20:00,Canis lupus,0.652431766595072,8.1553970824384
2026-09-04 09:25:00,Canis lupus,0.6568523678966808,8.21065459870851
2026-09-04 09:30:00,Canis lupus,0.7063076284645816,8.828845355807271
2026-09-04 09:35:00,Canis lupus,0.6776500007919447,8.470625009899308
2026-09-04 09:40:00,Canis lupus,0.6551842482480114,8.189803103100141
2026-09-04 09:45:00,Canis lupus,0.6599840039659748,8.249800049574684
2026-09-04 09:50:00,Canis lupus,0.6971352728928635,8.714190911160793
2026-09-04 09:55:00,Canis lupus,0.7574783303882598,9.468479129853248
2026-09-04 10:00:00,Canis lupus,0.6106574943680168,7.633218679600209
2026-09-04 10:05:00,Canis lupus,0.7320982437550102,9.151228046937627
2026-09-04 10:10:00,Canis lupus,0.5536770241203466,6.9209628015043325
2026-09-04 10:15:00,Canis lupus,0.703324690459608,8.7915586307451
2026-09-04 10:20:00,Canis lupus,0.6423915791842474,8.029894739803092
2026-09-04 10:25:00,Canis lupus,0.7708315969441988,9.635394961802485
2026-09-04 10:30:00,Canis lupus,0.8356650062367499,10.445812577959373
2026-09-04 10:35:00,Canis lupus,0.7525552982787884,9.406941228484856
2026-09-04 10:40:00,Canis lupus,0.6796208118761531,8.495260148451914
2026-09-04 10:45:00,Canis lupus,0.7844833945670537,9.806042432088171
2026-09-04 10:50:00,Canis lupus,0.6652497040222465,8.315621300278082
2026-09-04 10:55:00,Canis lupus,0.7548777174984095,9.435971468730118
2026-09-04 11:00:00,Canis lupus,0.6450558634990831,8.063198293738537
2026-09-04 11:05:00,Canis lupus,0.5466616355583238,6.833270444479048
2026-09-04 11:10:00,Canis lupus,0.6948180424747548,8.685225530934435
2026-09-04 11:15:00,Canis lupus,0.6361582598403638,7.951978248004547
2026-09-04 11:20:00,Canis lupus,0.5238640016738073,6.548300020922591
2026-09-04 11:25:00,Canis lupus,0.8130925253540915,10.163656566926143
2026-09-04 11:30:00,Canis lupus,0.558133520699085,6.976669008738562
2026-09-04 11:35:00,Canis lupus,0.6139407609169993,7.674259511462492
2026-09-04 11:40:00,Canis lupus,0.7128739545167261,8.910924431459076
2026-09-04 11:45:00,Canis lupus,0.5922057484775975,7.40257185596997
2026-09-04 11:50:00,Canis lupus,0.6098005471260249,7.622506839075312
2026-09-04 11:55:00,Canis lupus,0.5637426014851784,7.04678251856473
2026-09-04 12:00:00,Canis lupus,0.5944990559485712,7.43123819935714
2026-09-04 12:05:00,Canis lupus,0.5344476010939709,6.680595013674637
2026-09-04 12:10:00,Canis lupus,0.7204753687387545,9.00594210923443
2026-09-04 12:15:00,Canis lupus,0.6021407577440604,7.526759471800755
2026-09-04 12:20:00,Canis lupus,0.6995982604129567,8.744978255161959
2026-09-04 12:25:00,Canis lupus,0.6411588038882658,8.014485048603323
2026-09-04 12:30:00,Canis lupus,0.5726845464116099,7.158556830145124
2026-09-04 12:35:00,Canis lupus,0.7315291704611109,9.144114630763886
2026-09-04 12:40:00,Canis lupus,0.678332351275327,8.479154390941588
2026-09-04 12:45:00,Canis lupus,0.6970199306850204,8.712749133562756
2026-09-04 12:50:00,Canis lupus,0.6556738055819225,8.19592256977403
2026-09-04 12:55:00,Canis lupus,0.652211564482025,8.152644556025312
2026-09-04 13:00:00,Canis lupus,0.8694472706902008,10.86809088362751
2026-09-04 13:05:00,Canis lupus,0.5598037698182767,6.997547122728459
2026-09-04 13:10:00,Canis lupus,0.6234598376464122,7.793247970580152
2026-09-04 13:15:00,Canis lupus,0.6432054670600524,8.040068338250656
2026-09-04 13:20:00,Canis lupus,0.5922739931595146,7.403424914493932
2026-09-04 13:25:00,Canis lupus,0.6251990624557674,7.814988280697093
2026-09-04 13:30:00,Canis lupus,0.573986337229606,7.1748292153700755
2026-09-04 13:35:00,Canis lupus,0.4833435296122484,6.041794120153106
2026-09-04 13:40:00,Canis lupus,0.5472803661828183,6.841004577285228
2026-09-04 13:45:00,Canis lupus,0.47062036928378825,5.882754616047353
2026-09-04 13:50:00,Canis lupus,0.5366705776182813,6.708382220228517
2026-09-04 13:55:00,Canis lupus,0.4681551413336129,5.851939266670161
2026-09-04 14:00:00,Canis lupus,0.5303137170340785,6.628921462925981
2026-09-04 14:05:00,Canis lupus,0.41947509617210005,5.24343870215125
2026-09-04 14:10:00,Canis lupus,0.5943043527323926,7.428804409154907
2026-09-04 14:15:00,Canis lupus,0.5194674430084921,6.493343037606151
2026-09-04 14:20:00,Canis lupus,0.43632995139293007,5.454124392411626
2026-09-04 14:25:00,Canis lupus,0.5372196552187997,6.715245690234996
2026-09-04 14:30:00,Canis lupus,0.5481811505336703,6.852264381670879
2026-09-04 14:35:00,Canis lupus,0.517203510004469,6.465043875055862
2026-09-04 14:40:00,Canis lupus,0.49777587861825406,6.222198482728176
2026-09-04 14:45:00,Canis lupus,0.45162850996725173,5.645356374590647
2026-09-04 14:50:00,Canis lupus,0.5215919833946399,6.519899792432998
2026-09-04 14:55:00,Canis lupus,0.4188286608483488,5.23535826060436
2026-09-04 15:00:00,Canis lupus,0.3796029025331299,4.745036281664124
2026-09-04 15:05:00,Canis lupus,0.534809029295545,6.685112866194312
2026-09-04 15:10:00,Canis lupus,0.6160644253514708,7.700805316893384
2026-09-04 15:15:00,Canis lupus,0.4463183346223102,5.578979182778878
2026-09-04 15:20:00,Canis lupus,0.3824535886996225,4.780669858745281
2026-09-04 15:25:00,Canis lupus,0.273308295408537,3.416353692606713
2026-09-04 15:30:00,Canis lupus,0.4723898355826818,5.904872944783523
2026-09-04 15:35:00,Canis lupus,0.4263592576523488,5.32949072065436
2026-09-04 15:40:00,Canis lupus,0.4290669865659789,5.363337332074736
2026-09-04 15:45:00,Canis lupus,0.41905933762995423,5.238241720374428
2026-09-04 15:50:00,Canis lupus,0.4610344551090088,5.76293068886261
2026-09-04 15:55:00,Canis lupus,0.4163108394837194,5.203885493546492
2026-09-04 16:00:00,Canis lupus,0.3497557516096091,4.3719468951201135
2026-09-04 16:05:00,Canis lupus,0.47695620864492516,5.961952608061565
2026-09-04 16:10:00,Canis lupus,0.421322292260707,5.266528653258837
2026-09-04 16:15:00,Canis lupus,0.4110073138180972,5.1375914227262145
2026-09-04 16:20:00,Canis lupus,0.2178571366006086,2.7232142075076076
2026-09-04 16:25:00,Canis lupus,0.4218227300131134,5.272784125163917
2026-09-04 16:30:00,Canis lupus,0.4596198804243956,5.745248505304945
2026-09-04 16:35:00,Canis lupus,0.31447877707557326,3.9309847134446656
2026-09-04 16:40:00,Canis lupus,0.3453404590239184,4.31675573779898
2026-09-04 16:45:00,Canis lupus,0.32802892073396733,4.100361509174592
2026-09-04 16:50:00,Canis lupus,0.2892418881353664,3.6155236016920798
2026-09-04 16:55:00,Canis lupus,0.40370200643887744,5.046275080485968
2026-09-04 17:00:00,Canis lupus,0.2239159946766649,2.798949933458311
2026-09-04 17:05:00,Canis lupus,0.3163452824607199,3.954316030758999
2026-09-04 17:10:00,Canis lupus,0.40549146837467454,5.068643354683432
2026-09-04 17:15:00,Canis lupus,0.2624193032109798,3.2802412901372473
2026-09-04 17:20:00,Canis lupus,0.20756262512461893,2.5945328140577364
2026-09-04 17:25:00,Canis lupus,0.3978975145655982,4.9737189320699775
2026-09-04 17:30:00,Canis lupus,0.2545263039604801,3.181578799506001
2026-09-04 17:35:00,Canis lupus,0.32208510228347076,4.026063778543384
2026-09-04 17:40:00,Canis lupus,0.24838593020853522,3.1048241276066904
2026-09-04 17:45:00,Canis lupus,0.30264101794752707,3.7830127243440885
2026-09-04 17:50:00,Canis lupus,0.24937075081723778,3.117134385215472
2026-09-04 17:55:00,Canis lupus,0.27444989941716713,3.430623742714589
2026-09-04 18:00:00,Canis lupus,0.11663013977001588,1.4578767471251985
2026-09-04 18:05:00,Canis lupus,0.13026067832288593,1.6282584790360741
2026-09-04 18:10:00,Canis lupus,0.18018974939759405,2.252371867469926
2026-09-04 18:15:00,Canis lupus,0.09427780760416007,1.178472595052001
2026-09-04 18:20:00,Canis lupus,0.25770448352764896,3.221306044095612
2026-09-04 18:25:00,Canis lupus,0.3623786884118657,4.529733605148321
2026-09-04 18:30:00,Canis lupus,0.3697296095729039,4.621620119661299
2026-09-04 18:35:00,Canis lupus,0.32688842693738157,4.08610533671727
2026-09-04 18:40:00,Canis lupus,0.31685435984839144,3.960679498104893
2026-09-04 18:45:00,Canis lupus,0.15150358643009088,1.893794830376136
2026-09-04 18:50:00,Canis lupus,0.21677603348596067,2.709700418574508
2026-09-04 18:55:00,Canis lupus,0.1343584253243121,1.6794803165539014
2026-09-04 19:00:00,Canis lupus,0.23164579954273157,2.8955724942841448
2026-09-04 19:05:00,Canis lupus,0.28266763749749,3.5333454687186254
2026-09-04 19:10:00,Canis lupus,0.22457267173235296,2.807158396654412
2026-09-04 19:15:00,Canis lupus,0.13094167799376294,1.6367709749220367
2026-09-04 19:20:00,Canis lupus,0.030636650534800497,0.3829581316850062
2026-09-04 19:25:00,Canis lupus,0.1277052181982875,1.596315227478594
2026-09-04 19:30:00,Canis lupus,0.10893329836598858,1.3616662295748574
2026-09-04 19:35:00,Canis lupus,0.15549688944137466,1.9437111180171833
2026-09-04 19:40:00,Canis lupus,0.14758953756161322,1.8448692195201652
2026-09-04 19:45:00,Canis lupus,0.10977932973039885,1.3722416216299855
2026-09-04 19:50:00,Canis lupus,0.21790434451658333,2.7238043064572914
2026-09-04 19:55:00,Canis lupus,0.05249522876990495,0.6561903596238119
2026-09-04 20:00:00,Canis lupus,0.05670317196716247,0.708789649589531
2026-09-04 20:05:00,Canis lupus,0.3180500256301729,3.9756253203771608
2026-09-04 20:10:00,Canis lupus,0.09720779437344458,1.2150974296680572
2026-09-04 20:15:00,Canis lupus,0.11563451773003786,1.4454314716254733
2026-09-04 20:20:00,Canis lupus,0.15531438305873954,1.9414297882342442
2026-09-04 20:25:00,Canis lupus,0.11376303811866746,1.4220379764833433
2026-09-04 20:30:00,Canis lupus,0.2868958966941973,3.586198708677466
2026-09-04 20:35:00,Canis lupus,0.2074532361392146,2.5931654517401825
2026-09-04 20:40:00,Canis lupus,0.06430833654140045,0.8038542067675056
2026-09-04 20:45:00,Canis lupus,0.10276593629685966,1.2845742037107457
2026-09-04 20:50:00,Canis lupus,0.06384394974850341,0.7980493718562927
2026-09-04 20:55:00,Canis lupus,0.20861244969038573,2.6076556211298216
2026-09-04 21:00:00,Canis lupus,0.09581747356423331,1.1977184195529165
2026-09-04 21:05:00,Canis lupus,0.06308606831993452,0.7885758539991815
2026-09-04 21:10:00,Canis lupus,0.12463747684019903,1.557968460502488
2026-09-04 21:15:00,Canis lupus,0.28344497838893196,3.5430622298616496
2026-09-04 21:20:00,Canis lupus,0.06038562801130811,0.7548203501413514
2026-09-04 21:25:00,Canis lupus,0.045177120708258724,0.5647140088532341
2026-09-04 21:30:00,Canis lupus,0.0,0.0
2026-09-04 21:35:00,Canis lupus,0.10290927890919746,1.2863659863649684
2026-09-04 21:40:00,Canis lupus,0.1599387108653916,1.999233885817395
2026-09-04 21:45:00,Canis lupus,0.058412099908317035,0.730151248853963
2026-09-04 21:50:00,Canis lupus,0.09728058912118094,1.2160073640147617
2026-09-04 21:55:00,Canis lupus,0.20546322107550385,2.568290263443798
2026-09-04 22:00:00,Canis lupus,0.1363589556167804,1.704486945209755
2026-09-04 22:05:00,Canis lupus,0.0879975576516129,1.0999694706451613
2026-09-04 22:10:00,Canis lupus,0.10551477709640576,1.318934713705072
2026-09-04 22:15:00,Canis lupus,0.09201540968255498,1.1501926210319373
2026-09-04 22:20:00,Canis lupus,0.15284513964701749,1.9105642455877185
2026-09-04 22:25:00,Canis lupus,0.13110446072639134,1.6388057590798917
2026-09-04 22:30:00,Canis lupus,0.1402773810007473,1.7534672625093413
2026-09-04 22:35:00,Canis lupus,0.12086866886486847,1.510858360810856
2026-09-04 22:40:00,Canis lupus,0.06708982661363516,0.8386228326704395
2026-09-04 22:45:00,Canis lupus,0.1301729341335926,1.6271616766699075
2026-09-04 22:50:00,Canis lupus,0.007352790516330865,0.09190988145413581
2026-09-04 22:55:00,Canis lupus,0.12043588882053426,1.5054486102566782
2026-09-04 23:00:00,Canis lupus,0.15338220031004157,1.9172775038755197
2026-09-04 23:05:00,Canis lupus,0.10394384854424683,1.2992981068030853
2026-09-04 23:10:00,Canis lupus,0.11088194453102158,1.3860243066377698
2026-09-04 23:15:00,Canis lupus,0.16441392653929726,2.0551740817412156
2026-09-04 23:20:00,Canis lupus,0.008816410315920425,0.11020512894900532
2026-09-04 23:25:00,Canis lupus,0.08649455682120052,1.0811819602650066
2026-09-04 23:30:00,Canis lupus,0.21438882999565162,2.6798603749456453
2026-09-04 23:35:00,Canis lupus,0.22082551720486399,2.7603189650608
2026-09-04 23:40:00,Canis lupus,0.03139101287272447,0.3923876609090559
2026-09-04 23:45:00,Canis lupus,0.012217900594031758,0.15272375742539698
2026-09-04 23:50:00,Canis lupus,0.12122143892189413,1.5152679865236767
2026-09-04 23:55:00,Canis lupus,0.24955669158485494,3.119458644810687
2026-09-05 00:00:00,Canis lupus,0.22447271560370896,2.805908945046362
2026-09-05 00:05:00,Canis lupus,0.2003990209452741,2.504987761815926
2026-09-05 00:10:00,Canis lupus,0.0932511547068336,1.16563943383542
2026-09-05 00:15:00,Canis lupus,0.07821693636792497,0.9777117045990621
2026-09-05 00:20:00,Canis lupus,0.16994662420309914,2.1243328025387394
2026-09-05 00:25:00,Canis lupus,0.08533497421338522,1.0666871776673152
2026-09-05 00:30:00,Canis lupus,0.07056419895353896,0.8820524869192371
2026-09-05 00:35:00,Canis lupus,0.3356384653168627,4.195480816460783
2026-09-05 00:40:00,Canis lupus,0.20080744760291264,2.510093095036408
2026-09-05 00:45:00,Canis lupus,0.28268093475012324,3.5335116843765406
2026-09-05 00:50:00,Canis lupus,0.14205217286232077,1.7756521607790097
2026-09-05 00:55:00,Canis lupus,0.28855179467681,3.606897433460125
2026-09-05 01:00:00,Canis lupus,0.37027352693600024,4.628419086700003
2026-09-05 01:05:00,Canis lupus,0.017411952149793797,0.21764940187242246
2026-09-05 01:10:00,Canis lupus,0.2696078694416166,3.3700983680202072
2026-09-05 01:15:00,Canis lupus,0.13551419330192102,1.6939274162740128
2026-09-05 01:20:00,Canis lupus,0.08249027544309118,1.0311284430386398
2026-09-05 01:25:00,Canis lupus,0.21815226274924296,2.726903284365537
2026-09-05 01:30:00,Canis lupus,0.22558923920253576,2.819865490031697
2026-09-05 01:35:00,Canis lupus,0.21815073963227918,2.7268842454034896
2026-09-05 01:40:00,Canis lupus,0.2686957739243909,3.3586971740548863
2026-09-05 01:45:00,Canis lupus,0.1928788872745717,2.410986090932146
2026-09-05 01:50:00,Canis lupus,0.2394852740003867,2.9935659250048334
2026-09-05 01:55:00,Canis lupus,0.24320997130059155,3.0401246412573943
2026-09-05 02:00:00,Canis lupus,0.1355194285821367,1.6939928572767087
2026-09-05 02:05:00,Canis lupus,0.27112350525477746,3.3890438156847185
2026-09-05 02:10:00,Canis lupus,0.256133111338661,3.2016638917332627
2026-09-05 02:15:00,Canis lupus,0.3066378606602041,3.8329732582525513
2026-09-05 02:20:00,Canis lupus,0.2784876191792284,3.4810952397403545
2026-09-05 02:25:00,Canis lupus,0.28859740089086267,3.6074675111357832
2026-09-05 02:30:00,Canis lupus,0.24880897678081743,3.1101122097602176
2026-09-05 02:35:00,Canis lupus,0.2317725873866966,2.8971573423337076
2026-09-05 02:40:00,Canis lupus,0.42067776293453657,5.258472036681707
2026-09-05 02:45:00,Canis lupus,0.29782210421255456,3.722776302656932
2026-09-05 02:50:00,Canis lupus,0.2038606418169135,2.5482580227114187
2026-09-05 02:55:00,Canis lupus,0.26584544499447227,3.3230680624309032
2026-09-05 03:00:00,Canis lupus,0.41375144529597985,5.171893066199748
2026-09-05 03:05:00,Canis lupus,0.3161595014897848,3.9519937686223097
2026-09-05 03:10:00,Canis lupus,0.3602213664989493,4.5027670812368665
2026-09-05 03:15:00,Canis lupus,0.32072393319255876,4.009049164906984
2026-09-05 03:20:00,Canis lupus,0.35491914424457716,4.436489303057215
2026-09-05 03:25:00,Canis lupus,0.307856617181315,3.8482077147664375
2026-09-05 03:30:00,Canis lupus,0.343301304570323,4.291266307129037
2026-09-05 03:35:00,Canis lupus,0.42640538288225127,5.330067286028141
2026-09-05 03:40:00,Canis lupus,0.29346584090821815,3.6683230113527268
2026-09-05 03:45:00,Canis lupus,0.5000906712429791,6.251133390537239
2026-09-05 03:50:00,Canis lupus,0.42543163001049067,5.317895375131133
2026-09-05 03:55:00,Canis lupus,0.4242123308046547,5.302654135058184
2026-09-05 04:00:00,Canis lupus,0.37362137512713367,4.670267189089171
2026-09-05 04:05:00,Canis lupus,0.3514604145626193,4.393255182032741
2026-09-05 04:10:00,Canis lupus,0.41673789180392745,5.209223647549093
2026-09-05 04:15:00,Canis lupus,0.6340051195226724,7.925063994033405
2026-09-05 04:20:00,Canis lupus,0.44343545364663367,5.542943170582921
2026-09-05 04:25:00,Canis lupus,0.5108884318916681,6.386105398645851
2026-09-05 04:30:00,Canis lupus,0.3912495676477132,4.890619595596415
2026-09-05 04:35:00,Canis lupus,0.4356025140957943,5.445031426197429
2026-09-05 04:40:00,Canis lupus,0.3908532635016797,4.885665793770996
2026-09-05 04:45:00,Canis lupus,0.4447117142239449,5.558896427799311
2026-09-05 04:50:00,Canis lupus,0.39283128742011597,4.91039109275145
2026-09-05 04:55:00,Canis lupus,0.37978793516288595,4.747349189536075
2026-09-05 05:00:00,Canis lupus,0.5401755365154398,6.752194206442998
2026-09-05 05:05:00,Canis lupus,0.35944065636424,4.493008204553
2026-09-05 05:10:00,Canis lupus,0.41761872275181167,5.220234034397646
2026-09-05 05:15:00,Canis lupus,0.4704973014340425,5.881216267925531
2026-09-05 05:20:00,Canis lupus,0.42343823867152053,5.292977983394007
2026-09-05 05:25:00,Canis lupus,0.48018594750718446,6.002324343839806
2026-09-05 05:30:00,Canis lupus,0.5665906866125758,7.082383582657198
2026-09-05 05:35:00,Canis lupus,0.5462732475462901,6.828415594328627
2026-09-05 05:40:00,Canis lupus,0.6326031995839605,7.907539994799507
2026-09-05 05:45:00,Canis lupus,0.3904859046287793,4.8810738078597415
2026-09-05 05:50:00,Canis lupus,0.4942292108799939,6.177865135999924
2026-09-05 05:55:00,Canis lupus,0.3845598493415775,4.806998116769718
2026-09-05 06:00:00,Canis lupus,0.5584337577496398,6.980421971870497
2026-09-05 06:05:00,Canis lupus,0.6772269742782955,8.465337178478693
2026-09-05 06:10:00,Canis lupus,0.5250413488861548,6.563016861076935
2026-09-05 06:15:00,Canis lupus,0.6523993809845514,8.154992262306893
2026-09-05 06:20:00,Canis lupus,0.6072936636467159,7.591170795583949
2026-09-05 06:25:00,Canis lupus,0.5726746843110309,7.158433553887885
2026-09-05 06:30:00,Canis lupus,0.721975543976417,9.024694299705212
2026-09-05 06:35:00,Canis lupus,0.6098124653424736,7.622655816780919
2026-09-05 06:40:00,Canis lupus,0.5719117202258198,7.148896502822748
2026-09-05 06:45:00,Canis lupus,0.49549456848503326,6.193682106062916
2026-09-05 06:50:00,Canis lupus,0.5252180918414687,6.565226148018359
2026-09-05 06:55:00,Canis lupus,0.6016562125670102,7.520702657087627
2026-09-05 07:00:00,Canis lupus,0.5804448822159385,7.2555610276992315
2026-09-05 07:05:00,Canis lupus,0.6848613551448389,8.560766939310486
2026-09-05 07:10:00,Canis lupus,0.8340001923211828,10.425002404014785
2026-09-05 07:15:00,Canis lupus,0.6455171380855955,8.068964226069944
2026-09-05 07:20:00,Canis lupus,0.7215033789606232,9.01879223700779
2026-09-05 07:25:00,Canis lupus,0.6860269918883457,8.575337398604322
2026-09-05 07:30:00,Canis lupus,0.7143760348095602,8.929700435119504
2026-09-05 07:35:00,Canis lupus,0.5651941597112695,7.064926996390869
2026-09-05 07:40:00,Canis lupus,0.7079816608897641,8.849770761122052
2026-09-05 07:45:00,Canis lupus,0.6824572980187494,8.530716225234368
2026-09-05 07:50:00,Canis lupus,0.5242352520058364,6.552940650072955
2026-09-05 07:55:00,Canis lupus,0.769549653188699,9.619370664858737
2026-09-05 08:00:00,Canis lupus,0.6611950250936481,8.2649378136706
2026-09-05 08:05:00,Canis lupus,0.5751911300454587,7.189889125568234
2026-09-05 08:10:00,Canis lupus,0.5430788494900933,6.788485618626167
2026-09-05 08:15:00,Canis lupus,0.8148455570868254,10.185569463585317
2026-09-05 08:20:00,Canis lupus,0.6636109048656714,8.295136310820892
2026-09-05 08:25:00,Canis lupus,0.6489495896105687,8.111869870132109
2026-09-05 08:30:00,Canis lupus,0.660502139834022,8.256276747925275
2026-09-05 08:35:00,Canis lupus,0.73681050355424,9.210131294428
2026-09-05 08:40:00,Canis lupus,0.7665200331894221,9.581500414867776
2026-09-05 08:45:00,Canis lupus,0.7281813197642566,9.102266497053208
2026-09-05 08:50:00,Canis lupus,0.7194916596015616,8.99364574501952
2026-09-05 08:55:00,Canis lupus,0.8316192601920834,10.395240752401042
2026-09-05 09:00:00,Canis lupus,0.74807270952869,9.350908869108626
2026-09-05 09:05:00,Canis lupus,0.6311879902611528,7.88984987826441
2026-09-05 09:10:00,Canis lupus,0.7429321724305643,9.286652155382054
2026-09-05 09:15:00,Canis lupus,0.6293343652425005,7.866679565531257
2026-09-05 09:20:00,Canis lupus,0.7329923243664966,9.162404054581208
2026-09-05 09:25:00,Canis lupus,0.7465468717217252,9.331835896521564
2026-09-05 09:30:00,Canis lupus,0.7597944267697954,9.497430334622441
2026-09-05 09:35:00,Canis lupus,0.6355323481825255,7.9441543522815685
2026-09-05 09:40:00,Canis lupus,0.5642815841218611,7.053519801523264
2026-09-05 09:45:00,Canis lupus,0.6805929358769391,8.50741169846174
2026-09-05 09:50:00,Canis lupus,0.7166398790872829,8.957998488591036
2026-09-05 09:55:00,Canis lupus,0.816474888331571,10.205936104144637
2026-09-05 10:00:00,Canis lupus,0.6251152365884404,7.813940457355504
2026-09-05 10:05:00,Canis lupus,0.729878469392057,9.123480867400712
2026-09-05 10:10:00,Canis lupus,0.60833154527644,7.6041443159555
2026-09-05 10:15:00,Canis lupus,0.5961743267121908,7.452179083902386
2026-09-05 10:20:00,Canis lupus,0.68549882042747,8.568735255343375
2026-09-05 10:25:00,Canis lupus,0.624301455731802,7.803768196647525
2026-09-05 10:30:00,Canis lupus,0.6201939613149269,7.752424516436586
2026-09-05 10:35:00,Canis lupus,0.6232832967418607,7.791041209273258
2026-09-05 10:40:00,Canis lupus,0.7222140583887006,9.027675729858757
2026-09-05 10:45:00,Canis lupus,0.55508854423706,6.93860680296325
2026-09-05 10:50:00,Canis lupus,0.7395980525339946,9.244975656674931
2026-09-05 10:55:00,Canis lupus,0.5718601431162921,7.148251788953651
2026-09-05 11:00:00,Canis lupus,0.8155970077673105,10.194962597091381
2026-09-05 11:05:00,Canis lupus,0.6358446079348102,7.948057599185128
2026-09-05 11:10:00,Canis lupus,0.6424445897458678,8.030557371823347
2026-09-05 11:15:00,Canis lupus,0.8415741395886344,10.519676744857929
2026-09-05 11:20:00,Canis lupus,0.6862808747504057,8.578510934380072
2026-09-05 11:25:00,Canis lupus,0.7271265752937146,9.089082191171432
2026-09-05 11:30:00,Canis lupus,0.710560380503723,8.882004756296539
2026-09-05 11:35:00,Canis lupus,0.8481609081547998,10.602011351934998
2026-09-05 11:40:00,Canis lupus,0.8113574986997969,10.141968733747461
2026-09-05 11:45:00,Canis lupus,0.6090344457069978,7.612930571337473
2026-09-05 11:50:00,Canis lupus,0.6123432753442808,7.654290941803509
2026-09-05 11:55:00,Canis lupus,0.6493440489656839,8.116800612071048
2026-09-05 12:00:00,Canis lupus,0.5877814095797781,7.347267619747226
2026-09-05 12:05:00,Canis lupus,0.6210254341165634,7.762817926457043
2026-09-05 12:10:00,Canis lupus,0.6128202671889058,7.660253339861322
2026-09-05 12:15:00,Canis lupus,0.587927100281359,7.3490887535169875
2026-09-05 12:20:00,Canis lupus,0.6670904278358554,8.338630347948191
2026-09-05 12:25:00,Canis lupus,0.6161558468108077,7.701948085135096
2026-09-05 12:30:00,Canis lupus,0.7070196454934077,8.837745568667597
2026-09-05 12:35:00,Canis lupus,0.4986942685876156,6.2336783573451955
2026-09-05 12:40:00,Canis lupus,0.7388967062344262,9.236208827930326
2026-09-05 12:45:00,Canis lupus,0.5682715955849824,7.10339494481228
2026-09-05 12:50:00,Canis lupus,0.6850842089891656,8.56355261236457
2026-09-05 12:55:00,Canis lupus,0.6259503143557952,7.824378929447439
2026-09-05 13:00:00,Canis lupus,0.7578052204708282,9.472565255885353
2026-09-05 13:05:00,Canis lupus,0.7543156125370136,9.42894515671267
2026-09-05 13:10:00,Canis lupus,0.624131257949142,7.801640724364275
2026-09-05 13:15:00,Canis lupus,0.627035403293846,7.837942541173075
2026-09-05 13:20:00,Canis lupus,0.44997127379150637,5.624640922393829
2026-09-05 13:25:00,Canis lupus,0.6127245325438855,7.659056656798569
2026-09-05 13:30:00,Canis lupus,0.6751414388930277,8.439267986162847
2026-09-05 13:35:00,Canis lupus,0.6114639840384981,7.643299800481226
2026-09-05 13:40:00,Canis lupus,0.55287734753566,6.91096684419575
2026-09-05 13:45:00,Canis lupus,0.5764995758497631,7.206244698122038
2026-09-05 13:50:00,Canis lupus,0.48063733642980555,6.007966705372569
2026-09-05 13:55:00,Canis lupus,0.6565389505833659,8.206736882292073
2026-09-05 14:00:00,Canis lupus,0.5545741616000027,6.932177020000034
2026-09-05 14:05:00,Canis lupus,0.7318940578268116,9.148675722835145
2026-09-05 14:10:00,Canis lupus,0.46341985107532957,5.7927481384416195
2026-09-05 14:15:00,Canis lupus,0.41881199217975673,5.235149902246959
2026-09-05 14:20:00,Canis lupus,0.6365697386365904,7.95712173295738
2026-09-05 14:25:00,Canis lupus,0.5989786188461541,7.487232735576926
2026-09-05 14:30:00,Canis lupus,0.3670666116737975,4.588332645922469
2026-09-05 14:35:00,Canis lupus,0.5412554066154919,6.7656925826936485
2026-09-05 14:40:00,Canis lupus,0.5034501644266528,6.29312705533316
2026-09-05 14:45:00,Canis lupus,0.42937551096317944,5.367193887039743
2026-09-05 14:50:00,Canis lupus,0.59067264272586,7.383408034073249
2026-09-05 14:55:00,Canis lupus,0.41089010337014664,5.136126292126833
2026-09-05 15:00:00,Canis lupus,0.3954412468824553,4.9430155860306915
2026-09-05 15:05:00,Canis lupus,0.31618621762774346,3.9523277203467932
2026-09-05 15:10:00,Canis lupus,0.43244728585626424,5.405591073203303
2026-09-05 15:15:00,Canis lupus,0.5085716963004058,6.3571462037550726
2026-09-05 15:20:00,Canis lupus,0.5870697471922269,7.338371839902837
2026-09-05 15:25:00,Canis lupus,0.4337851169121523,5.422313961401904
2026-09-05 15:30:00,Canis lupus,0.4408465003670949,5.510581254588686
2026-09-05 15:35:00,Canis lupus,0.42156912293693005,5.2696140367116255
2026-09-05 15:40:00,Canis lupus,0.47567922980355015,5.945990372544377
2026-09-05 15:45:00,Canis lupus,0.4406458397786787,5.508072997233484
2026-09-05 15:50:00,Canis lupus,0.34570275017401436,4.321284377175179
2026-09-05 15:55:00,Canis lupus,0.39899541154716617,4.987442644339577
2026-09-05 16:00:00,Canis lupus,0.5232409959063362,6.540512448829203
2026-09-05 16:05:00,Canis lupus,0.3670233149912018,4.587791437390022
2026-09-05 16:10:00,Canis lupus,0.512700002518977,6.408750031487212
2026-09-05 16:15:00,Canis lupus,0.6793509015456167,8.49188626932021
2026-09-05 16:20:00,Canis lupus,0.3473026475470036,4.341283094337545
2026-09-05 16:25:00,Canis lupus,0.4066693765420498,5.083367206775622
2026-09-05 16:30:00,Canis lupus,0.36319589222368964,4.53994865279612
2026-09-05 16:35:00,Canis lupus,0.3547924286406769,4.434905358008461
2026-09-05 16:40:00,Canis lupus,0.4393895786267552,5.49236973283444
2026-09-05 16:45:00,Canis lupus,0.30335062548365055,3.791882818545632
2026-09-05 16:50:00,Canis lupus,0.22428347774660923,2.8035434718326155
2026-09-05 16:55:00,Canis lupus,0.3651970865372955,4.564963581716194
2026-09-05 17:00:00,Canis lupus,0.21226318934312582,2.653289866789073
2026-09-05 17:05:00,Canis lupus,0.36823575789436225,4.602946973679528
2026-09-05 17:10:00,Canis lupus,0.19720649400418871,2.465081175052359
2026-09-05 17:15:00,Canis lupus,0.2308017675937537,2.885022094921921
2026-09-05 17:20:00,Canis lupus,0.2907253860496048,3.6340673256200597
2026-09-05 17:25:00,Canis lupus,0.2557031475983864,3.19628934497983
2026-09-05 17:30:00,Canis lupus,0.3425373775183957,4.281717218979946
2026-09-05 17:35:00,Canis lupus,0.2980382466297998,3.725478082872497
2026-09-05 17:40:00,Canis lupus,0.27051085609277337,3.381385701159667
2026-09-05 17:45:00,Canis lupus,0.2531259052689283,3.1640738158616037
2026-09-05 17:50:00,Canis lupus,0.30143387465917926,3.7679234332397407
2026-09-05 17:55:00,Canis lupus,0.16803611117150857,2.1004513896438572
2026-09-05 18:00:00,Canis lupus,0.30523222678670514,3.8154028348338143
2026-09-05 18:05:00,Canis lupus,0.1703836002581659,2.129795003227074
2026-09-05 18:10:00,Canis lupus,0.32863278405077523,4.10790980063469
2026-09-05 18:15:00,Canis lupus,0.09098118516971945,1.1372648146214932
2026-09-05 18:20:00,Canis lupus,0.2692298822655754,3.365373528319693
2026-09-05 18:25:00,Canis lupus,0.3054476704369387,3.8180958804617338
2026-09-05 18:30:00,Canis lupus,0.3668066710285106,4.585083387856383
2026-09-05 18:35:00,Canis lupus,0.22349680991426288,2.7937101239282858
2026-09-05 18:40:00,Canis lupus,0.22067801563964665,2.758475195495583
2026-09-05 18:45:00,Canis lupus,0.2764631693409325,3.455789616761656
2026-09-05 18:50:00,Canis lupus,0.1611867718422602,2.014834648028253
2026-09-05 18:55:00,Canis lupus,0.1692176349900409,2.1152204373755112
2026-09-05 19:00:00,Canis lupus,0.17099304070051138,2.1374130087563925
2026-09-05 19:05:00,Canis lupus,0.22932226768196087,2.866528346024511
2026-09-05 19:10:00,Canis lupus,0.08852428466339173,1.1065535582923967
2026-09-05 19:15:00,Canis lupus,0.21528052322611912,2.691006540326489
2026-09-05 19:20:00,Canis lupus,0.0,0.0
2026-09-05 19:25:00,Canis lupus,0.1712097078617947,2.1401213482724337
2026-09-05 19:30:00,Canis lupus,0.12433419244577679,1.5541774055722097
2026-09-05 19:35:00,Canis lupus,0.10334157742206412,1.2917697177758016
2026-09-05 19:40:00,Canis lupus,0.28667584176474514,3.583448022059314
2026-09-05 19:45:00,Canis lupus,0.2056425854247497,2.5705323178093713
2026-09-05 19:50:00,Canis lupus,0.10649903904147227,1.3312379880184033
2026-09-05 19:55:00,Canis lupus,0.15645807840470363,1.9557259800587954
2026-09-05 20:00:00,Canis lupus,0.07618311065285284,0.9522888831606605
2026-09-05 20:05:00,Canis lupus,0.10911972301259515,1.3639965376574394
2026-09-05 20:10:00,Canis lupus,0.1586280412676714,1.9828505158458927
2026-09-05 20:15:00,Canis lupus,0.21202835594423639,2.650354449302955
2026-09-05 20:20:00,Canis lupus,0.27740596191738764,3.4675745239673454
2026-09-05 20:25:00,Canis lupus,0.0,0.0
2026-09-05 20:30:00,Canis lupus,0.15345914920172077,1.9182393650215097
2026-09-05 20:35:00,Canis lupus,0.10774721752287855,1.3468402190359818
2026-09-05 20:40:00,Canis lupus,0.3395004970856793,4.243756213570991
2026-09-05 20:45:00,Canis lupus,0.058014348176818574,0.7251793522102322
2026-09-05 20:50:00,Canis lupus,0.018063066380098608,0.22578832975123259
2026-09-05 20:55:00,Canis lupus,0.1195239637592791,1.4940495469909887
2026-09-05 21:00:00,Canis lupus,0.16800974192492718,2.1001217740615896
2026-09-05 21:05:00,Canis lupus,0.0240623122814458,0.3007789035180725
2026-09-05 21:10:00,Canis lupus,0.0,0.0
2026-09-05 21:15:00,Canis lupus,0.22682906587870438,2.8353633234838047
2026-09-05 21:20:00,Canis lupus,0.023132826339027857,0.2891603292378482
2026-09-05 21:25:00,Canis lupus,0.13274615714365126,1.6593269642956407
2026-09-05 21:30:00,Canis lupus,0.0,0.0
2026-09-05 21:35:00,Canis lupus,0.2240591456455065,2.800739320568831
2026-09-05 21:40:00,Canis lupus,0.1801321226457069,2.2516515330713363
2026-09-05 21:45:00,Canis lupus,0.03306404696493294,0.41330058706166173
2026-09-05 21:50:00,Canis lupus,0.08380719846526971,1.0475899808158713
2026-09-05 21:55:00,Canis lupus,0.06006270513800411,0.7507838142250514
2026-09-05 22:00:00,Canis lupus,0.11044595781638623,1.380574472704828
2026-09-05 22:05:00,Canis lupus,0.29468170319702247,3.6835212899627807
2026-09-05 22:10:00,Canis lupus,0.06543114507466782,0.8178893134333478
2026-09-05 22:15:00,Canis lupus,0.1653127000456268,2.066408750570335
2026-09-05 22:20:00,Canis lupus,0.060418334593781965,0.7552291824222745
2026-09-05 22:25:00,Canis lupus,0.06680239864818709,0.8350299831023386
2026-09-05 22:30:00,Canis lupus,0.2975582266355792,3.7194778329447398
2026-09-05 22:35:00,Canis lupus,0.023692164990972056,0.2961520623871507
2026-09-05 22:40:00,Canis lupus,0.15743926947846043,1.9679908684807554
2026-09-05 22:45:00,Canis lupus,0.20872356750773222,2.6090445938466527
2026-09-05 22:50:00,Canis lupus,0.041573212417798905,0.5196651552224864
2026-09-05 22:55:00,Canis lupus,0.08276496253791601,1.0345620317239501
2026-09-05 23:00:00,Canis lupus,0.18001421783068633,2.250177722883579
2026-09-05 23:05:00,Canis lupus,0.06052958103306507,0.7566197629133133
2026-09-05 23:10:00,Canis lupus,0.19730159819381454,2.466269977422682
2026-09-05 23:15:00,Canis lupus,0.10815825434611714,1.3519781793264642
2026-09-05 23:20:00,Canis lupus,0.18426624695840038,2.3033280869800046
2026-09-05 23:25:00,Canis lupus,0.09632670516306689,1.2040838145383361
2026-09-05 23:30:00,Canis lupus,0.0,0.0
2026-09-05 23:35:00,Canis lupus,0.13362241693764165,1.6702802117205207
2026-09-05 23:40:00,Canis lupus,0.13563685507451326,1.6954606884314156
2026-09-05 23:45:00,Canis lupus,0.053288538073691896,0.6661067259211487
2026-09-05 23:50:00,Canis lupus,0.05764719972968291,0.7205899966210363
2026-09-05 23:55:00,Canis lupus,0.22427188710705687,2.8033985888382107
2026-09-06 00:00:00,Canis lupus,0.21407983278083226,2.675997909760403
2026-09-06 00:05:00,Canis lupus,0.21909934264949035,2.7387417831186296
2026-09-06 00:10:00,Canis lupus,0.22230019622273856,2.7787524527842318
2026-09-06 00:15:00,Canis lupus,0.17900653797544036,2.2375817246930043
2026-09-06 00:20:00,Canis lupus,0.2254374035314806,2.8179675441435075
2026-09-06 00:25:00,Canis lupus,0.29636097292787206,3.7045121615984007
2026-09-06 00:30:00,Canis lupus,0.14529190520319415,1.816148815039927
2026-09-06 00:35:00,Canis lupus,0.22668921194852856,2.833615149356607
2026-09-06 00:40:00,Canis lupus,0.3044938837041005,3.8061735463012565
2026-09-06 00:45:00,Canis lupus,0.07993818005686457,0.9992272507108071
2026-09-06 00:50:00,Canis lupus,0.2255891913930715,2.8198648924133938
2026-09-06 00:55:00,Canis lupus,0.10653266822385447,1.331658352798181
2026-09-06 01:00:00,Canis lupus,0.36619454455673933,4.5774318069592415
2026-09-06 01:05:00,Canis lupus,0.21348184350814814,2.668523043851852
2026-09-06 01:10:00,Canis lupus,0.20021252117089514,2.502656514636189
2026-09-06 01:15:00,Canis lupus,0.24387886392280017,3.048485799035002
2026-09-06 01:20:00,Canis lupus,0.21425993265295995,2.678249158161999
2026-09-06 01:25:00,Canis lupus,0.2661846504984592,3.32730813123074
2026-09-06 01:30:00,Canis lupus,0.2650778077279886,3.3134725965998575
2026-09-06 01:35:00,Canis lupus,0.23373883919455377,2.921735489931922
2026-09-06 01:40:00,Canis lupus,0.4358066292315984,5.44758286539498
2026-09-06 01:45:00,Canis lupus,0.2461723480002932,3.077154350003665
2026-09-06 01:50:00,Canis lupus,0.26865176876267105,3.3581471095333884
2026-09-06 01:55:00,Canis lupus,0.21386889906782844,2.6733612383478556
2026-09-06 02:00:00,Canis lupus,0.1316396052288057,1.645495065360071
2026-09-06 02:05:00,Canis lupus,0.25946398240969976,3.243299780121247
2026-09-06 02:10:00,Canis lupus,0.24662949755613167,3.0828687194516458
2026-09-06 02:15:00,Canis lupus,0.29480550712008013,3.685068839001002
2026-09-06 02:20:00,Canis lupus,0.2069056592588429,2.586320740735536
2026-09-06 02:25:00,Canis lupus,0.15611889156060688,1.951486144507586
2026-09-06 02:30:00,Canis lupus,0.13326532608661762,1.6658165760827202
2026-09-06 02:35:00,Canis lupus,0.14453017841114438,1.8066272301393047
2026-09-06 02:40:00,Canis lupus,0.3991283454736847,4.989104318421059
2026-09-06 02:45:00,Canis lupus,0.373875346665419,4.673441833317737
2026-09-06 02:50:00,Canis lupus,0.31451567914600764,3.9314459893250957
2026-09-06 02:55:00,Canis lupus,0.35408488008065087,4.426061001008136
2026-09-06 03:00:00,Canis lupus,0.2745964073185864,3.43245509148233
2026-09-06 03:05:00,Canis lupus,0.40614249375444816,5.076781171930602
2026-09-06 03:10:00,Canis lupus,0.30237308099576926,3.7796635124471156
2026-09-06 03:15:00,Canis lupus,0.10621274472494813,1.3276593090618516
2026-09-06 03:20:00,Canis lupus,0.25418096388939826,3.1772620486174783
2026-09-06 03:25:00,Canis lupus,0.31213176314469215,3.901647039308652
2026-09-06 03:30:00,Canis lupus,0.4711345674338305,5.889182092922881
2026-09-06 03:35:00,Canis lupus,0.4220911656360241,5.276139570450302
2026-09-06 03:40:00,Canis lupus,0.46548607015221455,5.818575876902682
2026-09-06 03:45:00,Canis lupus,0.46534128306078726,5.816766038259841
2026-09-06 03:50:00,Canis lupus,0.3829345583923679,4.786681979904599
2026-09-06 03:55:00,Canis lupus,0.4284016749538641,5.355020936923301
2026-09-06 04:00:00,Canis lupus,0.31992630673696254,3.999078834212032
2026-09-06 04:05:00,Canis lupus,0.43552219351598126,5.444027418949766
2026-09-06 04:10:00,Canis lupus,0.4507320353508264,5.63415044188533
2026-09-06 04:15:00,Canis lupus,0.4540539555797077,5.675674444746346
2026-09-06 04:20:00,Canis lupus,0.39749048012142946,4.968631001517868
2026-09-06 04:25:00,Canis lupus,0.46882338186775424,5.860292273346928
2026-09-06 04:30:00,Canis lupus,0.5106471662093272,6.383089577616589
2026-09-06 04:35:00,Canis lupus,0.44750898214430074,5.593862276803759
2026-09-06 04:40:00,Canis lupus,0.36850664893475343,4.6063331116844175
2026-09-06 04:45:00,Canis lupus,0.4880700152350046,6.1008751904375575
2026-09-06 04:50:00,Canis lupus,0.35419829282246407,4.4274786602808005
2026-09-06 04:55:00,Canis lupus,0.4238737075970262,5.2984213449628275
2026-09-06 05:00:00,Canis lupus,0.5462630370083725,6.828287962604657
2026-09-06 05:05:00,Canis lupus,0.5523244075284325,6.904055094105406
2026-09-06 05:10:00,Canis lupus,0.607005660136557,7.587570751706963
2026-09-06 05:15:00,Canis lupus,0.5450736678344441,6.813420847930551
2026-09-06 05:20:00,Canis lupus,0.3967315670722099,4.959144588402624
2026-09-06 05:25:00,Canis lupus,0.6316023534058084,7.895029417572605
2026-09-06 05:30:00,Canis lupus,0.6531591441271387,8.164489301589233
2026-09-06 05:35:00,Canis lupus,0.462085150963136,5.7760643870392006
2026-09-06 05:40:00,Canis lupus,0.5264101416025524,6.580126770031905
2026-09-06 05:45:00,Canis lupus,0.500628231974791,6.257852899684887
2026-09-06 05:50:00,Canis lupus,0.5218879187282762,6.523598984103453
2026-09-06 05:55:00,Canis lupus,0.443937416581765,5.549217707272063
2026-09-06 06:00:00,Canis lupus,0.44945997279815514,5.618249659976939
2026-09-06 06:05:00,Canis lupus,0.47211197408345124,5.90139967604314
2026-09-06 06:10:00,Canis lupus,0.6343805488411456,7.92975686051432
2026-09-06 06:15:00,Canis lupus,0.6187827497876606,7.734784372345757
2026-09-06 06:20:00,Canis lupus,0.47714760907627624,5.964345113453453
2026-09-06 06:25:00,Canis lupus,0.5150648566270366,6.438310707837958
2026-09-06 06:30:00,Canis lupus,0.6458334144808792,8.07291768101099
2026-09-06 06:35:00,Canis lupus,0.6054492090634874,7.568115113293593
2026-09-06 06:40:00,Canis lupus,0.5407604651237999,6.7595058140474995
2026-09-06 06:45:00,Canis lupus,0.6109655488518103,7.6370693606476285
2026-09-06 06:50:00,Canis lupus,0.6891934865643259,8.614918582054074
2026-09-06 06:55:00,Canis lupus,0.6195487334157698,7.744359167697122
2026-09-06 07:00:00,Canis lupus,0.6290934143799259,7.863667679749074
2026-09-06 07:05:00,Canis lupus,0.721261538086939,9.015769226086737
2026-09-06 07:10:00,Canis lupus,0.5632071279901023,7.040089099876279
2026-09-06 07:15:00,Canis lupus,0.7046646331053421,8.808307913816776
2026-09-06 07:20:00,Canis lupus,0.668347801029825,8.354347512872813
2026-09-06 07:25:00,Canis lupus,0.6191278382838283,7.739097978547854
2026-09-06 07:30:00,Canis lupus,0.4982947979950957,6.228684974938696
2026-09-06 07:35:00,Canis lupus,0.646400725476648,8.0800090684581
2026-09-06 07:40:00,Canis lupus,0.6777052706612126,8.471315883265158
2026-09-06 07:45:00,Canis lupus,0.7049791183952788,8.812238979940986
2026-09-06 07:50:00,Canis lupus,0.5890945477401359,7.363681846751699
2026-09-06 07:55:00,Canis lupus,0.4950290677185428,6.187863346481786
2026-09-06 08:00:00,Canis lupus,0.680460460016679,8.505755750208488
2026-09-06 08:05:00,Canis lupus,0.650714769578927,8.133934619736587
2026-09-06 08:10:00,Canis lupus,0.7255511827142426,9.069389783928033
2026-09-06 08:15:00,Canis lupus,0.6925151698422096,8.65643962302762
2026-09-06 08:20:00,Canis lupus,0.5284005102212929,6.605006377766161
2026-09-06 08:25:00,Canis lupus,0.7556899535572944,9.44612441946618
2026-09-06 08:30:00,Canis lupus,0.742997160403026,9.287464505037825
2026-09-06 08:35:00,Canis lupus,0.5752487606758323,7.190609508447904
2026-09-06 08:40:00,Canis lupus,0.7521693418057538,9.402116772571922
2026-09-06 08:45:00,Canis lupus,0.4886790368723964,6.108487960904955
2026-09-06 08:50:00,Canis lupus,0.6738465815320284,8.423082269150354
2026-09-06 08:55:00,Canis lupus,0.582268970086243,7.278362126078037
2026-09-06 09:00:00,Canis lupus,0.8111214391198575,10.139017988998217
2026-09-06 09:05:00,Canis lupus,0.6799184539893456,8.49898067486682
2026-09-06 09:10:00,Canis lupus,0.782539326157099,9.781741576963737
2026-09-06 09:15:00,Canis lupus,0.6659060019246925,8.323825024058657
2026-09-06 09:20:00,Canis lupus,0.7586133528979897,9.482666911224872
2026-09-06 09:25:00,Canis lupus,0.6787477825830105,8.484347282287631
2026-09-06 09:30:00,Canis lupus,0.7139901352581658,8.924876690727073
2026-09-06 09:35:00,Canis lupus,0.6887210488223168,8.60901311027896
2026-09-06 09:40:00,Canis lupus,0.7441632563106548,9.302040703883186
2026-09-06 09:45:00,Canis lupus,0.8257888152827221,10.322360191034026
2026-09-06 09:50:00,Canis lupus,0.6796072014503729,8.49509001812966
2026-09-06 09:55:00,Canis lupus,0.5898784656149508,7.373480820186885
2026-09-06 10:00:00,Canis lupus,0.656410876692159,8.205135958651988
2026-09-06 10:05:00,Canis lupus,0.6557236652503065,8.19654581562883
2026-09-06 10:10:00,Canis lupus,0.6600839473059589,8.251049341324485
2026-09-06 10:15:00,Canis lupus,0.5863064040881556,7.328830051101945
2026-09-06 10:20:00,Canis lupus,0.6315614079897639,7.8945175998720485
2026-09-06 10:25:00,Canis lupus,0.6560186735212621,8.200233419015776
2026-09-06 10:30:00,Canis lupus,0.6622597373582582,8.278246716978227
2026-09-06 10:35:00,Canis lupus,0.6913886597119366,8.642358246399208
2026-09-06 10:40:00,Canis lupus,0.7270900193618606,9.088625242023257
2026-09-06 10:45:00,Canis lupus,0.8208404744027646,10.260505930034558
2026-09-06 10:50:00,Canis lupus,0.62757709685562,7.844713710695251
2026-09-06 10:55:00,Canis lupus,0.609859874213958,7.623248427674476
2026-09-06 11:00:00,Canis lupus,0.6050817377994664,7.56352172249333
2026-09-06 11:05:00,Canis lupus,0.7343777078709661,9.179721348387076
2026-09-06 11:10:00,Canis lupus,0.8402925043094964,10.503656303868706
2026-09-06 11:15:00,Canis lupus,0.5326776040061905,6.658470050077381
2026-09-06 11:20:00,Canis lupus,0.6045353123383856,7.55669140422982
2026-09-06 11:25:00,Canis lupus,0.6978797552981817,8.723496941227271
2026-09-06 11:30:00,Canis lupus,0.7331729653328956,9.164662066661194
2026-09-06 11:35:00,Canis lupus,0.7919232826841137,9.899041033551422
2026-09-06 11:40:00,Canis lupus,0.7087481285784378,8.859351607230472
2026-09-06 11:45:00,Canis lupus,0.7315150527938052,9.143938159922566
2026-09-06 11:50:00,Canis lupus,0.7959919019562542,9.949898774453178
2026-09-06 11:55:00,Canis lupus,0.5404259049166757,6.755323811458447
2026-09-06 12:00:00,Canis lupus,0.7087858555064932,8.859823193831165
2026-09-06 12:05:00,Canis lupus,0.6340681852760501,7.9258523159506264
2026-09-06 12:10:00,Canis lupus,0.674353273983636,8.42941592479545
2026-09-06 12:15:00,Canis lupus,0.7751636909552861,9.689546136941077
2026-09-06 12:20:00,Canis lupus,0.7516991938702807,9.39623992337851
2026-09-06 12:25:00,Canis lupus,0.6284935028017049,7.856168785021311
2026-09-06 12:30:00,Canis lupus,0.5846145213658424,7.307681517073029
2026-09-06 12:35:00,Canis lupus,0.6399694563314449,7.999618204143061
2026-09-06 12:40:00,Canis lupus,0.6573792228190499,8.217240285238123
2026-09-06 12:45:00,Canis lupus,0.6342928656834539,7.928660821043174
2026-09-06 12:50:00,Canis lupus,0.6023184600819619,7.528980751024523
2026-09-06 12:55:00,Canis lupus,0.6326538637236182,7.908173296545227
2026-09-06 13:00:00,Canis lupus,0.7284072201742595,9.105090252178243
2026-09-06 13:05:00,Canis lupus,0.764769515890502,9.559618948631275
2026-09-06 13:10:00,Canis lupus,0.6918038936323337,8.647548670404172
2026-09-06 13:15:00,Canis lupus,0.5509363086877486,6.886703858596857
2026-09-06 13:20:00,Canis lupus,0.5455284903613955,6.8191061295174435
2026-09-06 13:25:00,Canis lupus,0.6184760128452337,7.730950160565421
2026-09-06 13:30:00,Canis lupus,0.5238777319162352,6.54847164895294
2026-09-06 13:35:00,Canis lupus,0.5273108695650709,6.5913858695633865
2026-09-06 13:40:00,Canis lupus,0.6570493458522305,8.213116823152882
2026-09-06 13:45:00,Canis lupus,0.5015807955155562,6.269759943944453
2026-09-06 13:50:00,Canis lupus,0.5748060703018746,7.185075878773432
2026-09-06 13:55:00,Canis lupus,0.49152733821862943,6.144091727732868
2026-09-06 14:00:00,Canis lupus,0.5468200208631675,6.835250260789594
2026-09-06 14:05:00,Canis lupus,0.6432449546573508,8.040561933216885
2026-09-06 14:10:00,Canis lupus,0.5444285945821584,6.80535743227698
2026-09-06 14:15:00,Canis lupus,0.6353327173980043,7.941658967475054
2026-09-06 14:20:00,Canis lupus,0.5303537645377255,6.62942205672157
2026-09-06 14:25:00,Canis lupus,0.4644130442422625,5.805163053028281
2026-09-06 14:30:00,Canis lupus,0.5804804851683426,7.256006064604283
2026-09-06 14:35:00,Canis lupus,0.41360428267520694,5.170053533440087
2026-09-06 14:40:00,Canis lupus,0.45183926330020946,5.647990791252618
2026-09-06 14:45:00,Canis lupus,0.3833730740602213,4.792163425752767
2026-09-06 14:50:00,Canis lupus,0.5971001873890371,7.463752342362964
2026-09-06 14:55:00,Canis lupus,0.4067704538562505,5.084630673203131
2026-09-06 15:00:00,Canis lupus,0.5791103273574982,7.238879091968728
2026-09-06 15:05:00,Canis lupus,0.5099278451920166,6.374098064900208
2026-09-06 15:10:00,Canis lupus,0.5966204161715555,7.457755202144443
2026-09-06 15:15:00,Canis lupus,0.48344966555371716,6.043120819421464
2026-09-06 15:20:00,Canis lupus,0.5136321082617823,6.420401353272279
2026-09-06 15:25:00,Canis lupus,0.33635472805884054,4.204434100735507
2026-09-06 15:30:00,Canis lupus,0.3451259111647929,4.314073889559912
2026-09-06 15:35:00,Canis lupus,0.37263456029744363,4.657932003718045
2026-09-06 15:40:00,Canis lupus,0.46723844290285604,5.840480536285701
2026-09-06 15:45:00,Canis lupus,0.3564593227060112,4.45574153382514
2026-09-06 15:50:00,Canis lupus,0.3408031035768742,4.260038794710928
2026-09-06 15:55:00,Canis lupus,0.3788353877058791,4.735442346323489
2026-09-06 16:00:00,Canis lupus,0.3612769607750435,4.515962009688044
2026-09-06 16:05:00,Canis lupus,0.338086632855149,4.226082910689363
2026-09-06 16:10:00,Canis lupus,0.5039152265770566,6.298940332213207
2026-09-06 16:15:00,Canis lupus,0.38639225584921916,4.82990319811524
2026-09-06 16:20:00,Canis lupus,0.27887205463724807,3.485900682965601
2026-09-06 16:25:00,Canis lupus,0.31969818718849824,3.996227339856228
2026-09-06 16:30:00,Canis lupus,0.399668937536277,4.995861719203463
2026-09-06 16:35:00,Canis lupus,0.37670080763136793,4.708760095392099
2026-09-06 16:40:00,Canis lupus,0.2731403769412266,3.4142547117653326
2026-09-06 16:45:00,Canis lupus,0.49184857730510456,6.148107216313807
2026-09-06 16:50:00,Canis lupus,0.36510257150431363,4.5637821438039206
2026-09-06 16:55:00,Canis lupus,0.3545298012274307,4.431622515342884
2026-09-06 17:00:00,Canis lupus,0.31138483424123237,3.8923104280154046
2026-09-06 17:05:00,Canis lupus,0.3189039482723703,3.9862993534046285
2026-09-06 17:10:00,Canis lupus,0.1926542183508214,2.4081777293852675
2026-09-06 17:15:00,Canis lupus,0.23901747581295255,2.9877184476619068
2026-09-06 17:20:00,Canis lupus,0.262379916599757,3.2797489574969627
2026-09-06 17:25:00,Canis lupus,0.13366509734447019,1.6708137168058772
2026-09-06 17:30:00,Canis lupus,0.23949270900645792,2.993658862580724
2026-09-06 17:35:00,Canis lupus,0.27389348051741613,3.4236685064677017
2026-09-06 17:40:00,Canis lupus,0.2662624479792611,3.3282805997407636
2026-09-06 17:45:00,Canis lupus,0.3127717264404518,3.9096465805056475
2026-09-06 17:50:00,Canis lupus,0.1779700894762948,2.2246261184536853
2026-09-06 17:55:00,Canis lupus,0.13137993117128943,1.6422491396411178
2026-09-06 18:00:00,Canis lupus,0.18187178051545602,2.2733972564432
2026-09-06 18:05:00,Canis lupus,0.1218456555625697,1.5230706945321213
2026-09-06 18:10:00,Canis lupus,0.14664835776536606,1.8331044720670757
2026-09-06 18:15:00,Canis lupus,0.13025593493222587,1.6281991866528234
2026-09-06 18:20:00,Canis lupus,0.01679130142493443,0.20989126781168038
2026-09-06 18:25:00,Canis lupus,0.16304318966331716,2.0380398707914646
2026-09-06 18:30:00,Canis lupus,0.07849632105738241,0.9812040132172801
2026-09-06 18:35:00,Canis lupus,0.2694506355681685,3.3681329446021064
2026-09-06 18:40:00,Canis lupus,0.18750267384581448,2.343783423072681
2026-09-06 18:45:00,Canis lupus,0.21820924056959784,2.727615507119973
2026-09-06 18:50:00,Canis lupus,0.28822311796790256,3.602788974598782
2026-09-06 18:55:00,Canis lupus,0.21365929024438518,2.670741128054815
2026-09-06 19:00:00,Canis lupus,0.19902436842677754,2.4878046053347194
2026-09-06 19:05:00,Canis lupus,0.15845457523892054,1.9806821904865066
2026-09-06 19:10:00,Canis lupus,0.01411428471917589,0.17642855898969861
2026-09-06 19:15:00,Canis lupus,0.27450463801579916,3.4313079751974893
2026-09-06 19:20:00,Canis lupus,0.23966550865745703,2.995818858218213
2026-09-06 19:25:00,Canis lupus,0.09037760333758471,1.1297200417198088
2026-09-06 19:30:00,Canis lupus,0.21540816384811118,2.69260204810139
2026-09-06 19:35:00,Canis lupus,0.14287019742031903,1.785877467753988
2026-09-06 19:40:00,Canis lupus,0.043438379658397475,0.5429797457299684
2026-09-06 19:45:00,Canis lupus,0.19204108792532718,2.40051359906659
2026-09-06 19:50:00,Canis lupus,0.222131479592737,2.7766434949092123
2026-09-06 19:55:00,Canis lupus,0.088196383195981,1.1024547899497625
2026-09-06 20:00:00,Canis lupus,0.16457896013282608,2.057237001660326
2026-09-06 20:05:00,Canis lupus,0.1891857609942244,2.364822012427805
2026-09-06 20:10:00,Canis lupus,0.1264959539263865,1.581199424079831
2026-09-06 20:15:00,Canis lupus,0.11483613428979751,1.435451678622469
2026-09-06 20:20:00,Canis lupus,0.11963688742949505,1.495461092868688
2026-09-06 20:25:00,Canis lupus,0.06113380056950222,0.7641725071187777
2026-09-06 20:30:00,Canis lupus,0.21094192280781396,2.6367740350976745
2026-09-06 20:35:00,Canis lupus,0.22572480934868186,2.821560116858523
2026-09-06 20:40:00,Canis lupus,0.10216853064143229,1.2771066330179037
2026-09-06 20:45:00,Canis lupus,0.08576275445785299,1.0720344307231624
2026-09-06 20:50:00,Canis lupus,0.11977984710013231,1.497248088751654
2026-09-06 20:55:00,Canis lupus,0.20286401438942664,2.535800179867833
2026-09-06 21:00:00,Canis lupus,0.14497861367584988,1.8122326709481236
2026-09-06 21:05:00,Canis lupus,0.0,0.0
2026-09-06 21:10:00,Canis lupus,0.10301088000724812,1.2876360000906015
2026-09-06 21:15:00,Canis lupus,0.23427535263407073,2.928441907925884
2026-09-06 21:20:00,Canis lupus,0.24760479196908147,3.0950598996135184
2026-09-06 21:25:00,Canis lupus,0.1028004444245431,1.2850055553067887
2026-09-06 21:30:00,Canis lupus,0.0249294875336427,0.3116185941705337
2026-09-06 21:35:00,Canis lupus,0.0,0.0
2026-09-06 21:40:00,Canis lupus,0.1779955270672916,2.224944088341145
2026-09-06 21:45:00,Canis lupus,0.10388342147537646,1.2985427684422057
2026-09-06 21:50:00,Canis lupus,0.08494242420786097,1.0617803025982622
2026-09-06 21:55:00,Canis lupus,0.16886242935314993,2.110780366914374
2026-09-06 22:00:00,Canis lupus,0.16886925077139225,2.110865634642403
2026-09-06 22:05:00,Canis lupus,0.07785967301827149,0.9732459127283936
2026-09-06 22:10:00,Canis lupus,0.14952492470485967,1.869061558810746
2026-09-06 22:15:00,Canis lupus,0.05909983101272735,0.7387478876590919
2026-09-06 22:20:00,Canis lupus,0.027544412213611966,0.34430515267014955
2026-09-06 22:25:00,Canis lupus,0.303513120509346,3.793914006366825
2026-09-06 22:30:00,Canis lupus,0.0001810284874344814,0.0022628560929310176
2026-09-06 22:35:00,Canis lupus,0.09882564890958538,1.2353206113698172
2026-09-06 22:40:00,Canis lupus,0.0,0.0
2026-09-06 22:45:00,Canis lupus,0.11920647265759289,1.4900809082199111
2026-09-06 22:50:00,Canis lupus,0.0,0.0
2026-09-06 22:55:00,Canis lupus,0.09512003872341797,1.1890004840427246
2026-09-06 23:00:00,Canis lupus,0.1898237818203547,2.3727972727544335
2026-09-06 23:05:00,Canis lupus,0.17110470504445155,2.138808813055644
2026-09-06 23:10:00,Canis lupus,0.19831773365787528,2.478971670723441
2026-09-06 23:15:00,Canis lupus,0.1869846052607648,2.33730756575956
2026-09-06 23:20:00,Canis lupus,0.0,0.0
2026-09-06 23:25:00,Canis lupus,0.16543676641772717,2.0679595802215895
2026-09-06 23:30:00,Canis lupus,0.0,0.0
2026-09-06 23:35:00,Canis lupus,0.04869908926259456,0.6087386157824319
2026-09-06 23:40:00,Canis lupus,0.0003261644406596098,0.004077055508245123
2026-09-06 23:45:00,Canis lupus,0.153738783542236,1.92173479427795
2026-09-06 23:50:00,Canis lupus,0.11791966586244153,1.473995823280519
2026-09-06 23:55:00,Canis lupus,0.26236200499512086,3.279525062439011
2026-09-07 00:00:00,Canis lupus,0.042932409421329976,0.5366551177666247
2026-09-07 00:05:00,Canis lupus,0.17280658787503717,2.1600823484379648
2026-09-07 00:10:00,Canis lupus,0.1493196294669694,1.8664953683371173
2026-09-07 00:15:00,Canis lupus,0.18251619949599224,2.281452493699903
2026-09-07 00:20:00,Canis lupus,0.1776850696074733,2.2210633700934164
2026-09-07 00:25:00,Canis lupus,0.10641632186537192,1.330204023317149
2026-09-07 00:30:00,Canis lupus,0.10714274573970456,1.339284321746307
2026-09-07 00:35:00,Canis lupus,0.023931516203624936,0.2991439525453117
2026-09-07 00:40:00,Canis lupus,0.17212563329488972,2.1515704161861215
2026-09-07 00:45:00,Canis lupus,0.2512598398882223,3.140747998602779
2026-09-07 00:50:00,Canis lupus,0.1782252085954079,2.227815107442599
2026-09-07 00:55:00,Canis lupus,0.2038831029614151,2.5485387870176885
2026-09-07 01:00:00,Canis lupus,0.1736415305724098,2.1705191321551225
2026-09-07 01:05:00,Canis lupus,0.2623671239540629,3.2795890494257867
2026-09-07 01:10:00,Canis lupus,0.08924250201969261,1.1155312752461577
2026-09-07 01:15:00,Canis lupus,0.11889357236955876,1.4861696546194845
2026-09-07 01:20:00,Canis lupus,0.1872453303399928,2.34056662924991
2026-09-07 01:25:00,Canis lupus,0.047215217938210624,0.5901902242276328
2026-09-07 01:30:00,Canis lupus,0.1312601254075926,1.6407515675949076
2026-09-07 01:35:00,Canis lupus,0.10655141865884224,1.331892733235528
2026-09-07 01:40:00,Canis lupus,0.26400915959413446,3.3001144949266807
2026-09-07 01:45:00,Canis lupus,0.2785960852578867,3.4824510657235836
2026-09-07 01:50:00,Canis lupus,0.19427937115178517,2.4284921393973145
2026-09-07 01:55:00,Canis lupus,0.20614768413672446,2.576846051709056
2026-09-07 02:00:00,Canis lupus,0.3480417549543852,4.350521936929815
2026-09-07 02:05:00,Canis lupus,0.4571079722109607,5.713849652637009
2026-09-07 02:10:00,Canis lupus,0.2928575162444009,3.660718953055011
2026-09-07 02:15:00,Canis lupus,0.31492887144491144,3.936610893061393
2026-09-07 02:20:00,Canis lupus,0.279362291003173,3.4920286375396623
2026-09-07 02:25:00,Canis lupus,0.20912671585378778,2.6140839481723472
2026-09-07 02:30:00,Canis lupus,0.28678505690434397,3.5848132113043
2026-09-07 02:35:00,Canis lupus,0.12599084380998365,1.5748855476247956
2026-09-07 02:40:00,Canis lupus,0.37849169908089847,4.731146238511231
2026-09-07 02:45:00,Canis lupus,0.4094132190170584,5.11766523771323
2026-09-07 02:50:00,Canis lupus,0.3426484541758111,4.283105677197638
2026-09-07 02:55:00,Canis lupus,0.2607823060440465,3.2597788255505815
2026-09-07 03:00:00,Canis lupus,0.17083618077714413,2.1354522597143015
2026-09-07 03:05:00,Canis lupus,0.29580625486390133,3.6975781857987666
2026-09-07 03:10:00,Canis lupus,0.3753769877763068,4.692212347203835
2026-09-07 03:15:00,Canis lupus,0.2652987708917406,3.316234636146757
2026-09-07 03:20:00,Canis lupus,0.4702186798426533,5.877733498033166
2026-09-07 03:25:00,Canis lupus,0.3270745991271139,4.088432489088924
2026-09-07 03:30:00,Canis lupus,0.4846080371144163,6.0576004639302035
2026-09-07 03:35:00,Canis lupus,0.2002805607009989,2.503507008762486
2026-09-07 03:40:00,Canis lupus,0.44642762252189083,5.580345281523636
2026-09-07 03:45:00,Canis lupus,0.35128245830784716,4.391030728848089
2026-09-07 03:50:00,Canis lupus,0.4981511435752323,6.226889294690404
2026-09-07 03:55:00,Canis lupus,0.4269357379110212,5.336696723887765
2026-09-07 04:00:00,Canis lupus,0.4303648962780009,5.379561203475011
2026-09-07 04:05:00,Canis lupus,0.4606468434961962,5.758085543702453
2026-09-07 04:10:00,Canis lupus,0.5376414920547337,6.720518650684171
2026-09-07 04:15:00,Canis lupus,0.42582828830106817,5.3228536037633525
2026-09-07 04:20:00,Canis lupus,0.478639008451896,5.9829876056487
2026-09-07 04:25:00,Canis lupus,0.4249262756358171,5.311578445447713
2026-09-07 04:30:00,Canis lupus,0.506013418725493,6.325167734068662
2026-09-07 04:35:00,Canis lupus,0.3121216888070888,3.90152111008861
2026-09-07 04:40:00,Canis lupus,0.2305886825275816,2.88235853159477
2026-09-07 04:45:00,Canis lupus,0.4751227918541353,5.939034898176692
2026-09-07 04:50:00,Canis lupus,0.44508110295971187,5.563513786996398
2026-09-07 04:55:00,Canis lupus,0.43242396844731446,5.405299605591431
2026-09-07 05:00:00,Canis lupus,0.5265748967425063,6.582186209281329
2026-09-07 05:05:00,Canis lupus,0.5615153917737112,7.01894239717139
2026-09-07 05:10:00,Canis lupus,0.44477649632485516,5.5597062040606895
2026-09-07 05:15:00,Canis lupus,0.5602365376787115,7.002956720983894
2026-09-07 05:20:00,Canis lupus,0.4245935004776736,5.30741875597092
2026-09-07 05:25:00,Canis lupus,0.6207473208067521,7.759341510084401
2026-09-07 05:30:00,Canis lupus,0.4024103575489121,5.030129469361401
2026-09-07 05:35:00,Canis lupus,0.5243517766720478,6.554397208400598
2026-09-07 05:40:00,Canis lupus,0.614456482836549,7.680706035456862
2026-09-07 05:45:00,Canis lupus,0.5898949136717696,7.37368642089712
2026-09-07 05:50:00,Canis lupus,0.4823851965536824,6.0298149569210295
2026-09-07 05:55:00,Canis lupus,0.49422704980288273,6.177838122536034
2026-09-07 06:00:00,Canis lupus,0.35887791365722976,4.485973920715372
2026-09-07 06:05:00,Canis lupus,0.5899539709045232,7.374424636306539
2026-09-07 06:10:00,Canis lupus,0.5214911598602197,6.518639498252746
2026-09-07 06:15:00,Canis lupus,0.6370019071731141,7.962523839663927
2026-09-07 06:20:00,Canis lupus,0.5496178803979518,6.870223504974398
2026-09-07 06:25:00,Canis lupus,0.6481270639256558,8.101588299070697
2026-09-07 06:30:00,Canis lupus,0.6192904104089981,7.741130130112476
2026-09-07 06:35:00,Canis lupus,0.5377486342024933,6.7218579275311665
2026-09-07 06:40:00,Canis lupus,0.7283074893796553,9.10384361724569
2026-09-07 06:45:00,Canis lupus,0.6150719948021741,7.688399935027176
2026-09-07 06:50:00,Canis lupus,0.57702032501034,7.21275406262925
2026-09-07 06:55:00,Canis lupus,0.6033153715969433,7.541442144961791
2026-09-07 07:00:00,Canis lupus,0.5169288354591969,6.461610443239961
2026-09-07 07:05:00,Canis lupus,0.6653084856387744,8.31635607048468
2026-09-07 07:10:00,Canis lupus,0.5326760275879705,6.658450344849632
2026-09-07 07:15:00,Canis lupus,0.569848962366413,7.123112029580163
2026-09-07 07:20:00,Canis lupus,0.598345810356689,7.479322629458612
2026-09-07 07:25:00,Canis lupus,0.584014032256616,7.3001754032076995
2026-09-07 07:30:00,Canis lupus,0.5713181859802954,7.1414773247536925
2026-09-07 07:35:00,Canis lupus,0.5447036417978043,6.808795522472553
2026-09-07 07:40:00,Canis lupus,0.6724458478163482,8.405573097704352
2026-09-07 07:45:00,Canis lupus,0.6162688688345622,7.703360860432028
2026-09-07 07:50:00,Canis lupus,0.7318605611926164,9.148257014907706
2026-09-07 07:55:00,Canis lupus,0.562122473685227,7.026530921065338
2026-09-07 08:00:00,Canis lupus,0.5213937873609521,6.517422342011901
2026-09-07 08:05:00,Canis lupus,0.6897505125335155,8.621881406668944
2026-09-07 08:10:00,Canis lupus,0.5639691117515855,7.049613896894819
2026-09-07 08:15:00,Canis lupus,0.6918861570084903,8.648576962606128
2026-09-07 08:20:00,Canis lupus,0.7001839664029672,8.75229958003709
2026-09-07 08:25:00,Canis lupus,0.5836242534205316,7.295303167756645
2026-09-07 08:30:00,Canis lupus,0.6005033095202551,7.506291369003189
2026-09-07 08:35:00,Canis lupus,0.6342010926599573,7.927513658249466
2026-09-07 08:40:00,Canis lupus,0.7598059468936775,9.497574336170969
2026-09-07 08:45:00,Canis lupus,0.570630126698968,7.132876583737099
2026-09-07 08:50:00,Canis lupus,0.7722308884562741,9.652886105703425
2026-09-07 08:55:00,Canis lupus,0.7585164940421621,9.481456175527027
2026-09-07 09:00:00,Canis lupus,0.7916534166352946,9.895667707941183
2026-09-07 09:05:00,Canis lupus,0.720215831414987,9.002697892687337
2026-09-07 09:10:00,Canis lupus,0.7120573867085199,8.900717333856498
2026-09-07 09:15:00,Canis lupus,0.7178620579487579,8.973275724359473
2026-09-07 09:20:00,Canis lupus,0.8547619436679922,10.684524295849902
2026-09-07 09:25:00,Canis lupus,0.6957566200201306,8.696957750251633
2026-09-07 09:30:00,Canis lupus,0.5887332680191447,7.359165850239309
2026-09-07 09:35:00,Canis lupus,0.6462627475031137,8.078284343788923
2026-09-07 09:40:00,Canis lupus,0.7210673112250134,9.013341390312668
2026-09-07 09:45:00,Canis lupus,0.5593961581456766,6.992451976820957
2026-09-07 09:50:00,Canis lupus,0.6325175273881075,7.906469092351344
2026-09-07 09:55:00,Canis lupus,0.7877846121873925,9.847307652342407
2026-09-07 10:00:00,Canis lupus,0.5241283068744501,6.551603835930626
2026-09-07 10:05:00,Canis lupus,0.6445971601209116,8.057464501511395
2026-09-07 10:10:00,Canis lupus,0.6470639906342144,8.08829988292768
2026-09-07 10:15:00,Canis lupus,0.8551479411103983,10.68934926387998
2026-09-07 10:20:00,Canis lupus,0.6991177303775185,8.73897162971898
2026-09-07 10:25:00,Canis lupus,0.6040133480375582,7.550166850469478
2026-09-07 10:30:00,Canis lupus,0.6441969114699372,8.052461393374214
2026-09-07 10:35:00,Canis lupus,0.6482502678689007,8.10312834836126
2026-09-07 10:40:00,Canis lupus,0.6586996848761326,8.233746060951658
2026-09-07 10:45:00,Canis lupus,0.6710475983203289,8.38809497900411
2026-09-07 10:50:00,Canis lupus,0.7510599800477399,9.38824975059675
2026-09-07 10:55:00,Canis lupus,0.596915056207453,7.461438202593163
2026-09-07 11:00:00,Canis lupus,0.71120686085421,8.890085760677625
2026-09-07 11:05:00,Canis lupus,0.7563116586199521,9.453895732749402
2026-09-07 11:10:00,Canis lupus,0.5963458330309752,7.45432291288719
2026-09-07 11:15:00,Canis lupus,0.5171125074241796,6.463906342802245
2026-09-07 11:20:00,Canis lupus,0.6686160689232282,8.357700861540353
2026-09-07 11:25:00,Canis lupus,0.6899497242488722,8.624371553110903
2026-09-07 11:30:00,Canis lupus,0.6211096169504411,7.763870211880514
2026-09-07 11:35:00,Canis lupus,0.6475086310879072,8.09385788859884
2026-09-07 11:40:00,Canis lupus,0.7104310843318588,8.880388554148235
2026-09-07 11:45:00,Canis lupus,0.6309534471197122,7.886918088996403
2026-09-07 11:50:00,Canis lupus,0.6894786547767389,8.618483184709236
2026-09-07 11:55:00,Canis lupus,0.687082500083579,8.588531251044737
2026-09-07 12:00:00,Canis lupus,0.6165615896684079,7.707019870855099
2026-09-07 12:05:00,Canis lupus,0.5569118968262698,6.961398710328373
2026-09-07 12:10:00,Canis lupus,0.6518421788994352,8.14802723624294
2026-09-07 12:15:00,Canis lupus,0.6614633871743391,8.268292339679238
2026-09-07 12:20:00,Canis lupus,0.7451400185278497,9.314250231598121
2026-09-07 12:25:00,Canis lupus,0.7124382102995219,8.905477628744023
2026-09-07 12:30:00,Canis lupus,0.5758859881049408,7.1985748513117604
2026-09-07 12:35:00,Canis lupus,0.8543974490178924,10.679968112723655
2026-09-07 12:40:00,Canis lupus,0.6326946545052096,7.908683181315119
2026-09-07 12:45:00,Canis lupus,0.615170740030822,7.689634250385274
2026-09-07 12:50:00,Canis lupus,0.5651464888130677,7.064331110163346
2026-09-07 12:55:00,Canis lupus,0.6196185243326292,7.745231554157865
2026-09-07 13:00:00,Canis lupus,0.6468171742203381,8.085214677754227
2026-09-07 13:05:00,Canis lupus,0.6566522021825125,8.208152527281406
2026-09-07 13:10:00,Canis lupus,0.6351193165258348,7.938991456572935
2026-09-07 13:15:00,Canis lupus,0.539974368313833,6.749679603922913
2026-09-07 13:20:00,Canis lupus,0.6445246714491321,8.05655839311415
2026-09-07 13:25:00,Canis lupus,0.6483781190907567,8.104726488634459
2026-09-07 13:30:00,Canis lupus,0.6245472793427345,7.806840991784181
2026-09-07 13:35:00,Canis lupus,0.5309529467580402,6.6369118344755025
2026-09-07 13:40:00,Canis lupus,0.7495160907426779,9.368951134283474
2026-09-07 13:45:00,Canis lupus,0.4919997238066851,6.149996547583564
2026-09-07 13:50:00,Canis lupus,0.512332517681573,6.404156471019662
2026-09-07 13:55:00,Canis lupus,0.6292355871399773,7.865444839249716
2026-09-07 14:00:00,Canis lupus,0.49371108528375907,6.171388566046988
2026-09-07 14:05:00,Canis lupus,0.6380628863374472,7.97578607921809
2026-09-07 14:10:00,Canis lupus,0.5183121851815287,6.478902314769108
2026-09-07 14:15:00,Canis lupus,0.49726992347179605,6.21587404339745
2026-09-07 14:20:00,Canis lupus,0.4789378374292007,5.986722967865009
2026-09-07 14:25:00,Canis lupus,0.6086312746920012,7.6078909336500145
2026-09-07 14:30:00,Canis lupus,0.65744276581359,8.218034572669875
2026-09-07 14:35:00,Canis lupus,0.44355425720383396,5.544428215047924
2026-09-07 14:40:00,Canis lupus,0.5502524310554672,6.878155388193339
2026-09-07 14:45:00,Canis lupus,0.44470624514281376,5.558828064285172
2026-09-07 14:50:00,Canis lupus,0.5302985053942237,6.628731317427797
2026-09-07 14:55:00,Canis lupus,0.5159177520762415,6.448971900953018
2026-09-07 15:00:00,Canis lupus,0.34676815154839047,4.334601894354881
2026-09-07 15:05:00,Canis lupus,0.5326178188445603,6.6577227355570034
2026-09-07 15:10:00,Canis lupus,0.4566950907254605,5.708688634068256
2026-09-07 15:15:00,Canis lupus,0.2641708748614964,3.3021359357687046
2026-09-07 15:20:00,Canis lupus,0.4435803973112885,5.544754966391106
2026-09-07 15:25:00,Canis lupus,0.3693957623019905,4.6174470287748814
2026-09-07 15:30:00,Canis lupus,0.4930438136038018,6.163047670047522
2026-09-07 15:35:00,Canis lupus,0.3207851837147375,4.009814796434219
2026-09-07 15:40:00,Canis lupus,0.24646168025913673,3.0807710032392093
2026-09-07 15:45:00,Canis lupus,0.31794900318659414,3.974362539832427
2026-09-07 15:50:00,Canis lupus,0.4102391770467765,5.127989713084706
2026-09-07 15:55:00,Canis lupus,0.39567931942815776,4.945991492851972
2026-09-07 16:00:00,Canis lupus,0.48260314515192526,6.032539314399066
2026-09-07 16:05:00,Canis lupus,0.3184883462731649,3.9811043284145615
2026-09-07 16:10:00,Canis lupus,0.4380252539072217,5.475315673840271
2026-09-07 16:15:00,Canis lupus,0.2207468933590692,2.7593361669883647
2026-09-07 16:20:00,Canis lupus,0.42395452181982085,5.299431522747761
2026-09-07 16:25:00,Canis lupus,0.2477292486532341,3.0966156081654264
2026-09-07 16:30:00,Canis lupus,0.3684195421803911,4.605244277254888
2026-09-07 16:35:00,Canis lupus,0.32308138421293103,4.038517302661638
2026-09-07 16:40:00,Canis lupus,0.22470845609618756,2.8088557012023445
2026-09-07 16:45:00,Canis lupus,0.25908617112202814,3.238577139025352
2026-09-07 16:50:00,Canis lupus,0.30651334488006643,3.8314168110008304
2026-09-07 16:55:00,Canis lupus,0.35022620282938144,4.377827535367268
2026-09-07 17:00:00,Canis lupus,0.30415217643754383,3.8019022054692977
2026-09-07 17:05:00,Canis lupus,0.2754784233688231,3.443480292110289
2026-09-07 17:10:00,Canis lupus,0.4072553359546617,5.090691699433271
2026-09-07 17:15:00,Canis lupus,0.3729986917243214,4.662483646554017
2026-09-07 17:20:00,Canis lupus,0.3550111663826324,4.437639579782905
2026-09-07 17:25:00,Canis lupus,0.19261683895759893,2.407710486969987
2026-09-07 17:30:00,Canis lupus,0.23589886746942884,2.9487358433678605
2026-09-07 17:35:00,Canis lupus,0.2555924118992483,3.1949051487406037
2026-09-07 17:40:00,Canis lupus,0.399906322664292,4.99882903330365
2026-09-07 17:45:00,Canis lupus,0.18914085757894805,2.364260719736851
2026-09-07 17:50:00,Canis lupus,0.35003943254110814,4.375492906763852
2026-09-07 17:55:00,Canis lupus,0.17078550447704044,2.1348188059630053
2026-09-07 18:00:00,Canis lupus,0.28586295781185556,3.5732869726481944
2026-09-07 18:05:00,Canis lupus,0.24469494465230174,3.0586868081537717
2026-09-07 18:10:00,Canis lupus,0.28814630421099063,3.601828802637383
2026-09-07 18:15:00,Canis lupus,0.19432482205783602,2.4290602757229505
2026-09-07 18:20:00,Canis lupus,0.15123308053104134,1.8904135066380168
2026-09-07 18:25:00,Canis lupus,0.12887097273512443,1.6108871591890555
2026-09-07 18:30:00,Canis lupus,0.0813624253247063,1.0170303165588288
2026-09-07 18:35:00,Canis lupus,0.2715305945731026,3.394132432163782
2026-09-07 18:40:00,Canis lupus,0.20393762017538322,2.54922025219229
2026-09-07 18:45:00,Canis lupus,0.23863195456222006,2.9828994320277507
2026-09-07 18:50:00,Canis lupus,0.2269547644572094,2.8369345557151178
2026-09-07 18:55:00,Canis lupus,0.26524141642304677,3.3155177052880846
2026-09-07 19:00:00,Canis lupus,0.24645852395922233,3.080731549490279
2026-09-07 19:05:00,Canis lupus,0.091398355399095,1.1424794424886875
2026-09-07 19:10:00,Canis lupus,0.2873340164661545,3.591675205826931
2026-09-07 19:15:00,Canis lupus,0.16325159065242587,2.0406448831553234
2026-09-07 19:20:00,Canis lupus,0.18570452892380773,2.3213066115475964
2026-09-07 19:25:00,Canis lupus,0.2168649530500564,2.710811913125705
2026-09-07 19:30:00,Canis lupus,0.23971617512983476,2.9964521891229343
2026-09-07 19:35:00,Canis lupus,0.03318913157918367,0.4148641447397959
2026-09-07 19:40:00,Canis lupus,0.11869052327066801,1.48363154088335
2026-09-07 19:45:00,Canis lupus,0.10940556946992858,1.3675696183741073
2026-09-07 19:50:00,Canis lupus,0.06724139120085966,0.8405173900107458
2026-09-07 19:55:00,Canis lupus,0.09925253924821124,1.2406567406026405
2026-09-07 20:00:00,Canis lupus,0.15025388048095162,1.8781735060118951
2026-09-07 20:05:00,Canis lupus,0.050986316590342154,0.637328957379277
2026-09-07 20:10:00,Canis lupus,0.1720508105013362,2.1506351312667022
2026-09-07 20:15:00,Canis lupus,0.20832290255492225,2.604036281936528
2026-09-07 20:20:00,Canis lupus,0.07520116880296535,0.9400146100370668
2026-09-07 20:25:00,Canis lupus,0.1658657652661442,2.0733220658268023
2026-09-07 20:30:00,Canis lupus,0.13036778260398751,1.629597282549844
2026-09-07 20:35:00,Canis lupus,0.1382179942355358,1.7277249279441975
2026-09-07 20:40:00,Canis lupus,0.006861633095040953,0.08577041368801192
2026-09-07 20:45:00,Canis lupus,0.14806681218622342,1.8508351523277926
2026-09-07 20:50:00,Canis lupus,0.03397280158089716,0.4246600197612145
2026-09-07 20:55:00,Canis lupus,0.07165278065137842,0.8956597581422303
2026-09-07 21:00:00,Canis lupus,0.06196794125854177,0.7745992657317722
2026-09-07 21:05:00,Canis lupus,0.03625379980247265,0.4531724975309081
2026-09-07 21:10:00,Canis lupus,0.05542031324563504,0.692753915570438
2026-09-07 21:15:00,Canis lupus,0.07585684405786042,0.9482105507232552
2026-09-07 21:20:00,Canis lupus,0.16209961982773322,2.0262452478466653
2026-09-07 21:25:00,Canis lupus,0.11103200415200809,1.3879000519001012
2026-09-07 21:30:00,Canis lupus,0.10649509404217462,1.331188675527183
2026-09-07 21:35:00,Canis lupus,0.18137456444186079,2.26718205552326
2026-09-07 21:40:00,Canis lupus,0.0998154483725784,1.24769310465723
2026-09-07 21:45:00,Canis lupus,0.046257461911686816,0.5782182738960852
2026-09-07 21:50:00,Canis lupus,0.03746058356849784,0.46825729460622295
2026-09-07 21:55:00,Canis lupus,0.0367546503490213,0.4594331293627662
2026-09-07 22:00:00,Canis lupus,0.11860734584909768,1.482591823113721
2026-09-07 22:05:00,Canis lupus,0.223390761969604,2.79238452462005
2026-09-07 22:10:00,Canis lupus,0.1814554309539695,2.2681928869246186
2026-09-07 22:15:00,Canis lupus,0.0584810181873102,0.7310127273413775
2026-09-07 22:20:00,Canis lupus,0.10921324554986275,1.3651655693732845
2026-09-07 22:25:00,Canis lupus,0.1474298443445507,1.8428730543068836
2026-09-07 22:30:00,Canis lupus,0.10650355755701099,1.3312944694626374
2026-09-07 22:35:00,Canis lupus,0.028570863704864502,0.3571357963108063
2026-09-07 22:40:00,Canis lupus,0.135314244389456,1.6914280548682
2026-09-07 22:45:00,Canis lupus,0.08988610684837886,1.1235763356047357
2026-09-07 22:50:00,Canis lupus,0.277349657220612,3.46687071525765
2026-09-07 22:55:00,Canis lupus,0.21127045891058352,2.640880736382294
2026-09-07 23:00:00,Canis lupus,0.18437321678158658,2.304665209769832
2026-09-07 23:05:00,Canis lupus,0.25589388780061173,3.198673597507647
2026-09-07 23:10:00,Canis lupus,0.0,0.0
2026-09-07 23:15:00,Canis lupus,0.23838780203487847,2.979847525435981
2026-09-07 23:20:00,Canis lupus,0.18080229458042887,2.260028682255361
2026-09-07 23:25:00,Canis lupus,0.048038885169260456,0.6004860646157557
2026-09-07 23:30:00,Canis lupus,0.07517963915834239,0.9397454894792798
2026-09-07 23:35:00,Canis lupus,0.16381540937943523,2.0476926172429404
2026-09-07 23:40:00,Canis lupus,0.08342791982941705,1.0428489978677131
2026-09-07 23:45:00,Canis lupus,0.174991150250223,2.1873893781277873
2026-09-07 23:50:00,Canis lupus,0.052185848244035715,0.6523231030504464
2026-09-07 23:55:00,Canis lupus,0.09977612228109589,1.2472015285136986
