timestamp,individual_taxon_canonical_name,activity_index,ground_speed_ms
2026-09-01 00:00:00,Falco peregrinus,0.15111079711517877,9.82220181248662
2026-09-01 00:05:00,Falco peregrinus,0.21424403619790708,13.92586235286396
2026-09-01 00:10:00,Falco peregrinus,0.17521497582580936,11.388973428677609
2026-09-01 00:15:00,Falco peregrinus,0.24684034333281946,16.044622316633266
2026-09-01 00:20:00,Falco peregrinus,0.2511570363193871,16.32520736076016
2026-09-01 00:25:00,Falco peregrinus,0.20350783995444394,13.228009597038856
2026-09-01 00:30:00,Falco peregrinus,0.9591693766419813,62.346009481728785
2026-09-01 00:35:00,Falco peregrinus,0.22768101019016307,14.7992656623606
2026-09-01 00:40:00,Falco peregrinus,0.2021556987990186,13.140120421936208
2026-09-01 00:45:00,Falco peregrinus,0.20316981951214969,13.20603826828973
2026-09-01 00:50:00,Falco peregrinus,0.2136448314277749,13.886914042805369
2026-09-01 00:55:00,Falco peregrinus,0.1806833308202426,11.744416503315769
2026-09-01 01:00:00,Falco peregrinus,0.23508286820603644,15.28038643339237
2026-09-01 01:05:00,Falco peregrinus,1.0,65.0
2026-09-01 01:10:00,Falco peregrinus,0.20155513092839714,13.101083510345815
2026-09-01 01:15:00,Falco peregrinus,0.14439407443194688,9.385614838076547
2026-09-01 01:20:00,Falco peregrinus,0.25776052172963543,16.754433912426304
2026-09-01 01:25:00,Falco peregrinus,0.21210449021886416,13.78679186422617
2026-09-01 01:30:00,Falco peregrinus,0.2989366217229448,19.43088041199141
2026-09-01 01:35:00,Falco peregrinus,0.24582524257634766,15.978640767462599
2026-09-01 01:40:00,Falco peregrinus,0.21176310469786697,13.764601805361353
2026-09-01 01:45:00,Falco peregrinus,0.23647982142459475,15.37118839259866
2026-09-01 01:50:00,Falco peregrinus,0.22404315372054312,14.562804991835304
2026-09-01 01:55:00,Falco peregrinus,0.2560188064300575,16.641222417953735
2026-09-01 02:00:00,Falco peregrinus,0.24398793453806547,15.859215744974255
2026-09-01 02:05:00,Falco peregrinus,0.19512517103059868,12.683136116988914
2026-09-01 02:10:00,Falco peregrinus,0.29658492093091887,19.278019860509726
2026-09-01 02:15:00,Falco peregrinus,0.22249367050632307,14.462088582910999
2026-09-01 02:20:00,Falco peregrinus,0.23105749991842467,15.018737494697604
2026-09-01 02:25:00,Falco peregrinus,0.2499539208968146,16.24700485829295
2026-09-01 02:30:00,Falco peregrinus,0.2594490356788404,16.86418731912463
2026-09-01 02:35:00,Falco peregrinus,0.29934094884694434,19.45716167505138
2026-09-01 02:40:00,Falco peregrinus,0.27883641653309166,18.12436707465096
2026-09-01 02:45:00,Falco peregrinus,0.2674965674613809,17.38727688498976
2026-09-01 02:50:00,Falco peregrinus,0.2890542129309278,18.788523840510308
2026-09-01 02:55:00,Falco peregrinus,0.2241845867693825,14.571998140009862
2026-09-01 03:00:00,Falco peregrinus,0.306616719059195,19.930086738847677
2026-09-01 03:05:00,Falco peregrinus,0.28153367206687846,18.2996886843471
2026-09-01 03:10:00,Falco peregrinus,0.3111119586785094,20.22227731410311
2026-09-01 03:15:00,Falco peregrinus,0.2778282746948869,18.05883785516765
2026-09-01 03:20:00,Falco peregrinus,0.29652276281235984,19.27397958280339
2026-09-01 03:25:00,Falco peregrinus,0.9889009758219044,64.27856342842378
2026-09-01 03:30:00,Falco peregrinus,0.26673895811239595,17.338032277305736
2026-09-01 03:35:00,Falco peregrinus,0.27089667549028384,17.60828390686845
2026-09-01 03:40:00,Falco peregrinus,0.2278855102547925,14.812558166561512
2026-09-01 03:45:00,Falco peregrinus,0.25376434198491005,16.494682229019155
2026-09-01 03:50:00,Falco peregrinus,0.3183693193506681,20.694005757793427
2026-09-01 03:55:00,Falco peregrinus,0.26989150828465,17.54294803850225
2026-09-01 04:00:00,Falco peregrinus,0.27310759737366924,17.7519938292885
2026-09-01 04:05:00,Falco peregrinus,0.2417154442608339,15.711503876954204
2026-09-01 04:10:00,Falco peregrinus,0.25396639860891634,16.507815909579563
2026-09-01 04:15:00,Falco peregrinus,0.302203487827756,19.643226708804143
2026-09-01 04:20:00,Falco peregrinus,0.3232774854097257,21.01303655163217
2026-09-01 04:25:00,Falco peregrinus,0.25352761745515595,16.479295134585136
2026-09-01 04:30:00,Falco peregrinus,0.2970226798675163,19.30647419138856
2026-09-01 04:35:00,Falco peregrinus,0.32264610455492226,20.97199679606995
2026-09-01 04:40:00,Falco peregrinus,0.2923466993854715,19.002535460055647
2026-09-01 04:45:00,Falco peregrinus,0.31290147370122123,20.33859579057938
2026-09-01 04:50:00,Falco peregrinus,0.24503484533752024,15.927264946938815
2026-09-01 04:55:00,Falco peregrinus,0.3008760821051987,19.556945336837913
2026-09-01 05:00:00,Falco peregrinus,1.0,65.0
2026-09-01 05:05:00,Falco peregrinus,0.3048499804954873,19.815248732206673
2026-09-01 05:10:00,Falco peregrinus,0.31414638654508137,20.41951512543029
2026-09-01 05:15:00,Falco peregrinus,0.3083466663219866,20.04253331092913
2026-09-01 05:20:00,Falco peregrinus,0.3231324051814079,21.003606336791513
2026-09-01 05:25:00,Falco peregrinus,0.2771637566090658,18.015644179589277
2026-09-01 05:30:00,Falco peregrinus,0.25038495533909505,16.275022097041177
2026-09-01 05:35:00,Falco peregrinus,0.3521334198029937,22.888672287194588
2026-09-01 05:40:00,Falco peregrinus,0.3088791657618863,20.07714577452261
2026-09-01 05:45:00,Falco peregrinus,0.35057504633477427,22.787378011760328
2026-09-01 05:50:00,Falco peregrinus,0.26425911348935066,17.176842376807794
2026-09-01 05:55:00,Falco peregrinus,0.269266794642258,17.50234165174677
2026-09-01 06:00:00,Falco peregrinus,0.2418330028186624,15.719145183213056
2026-09-01 06:05:00,Falco peregrinus,0.316508686774909,20.573064640369086
2026-09-01 06:10:00,Falco peregrinus,0.2752405370570611,17.89063490870897
2026-09-01 06:15:00,Falco peregrinus,0.32729834429222554,21.27439237899466
2026-09-01 06:20:00,Falco peregrinus,0.29097123787072743,18.913130461597284
2026-09-01 06:25:00,Falco peregrinus,0.3242220689277401,21.074434480303104
2026-09-01 06:30:00,Falco peregrinus,0.2972126895817334,19.318824822812672
2026-09-01 06:35:00,Falco peregrinus,0.26300907606385016,17.09558994415026
2026-09-01 06:40:00,Falco peregrinus,0.32944939606844714,21.414210744449065
2026-09-01 06:45:00,Falco peregrinus,0.3348346601719435,21.764252911176328
2026-09-01 06:50:00,Falco peregrinus,0.26109068726102547,16.970894671966654
2026-09-01 06:55:00,Falco peregrinus,0.27064269038735556,17.59177487517811
2026-09-01 07:00:00,Falco peregrinus,0.2932695477695119,19.062520605018275
2026-09-01 07:05:00,Falco peregrinus,0.33226701032993083,21.597355671445506
2026-09-01 07:10:00,Falco peregrinus,0.30152979393753954,19.59943660594007
2026-09-01 07:15:00,Falco peregrinus,0.3076176333543128,19.99514616803033
2026-09-01 07:20:00,Falco peregrinus,0.3291243279180227,21.393081314671477
2026-09-01 07:25:00,Falco peregrinus,0.3065762903037148,19.92745886974146
2026-09-01 07:30:00,Falco peregrinus,0.25463186751028505,16.551071388168527
2026-09-01 07:35:00,Falco peregrinus,0.2126479538808821,13.822117002257336
2026-09-01 07:40:00,Falco peregrinus,0.29618822920651616,19.252234898423552
2026-09-01 07:45:00,Falco peregrinus,0.29085699115921393,18.905704425348905
2026-09-01 07:50:00,Falco peregrinus,0.2546209140490562,16.55035941318865
2026-09-01 07:55:00,Falco peregrinus,0.31126140846353356,20.23199155012968
2026-09-01 08:00:00,Falco peregrinus,0.25213185919254405,16.388570847515364
2026-09-01 08:05:00,Falco peregrinus,0.2877389177096463,18.70302965112701
2026-09-01 08:10:00,Falco peregrinus,0.30988354040527033,20.14243012634257
2026-09-01 08:15:00,Falco peregrinus,0.24255307342247076,15.7659497724606
2026-09-01 08:20:00,Falco peregrinus,0.311182097185272,20.226836317042682
2026-09-01 08:25:00,Falco peregrinus,0.2613299733361733,16.986448266851266
2026-09-01 08:30:00,Falco peregrinus,0.22914799963514823,14.894619976284636
2026-09-01 08:35:00,Falco peregrinus,0.31075239315830716,20.198905555289965
2026-09-01 08:40:00,Falco peregrinus,0.33376589002216583,21.694782851440777
2026-09-01 08:45:00,Falco peregrinus,0.32621809030671256,21.204175869936318
2026-09-01 08:50:00,Falco peregrinus,0.2957159097013695,19.221534130589017
2026-09-01 08:55:00,Falco peregrinus,0.23696531196681178,15.402745277842765
2026-09-01 09:00:00,Falco peregrinus,0.251717885757924,16.361662574265058
2026-09-01 09:05:00,Falco peregrinus,0.3150539723890178,20.478508205286154
2026-09-01 09:10:00,Falco peregrinus,0.2529142889004332,16.43942877852816
2026-09-01 09:15:00,Falco peregrinus,0.2580711482241789,16.77462463457163
2026-09-01 09:20:00,Falco peregrinus,0.22759265631297554,14.79352266034341
2026-09-01 09:25:00,Falco peregrinus,0.2668942014035952,17.34812309123369
2026-09-01 09:30:00,Falco peregrinus,0.24727829266829102,16.073089023438914
2026-09-01 09:35:00,Falco peregrinus,0.28232373387348014,18.35104270177621
2026-09-01 09:40:00,Falco peregrinus,0.24563230677236778,15.966099940203906
2026-09-01 09:45:00,Falco peregrinus,0.2833242224150844,18.41607445698049
2026-09-01 09:50:00,Falco peregrinus,0.2768277266254908,17.993802230656904
2026-09-01 09:55:00,Falco peregrinus,0.25554391208749333,16.610354285687066
2026-09-01 10:00:00,Falco peregrinus,0.2486939683611455,16.165107943474457
2026-09-01 10:05:00,Falco peregrinus,0.22762985423438883,14.795940525235274
2026-09-01 10:10:00,Falco peregrinus,0.20141431136455357,13.091930238695982
2026-09-01 10:15:00,Falco peregrinus,0.25165516804673804,16.357585923037973
2026-09-01 10:20:00,Falco peregrinus,0.24867820880841865,16.164083572547213
2026-09-01 10:25:00,Falco peregrinus,0.30767875072255935,19.999118796966357
2026-09-01 10:30:00,Falco peregrinus,0.2552407341347792,16.59064771876065
2026-09-01 10:35:00,Falco peregrinus,0.24986359277215184,16.24113353018987
2026-09-01 10:40:00,Falco peregrinus,0.24837728578273088,16.144523575877507
2026-09-01 10:45:00,Falco peregrinus,0.18616237554436843,12.100554410383948
2026-09-01 10:50:00,Falco peregrinus,0.24021129827062104,15.613734387590368
2026-09-01 10:55:00,Falco peregrinus,0.2352219648777797,15.28942771705568
2026-09-01 11:00:00,Falco peregrinus,0.2899404445706541,18.846128897092516
2026-09-01 11:05:00,Falco peregrinus,0.20411559372727817,13.267513592273081
2026-09-01 11:10:00,Falco peregrinus,0.22218793377642249,14.442215695467462
2026-09-01 11:15:00,Falco peregrinus,0.1869585135776124,12.152303382544806
2026-09-01 11:20:00,Falco peregrinus,0.20077751809917116,13.050538676446125
2026-09-01 11:25:00,Falco peregrinus,0.21250283286337163,13.812684136119156
2026-09-01 11:30:00,Falco peregrinus,0.27542923057546187,17.90289998740502
2026-09-01 11:35:00,Falco peregrinus,0.21656882247042605,14.076973460577694
2026-09-01 11:40:00,Falco peregrinus,0.24986571394059093,16.24127140613841
2026-09-01 11:45:00,Falco peregrinus,0.1995526469976823,12.97092205484935
2026-09-01 11:50:00,Falco peregrinus,0.17862637929527625,11.610714654192956
2026-09-01 11:55:00,Falco peregrinus,0.19666564317306326,12.783266806249111
2026-09-01 12:00:00,Falco peregrinus,0.18512729973552075,12.03327448280885
2026-09-01 12:05:00,Falco peregrinus,0.21531187376251917,13.995271794563747
2026-09-01 12:10:00,Falco peregrinus,0.1874473447691321,12.184077409993588
2026-09-01 12:15:00,Falco peregrinus,0.18581349900623892,12.07787743540553
2026-09-01 12:20:00,Falco peregrinus,0.12362133326309777,8.035386662101354
2026-09-01 12:25:00,Falco peregrinus,0.2048546710508373,13.315553618304424
2026-09-01 12:30:00,Falco peregrinus,0.13749813556481286,8.937378811712836
2026-09-01 12:35:00,Falco peregrinus,0.1469047256863505,9.548807169612783
2026-09-01 12:40:00,Falco peregrinus,0.18405323300229284,11.963460145149035
2026-09-01 12:45:00,Falco peregrinus,0.16386200325471784,10.651030211556659
2026-09-01 12:50:00,Falco peregrinus,0.1981167711978135,12.877590127857879
2026-09-01 12:55:00,Falco peregrinus,0.21023084038790796,13.665004625214017
2026-09-01 13:00:00,Falco peregrinus,0.18890105354380604,12.278568480347392
2026-09-01 13:05:00,Falco peregrinus,0.15843897035016452,10.298533072760694
2026-09-01 13:10:00,Falco peregrinus,0.1530722805336287,9.949698234685865
2026-09-01 13:15:00,Falco peregrinus,0.12495042765744888,8.121777797734177
2026-09-01 13:20:00,Falco peregrinus,0.17529369189471564,11.394089973156516
2026-09-01 13:25:00,Falco peregrinus,0.8133210667229566,52.865869336992176
2026-09-01 13:30:00,Falco peregrinus,0.1384825991604433,9.001368945428815
2026-09-01 13:35:00,Falco peregrinus,0.1896852740111903,12.32954281072737
2026-09-01 13:40:00,Falco peregrinus,0.15815072618829734,10.279797202239328
2026-09-01 13:45:00,Falco peregrinus,0.1362841211625367,8.858467875564884
2026-09-01 13:50:00,Falco peregrinus,0.18834240778402378,12.242256505961546
2026-09-01 13:55:00,Falco peregrinus,0.20797004538529276,13.51805295004403
2026-09-01 14:00:00,Falco peregrinus,0.1327590983569432,8.629341393201308
2026-09-01 14:05:00,Falco peregrinus,0.12625230093832487,8.206399560991116
2026-09-01 14:10:00,Falco peregrinus,0.1300602905161199,8.453918883547793
2026-09-01 14:15:00,Falco peregrinus,0.11115477830374451,7.225060589743393
2026-09-01 14:20:00,Falco peregrinus,0.8247024189477288,53.60565723160237
2026-09-01 14:25:00,Falco peregrinus,0.1482784338191481,9.638098198244627
2026-09-01 14:30:00,Falco peregrinus,0.1149539280525696,7.472005323417024
2026-09-01 14:35:00,Falco peregrinus,0.14142183613065903,9.192419348492837
2026-09-01 14:40:00,Falco peregrinus,0.7569823656006298,49.203853764040936
2026-09-01 14:45:00,Falco peregrinus,0.14074255893725096,9.148266330921313
2026-09-01 14:50:00,Falco peregrinus,0.14167074441317704,9.208598386856508
2026-09-01 14:55:00,Falco peregrinus,0.1390659166751732,9.039284583886259
2026-09-01 15:00:00,Falco peregrinus,0.13845873993937674,8.999818096059489
2026-09-01 15:05:00,Falco peregrinus,0.11916712858593645,7.745863358085869
2026-09-01 15:10:00,Falco peregrinus,0.7369649057088316,47.90271887107405
2026-09-01 15:15:00,Falco peregrinus,0.129979263552651,8.448652130922314
2026-09-01 15:20:00,Falco peregrinus,0.10145605659179355,6.59464367846658
2026-09-01 15:25:00,Falco peregrinus,0.10915383862615158,7.094999510699853
2026-09-01 15:30:00,Falco peregrinus,0.16272763066722212,10.577295993369438
2026-09-01 15:35:00,Falco peregrinus,0.12577642254263352,8.17546746527118
2026-09-01 15:40:00,Falco peregrinus,0.09727540689084721,6.3229014479050685
2026-09-01 15:45:00,Falco peregrinus,0.12359073231912167,8.033397600742909
2026-09-01 15:50:00,Falco peregrinus,0.17204987215458264,11.183241690047872
2026-09-01 15:55:00,Falco peregrinus,0.1704943636801937,11.08213363921259
2026-09-01 16:00:00,Falco peregrinus,0.13887675005539418,9.026988753600621
2026-09-01 16:05:00,Falco peregrinus,0.17689939684560452,11.498460794964293
2026-09-01 16:10:00,Falco peregrinus,0.13978181647761168,9.08581807104476
2026-09-01 16:15:00,Falco peregrinus,0.07996549176634485,5.197756964812415
2026-09-01 16:20:00,Falco peregrinus,0.134244801972002,8.72591212818013
2026-09-01 16:25:00,Falco peregrinus,0.13792896085956963,8.965382455872026
2026-09-01 16:30:00,Falco peregrinus,0.11296885805168635,7.342975773359613
2026-09-01 16:35:00,Falco peregrinus,0.13998867785005828,9.099264060253788
2026-09-01 16:40:00,Falco peregrinus,0.07945813367990129,5.164778689193584
2026-09-01 16:45:00,Falco peregrinus,0.10413791276101513,6.768964329465983
2026-09-01 16:50:00,Falco peregrinus,0.13845190669806595,8.999373935374287
2026-09-01 16:55:00,Falco peregrinus,0.11167860184208356,7.259109119735431
2026-09-01 17:00:00,Falco peregrinus,0.09419861184440757,6.122909769886492
2026-09-01 17:05:00,Falco peregrinus,0.032218375316007006,2.0941943955404554
2026-09-01 17:10:00,Falco peregrinus,0.05771150747536569,3.75124798589877
2026-09-01 17:15:00,Falco peregrinus,0.1428815442444314,9.28730037588804
2026-09-01 17:20:00,Falco peregrinus,0.13126760148418362,8.532394096471936
2026-09-01 17:25:00,Falco peregrinus,0.12416981733409176,8.071038126715964
2026-09-01 17:30:00,Falco peregrinus,0.051001761723974,3.31511451205831
2026-09-01 17:35:00,Falco peregrinus,0.06376627110353006,4.144807621729454
2026-09-01 17:40:00,Falco peregrinus,0.07414755788660211,4.819591262629137
2026-09-01 17:45:00,Falco peregrinus,0.04825376975670482,3.1364950341858133
2026-09-01 17:50:00,Falco peregrinus,0.07264393746488232,4.72185593521735
2026-09-01 17:55:00,Falco peregrinus,0.11457292130037126,7.447239884524132
2026-09-01 18:00:00,Falco peregrinus,0.04762617944014899,3.0957016636096846
2026-09-01 18:05:00,Falco peregrinus,0.11944045938826545,7.763629860237254
2026-09-01 18:10:00,Falco peregrinus,0.17793801864400094,11.565971211860061
2026-09-01 18:15:00,Falco peregrinus,0.07501866008465097,4.876212905502313
2026-09-01 18:20:00,Falco peregrinus,0.10472004904096806,6.806803187662924
2026-09-01 18:25:00,Falco peregrinus,0.13809413413684846,8.97611871889515
2026-09-01 18:30:00,Falco peregrinus,0.07352811308164717,4.7793273503070655
2026-09-01 18:35:00,Falco peregrinus,0.06746976980361487,4.385535037234966
2026-09-01 18:40:00,Falco peregrinus,0.013502715430732268,0.8776765029975974
2026-09-01 18:45:00,Falco peregrinus,0.056882812227376185,3.697382794779452
2026-09-01 18:50:00,Falco peregrinus,0.10688016674449759,6.947210838392343
2026-09-01 18:55:00,Falco peregrinus,0.0871802972603134,5.666719321920371
2026-09-01 19:00:00,Falco peregrinus,0.11485187908823383,7.465372140735199
2026-09-01 19:05:00,Falco peregrinus,0.08859762231699979,5.758845450604986
2026-09-01 19:10:00,Falco peregrinus,0.11542237753374435,7.502454539693383
2026-09-01 19:15:00,Falco peregrinus,0.12182587273156609,7.918681727551796
2026-09-01 19:20:00,Falco peregrinus,0.11838532035887911,7.695045823327142
2026-09-01 19:25:00,Falco peregrinus,0.10525654209458411,6.841675236147967
2026-09-01 19:30:00,Falco peregrinus,0.10546425227122981,6.855176397629938
2026-09-01 19:35:00,Falco peregrinus,0.1290965767138788,8.391277486402123
2026-09-01 19:40:00,Falco peregrinus,0.13703349807949697,8.907177375167302
2026-09-01 19:45:00,Falco peregrinus,0.12333962759986727,8.017075793991372
2026-09-01 19:50:00,Falco peregrinus,0.14932266849206555,9.70597345198426
2026-09-01 19:55:00,Falco peregrinus,0.15792757133912685,10.265292137043245
2026-09-01 20:00:00,Falco peregrinus,0.08761102253368797,5.6947164646897175
2026-09-01 20:05:00,Falco peregrinus,0.10811669490605645,7.027585168893669
2026-09-01 20:10:00,Falco peregrinus,0.11445510268802872,7.439581674721866
2026-09-01 20:15:00,Falco peregrinus,0.08609257284784111,5.596017235109672
2026-09-01 20:20:00,Falco peregrinus,0.13293731520618332,8.640925488401916
2026-09-01 20:25:00,Falco peregrinus,0.11425161730156008,7.426355124601406
2026-09-01 20:30:00,Falco peregrinus,0.11314087890040478,7.35415712852631
2026-09-01 20:35:00,Falco peregrinus,0.12650002885786982,8.222501875761537
2026-09-01 20:40:00,Falco peregrinus,0.0905178582949323,5.883660789170599
2026-09-01 20:45:00,Falco peregrinus,0.08991310645946515,5.844351919865235
2026-09-01 20:50:00,Falco peregrinus,0.07482119585441283,4.8633777305368335
2026-09-01 20:55:00,Falco peregrinus,0.10959482465349879,7.123663602477421
2026-09-01 21:00:00,Falco peregrinus,0.14180909782746412,9.217591358785167
2026-09-01 21:05:00,Falco peregrinus,0.1119445431169015,7.276395302598598
2026-09-01 21:10:00,Falco peregrinus,0.09036914659647913,5.873994528771143
2026-09-01 21:15:00,Falco peregrinus,0.15002734353199626,9.751777329579756
2026-09-01 21:20:00,Falco peregrinus,0.11096726262934976,7.212872070907735
2026-09-01 21:25:00,Falco peregrinus,0.1037021193951136,6.740637760682384
2026-09-01 21:30:00,Falco peregrinus,0.14737092286029738,9.57910998591933
2026-09-01 21:35:00,Falco peregrinus,0.1546172441568859,10.050120870197585
2026-09-01 21:40:00,Falco peregrinus,0.14799228173887707,9.61949831302701
2026-09-01 21:45:00,Falco peregrinus,0.14123760232521032,9.180444151138671
2026-09-01 21:50:00,Falco peregrinus,0.21407190101821955,13.91467356618427
2026-09-01 21:55:00,Falco peregrinus,0.10853786768411605,7.054961399467543
2026-09-01 22:00:00,Falco peregrinus,0.12730930303695662,8.27510469740218
2026-09-01 22:05:00,Falco peregrinus,0.10764694641593055,6.9970515170354854
2026-09-01 22:10:00,Falco peregrinus,0.17215150913587057,11.189848093831587
2026-09-01 22:15:00,Falco peregrinus,0.15351433022966532,9.978431464928246
2026-09-01 22:20:00,Falco peregrinus,0.14665878503552165,9.532821027308907
2026-09-01 22:25:00,Falco peregrinus,0.1908433190758076,12.404815739927493
2026-09-01 22:30:00,Falco peregrinus,0.1891916890172899,12.297459786123843
2026-09-01 22:35:00,Falco peregrinus,0.19370184628905732,12.590620008788726
2026-09-01 22:40:00,Falco peregrinus,0.16644962628598495,10.819225708589022
2026-09-01 22:45:00,Falco peregrinus,0.14809153681315185,9.62594989285487
2026-09-01 22:50:00,Falco peregrinus,0.2032241388006658,13.209569022043278
2026-09-01 22:55:00,Falco peregrinus,0.18719146098205788,12.167444963833763
2026-09-01 23:00:00,Falco peregrinus,0.21453726638873094,13.944922315267512
2026-09-01 23:05:00,Falco peregrinus,0.1929972301154978,12.544819957507357
2026-09-01 23:10:00,Falco peregrinus,0.17981245367649373,11.687809488972093
2026-09-01 23:15:00,Falco peregrinus,0.208724108044251,13.567067022876316
2026-09-01 23:20:00,Falco peregrinus,0.16344409600521845,10.623866240339199
2026-09-01 23:25:00,Falco peregrinus,0.15163478869564634,9.856261265217013
2026-09-01 23:30:00,Falco peregrinus,0.8933737154332659,58.06929150316228
2026-09-01 23:35:00,Falco peregrinus,0.17298099785093377,11.243764860310694
2026-09-01 23:40:00,Falco peregrinus,0.1965438124906811,12.775347811894271
2026-09-01 23:45:00,Falco peregrinus,0.19948228985102864,12.966348840316861
2026-09-01 23:50:00,Falco peregrinus,0.14984638954632548,9.740015320511157
2026-09-01 23:55:00,Falco peregrinus,0.1699861279372646,11.049098315922198
2026-09-02 00:00:00,Falco peregrinus,0.17703603822185987,11.507342484420892
2026-09-02 00:05:00,Falco peregrinus,0.2183222494760676,14.190946215944393
2026-09-02 00:10:00,Falco peregrinus,0.15901920235518158,10.336248153086803
2026-09-02 00:15:00,Falco peregrinus,0.2082324918133177,13.535111967865651
2026-09-02 00:20:00,Falco peregrinus,0.22800399251130796,14.820259513235017
2026-09-02 00:25:00,Falco peregrinus,0.20177173222726366,13.115162594772139
2026-09-02 00:30:00,Falco peregrinus,0.21810261044662688,14.176669679030747
2026-09-02 00:35:00,Falco peregrinus,0.24346365480768437,15.825137562499483
2026-09-02 00:40:00,Falco peregrinus,0.20820001318082765,13.533000856753796
2026-09-02 00:45:00,Falco peregrinus,0.18439435333693835,11.985632966900992
2026-09-02 00:50:00,Falco peregrinus,0.2924233269527623,19.007516251929548
2026-09-02 00:55:00,Falco peregrinus,0.22358473188331732,14.533007572415626
2026-09-02 01:00:00,Falco peregrinus,0.21476504599922333,13.959727989949517
2026-09-02 01:05:00,Falco peregrinus,0.18930701972244532,12.304956281958946
2026-09-02 01:10:00,Falco peregrinus,0.2481186927982093,16.127715031883604
2026-09-02 01:15:00,Falco peregrinus,0.22461675916607993,14.600089345795196
2026-09-02 01:20:00,Falco peregrinus,0.20687118198269114,13.446626828874924
2026-09-02 01:25:00,Falco peregrinus,0.17689839694100687,11.498395801165447
2026-09-02 01:30:00,Falco peregrinus,0.2536911539701969,16.4899250080628
2026-09-02 01:35:00,Falco peregrinus,0.24784783647668684,16.110109370984645
2026-09-02 01:40:00,Falco peregrinus,0.24134819098344445,15.68763241392389
2026-09-02 01:45:00,Falco peregrinus,0.2507808697814726,16.30075653579572
2026-09-02 01:50:00,Falco peregrinus,0.22017197829995683,14.311178589497194
2026-09-02 01:55:00,Falco peregrinus,0.2598225108767732,16.88846320699026
2026-09-02 02:00:00,Falco peregrinus,0.20146482974534308,13.0952139334473
2026-09-02 02:05:00,Falco peregrinus,0.2973670887353339,19.328860767796705
2026-09-02 02:10:00,Falco peregrinus,0.20768706223337752,13.499659045169539
2026-09-02 02:15:00,Falco peregrinus,0.2792154610884386,18.149004970748507
2026-09-02 02:20:00,Falco peregrinus,0.2883733870249348,18.744270156620765
2026-09-02 02:25:00,Falco peregrinus,0.208967671701961,13.582898660627466
2026-09-02 02:30:00,Falco peregrinus,0.2513152500777002,16.335491255050513
2026-09-02 02:35:00,Falco peregrinus,0.2808598756191836,18.25589191524693
2026-09-02 02:40:00,Falco peregrinus,0.28315964809933,18.405377126456447
2026-09-02 02:45:00,Falco peregrinus,0.251253018255848,16.33144618663012
2026-09-02 02:50:00,Falco peregrinus,0.29611949438624213,19.24776713510574
2026-09-02 02:55:00,Falco peregrinus,0.20938616869667045,13.61010096528358
2026-09-02 03:00:00,Falco peregrinus,0.2848505155076026,18.51528350799417
2026-09-02 03:05:00,Falco peregrinus,0.30000607965281534,19.500395177432996
2026-09-02 03:10:00,Falco peregrinus,0.3068234043620101,19.943521283530657
2026-09-02 03:15:00,Falco peregrinus,0.2473507822319382,16.077800845075984
2026-09-02 03:20:00,Falco peregrinus,0.25736616900450054,16.728800985292537
2026-09-02 03:25:00,Falco peregrinus,0.2964210232050834,19.267366508330422
2026-09-02 03:30:00,Falco peregrinus,0.2698755937160021,17.541913591540137
2026-09-02 03:35:00,Falco peregrinus,0.24855265756539863,16.15592274175091
2026-09-02 03:40:00,Falco peregrinus,0.30113458154835826,19.573747800643286
2026-09-02 03:45:00,Falco peregrinus,0.3312261975720331,21.52970284218215
2026-09-02 03:50:00,Falco peregrinus,0.31123191261389976,20.230074319903483
2026-09-02 03:55:00,Falco peregrinus,0.27098328731111027,17.613913675222168
2026-09-02 04:00:00,Falco peregrinus,0.29977994842922095,19.485696647899363
2026-09-02 04:05:00,Falco peregrinus,0.26745466878317026,17.384553470906067
2026-09-02 04:10:00,Falco peregrinus,0.3333220823358264,21.665935351828715
2026-09-02 04:15:00,Falco peregrinus,0.3028544169651533,19.685537102734965
2026-09-02 04:20:00,Falco peregrinus,0.295926212422153,19.235203807439945
2026-09-02 04:25:00,Falco peregrinus,0.31617027408950577,20.551067815817873
2026-09-02 04:30:00,Falco peregrinus,0.29130782202790073,18.935008431813547
2026-09-02 04:35:00,Falco peregrinus,0.3020918310364758,19.635969017370925
2026-09-02 04:40:00,Falco peregrinus,0.31545013636319164,20.504258863607458
2026-09-02 04:45:00,Falco peregrinus,0.2999809626114015,19.498762569741096
2026-09-02 04:50:00,Falco peregrinus,0.30674808450731406,19.938625492975415
2026-09-02 04:55:00,Falco peregrinus,0.32950647978179304,21.417921185816546
2026-09-02 05:00:00,Falco peregrinus,0.301273970962363,19.582808112553597
2026-09-02 05:05:00,Falco peregrinus,0.3327018740382068,21.62562181248344
2026-09-02 05:10:00,Falco peregrinus,0.8996267920222464,58.475741481446015
2026-09-02 05:15:00,Falco peregrinus,0.2793275190337507,18.156288737193794
2026-09-02 05:20:00,Falco peregrinus,0.2653386688082202,17.247013472534313
2026-09-02 05:25:00,Falco peregrinus,0.31523046922625114,20.489980499706324
2026-09-02 05:30:00,Falco peregrinus,0.23992085744742467,15.594855734082604
2026-09-02 05:35:00,Falco peregrinus,0.3228871051943369,20.987661837631897
2026-09-02 05:40:00,Falco peregrinus,0.27116254847075555,17.62556565059911
2026-09-02 05:45:00,Falco peregrinus,0.24427086932701714,15.877606506256114
2026-09-02 05:50:00,Falco peregrinus,0.2990897344383496,19.440832738492723
2026-09-02 05:55:00,Falco peregrinus,0.287054383641623,18.658534936705497
2026-09-02 06:00:00,Falco peregrinus,0.29262259881928465,19.020468923253503
2026-09-02 06:05:00,Falco peregrinus,0.23900610579122938,15.53539687642991
2026-09-02 06:10:00,Falco peregrinus,0.2942826565809502,19.128372677761764
2026-09-02 06:15:00,Falco peregrinus,0.2686576251625439,17.46274563556535
2026-09-02 06:20:00,Falco peregrinus,0.3086992002923553,20.065448019003096
2026-09-02 06:25:00,Falco peregrinus,0.3644098141717532,23.68663792116396
2026-09-02 06:30:00,Falco peregrinus,0.3229789695353788,20.99363301979962
2026-09-02 06:35:00,Falco peregrinus,0.32825165016204116,21.336357260532676
2026-09-02 06:40:00,Falco peregrinus,0.9520866244985419,61.88563059240522
2026-09-02 06:45:00,Falco peregrinus,0.21547128581978459,14.005633578285998
2026-09-02 06:50:00,Falco peregrinus,0.2902999721117606,18.86949818726444
2026-09-02 06:55:00,Falco peregrinus,0.29424829586739315,19.126139231380556
2026-09-02 07:00:00,Falco peregrinus,0.2753947035466665,17.900655730533323
2026-09-02 07:05:00,Falco peregrinus,0.27393571105323106,17.805821218460018
2026-09-02 07:10:00,Falco peregrinus,0.3285771183698153,21.357512694037993
2026-09-02 07:15:00,Falco peregrinus,0.26860512308321993,17.459333000409295
2026-09-02 07:20:00,Falco peregrinus,0.19927897262627117,12.953133220707626
2026-09-02 07:25:00,Falco peregrinus,0.2774634306281873,18.035122990832175
2026-09-02 07:30:00,Falco peregrinus,1.0,65.0
2026-09-02 07:35:00,Falco peregrinus,0.28822669538238677,18.73473519985514
2026-09-02 07:40:00,Falco peregrinus,0.26444754947695337,17.18909071600197
2026-09-02 07:45:00,Falco peregrinus,0.3161221704749243,20.54794108087008
2026-09-02 07:50:00,Falco peregrinus,0.3390720792998665,22.039685154491323
2026-09-02 07:55:00,Falco peregrinus,0.27317721593428057,17.756519035728235
2026-09-02 08:00:00,Falco peregrinus,0.309910072755441,20.144154729103665
2026-09-02 08:05:00,Falco peregrinus,0.24231177682060565,15.750265493339366
2026-09-02 08:10:00,Falco peregrinus,0.29385651665016693,19.10067358226085
2026-09-02 08:15:00,Falco peregrinus,0.335767620347927,21.824895322615255
2026-09-02 08:20:00,Falco peregrinus,0.27161631821599064,17.65506068403939
2026-09-02 08:25:00,Falco peregrinus,0.24476275474771234,15.909579058601302
2026-09-02 08:30:00,Falco peregrinus,0.19488017769490912,12.667211550169093
2026-09-02 08:35:00,Falco peregrinus,0.28383086599579205,18.449006289726483
2026-09-02 08:40:00,Falco peregrinus,0.20709836456504638,13.461393696728015
2026-09-02 08:45:00,Falco peregrinus,0.27552664737684224,17.909232079494746
2026-09-02 08:50:00,Falco peregrinus,0.306953168648874,19.95195596217681
2026-09-02 08:55:00,Falco peregrinus,0.31203822661028,20.2824847296682
2026-09-02 09:00:00,Falco peregrinus,0.2631551818642538,17.105086821176496
2026-09-02 09:05:00,Falco peregrinus,0.21856082045561456,14.206453329614947
2026-09-02 09:10:00,Falco peregrinus,0.21452006814739638,13.943804429580764
2026-09-02 09:15:00,Falco peregrinus,0.3007758312918957,19.550429033973224
2026-09-02 09:20:00,Falco peregrinus,0.22651157600971972,14.723252440631782
2026-09-02 09:25:00,Falco peregrinus,0.29148297407701995,18.946393315006297
2026-09-02 09:30:00,Falco peregrinus,0.2641252411549866,17.168140675074127
2026-09-02 09:35:00,Falco peregrinus,0.3151989387185807,20.487931016707744
2026-09-02 09:40:00,Falco peregrinus,0.24659554156624008,16.028710201805605
2026-09-02 09:45:00,Falco peregrinus,0.3003579926238536,19.523269520550485
2026-09-02 09:50:00,Falco peregrinus,0.24105944097654508,15.668863663475431
2026-09-02 09:55:00,Falco peregrinus,0.22555493768414722,14.66107094946957
2026-09-02 10:00:00,Falco peregrinus,0.24169825586191224,15.710386631024296
2026-09-02 10:05:00,Falco peregrinus,0.26465811947732587,17.20277776602618
2026-09-02 10:10:00,Falco peregrinus,0.2226138289359586,14.46989888083731
2026-09-02 10:15:00,Falco peregrinus,0.298871726269099,19.426662207491436
2026-09-02 10:20:00,Falco peregrinus,0.21278693098383544,13.831150513949304
2026-09-02 10:25:00,Falco peregrinus,0.9088278653527941,59.073811247931616
2026-09-02 10:30:00,Falco peregrinus,0.22829029202439236,14.838868981585502
2026-09-02 10:35:00,Falco peregrinus,0.273357673148515,17.768248754653474
2026-09-02 10:40:00,Falco peregrinus,0.2526170185817192,16.42010620781175
2026-09-02 10:45:00,Falco peregrinus,0.22996022142522243,14.947414392639459
2026-09-02 10:50:00,Falco peregrinus,0.24191650557274524,15.724572862228442
2026-09-02 10:55:00,Falco peregrinus,0.27984415088491,18.18986980751915
2026-09-02 11:00:00,Falco peregrinus,0.24067102680227678,15.64361674214799
2026-09-02 11:05:00,Falco peregrinus,0.22783538349702476,14.80929992730661
2026-09-02 11:10:00,Falco peregrinus,0.18613278746692968,12.09863118535043
2026-09-02 11:15:00,Falco peregrinus,0.23777738617646071,15.455530101469947
2026-09-02 11:20:00,Falco peregrinus,0.15816913578121353,10.280993825778879
2026-09-02 11:25:00,Falco peregrinus,0.17676837339909035,11.489944270940873
2026-09-02 11:30:00,Falco peregrinus,0.1706184015727002,11.090196102225512
2026-09-02 11:35:00,Falco peregrinus,0.15787004161357165,10.261552704882158
2026-09-02 11:40:00,Falco peregrinus,0.18928715861690273,12.303665310098678
2026-09-02 11:45:00,Falco peregrinus,0.198163547322617,12.880630575970105
2026-09-02 11:50:00,Falco peregrinus,0.17137141489001756,11.139141967851142
2026-09-02 11:55:00,Falco peregrinus,0.18488578234996206,12.017575852747534
2026-09-02 12:00:00,Falco peregrinus,0.2295945185782914,14.923643707588942
2026-09-02 12:05:00,Falco peregrinus,0.1706238451603905,11.090549935425383
2026-09-02 12:10:00,Falco peregrinus,0.8272564496272713,53.771669225772634
2026-09-02 12:15:00,Falco peregrinus,0.16940336720042712,11.011218868027763
2026-09-02 12:20:00,Falco peregrinus,0.18752390649810238,12.189053922376655
2026-09-02 12:25:00,Falco peregrinus,0.20568223145027756,13.36934504426804
2026-09-02 12:30:00,Falco peregrinus,0.15222242718781448,9.89445776720794
2026-09-02 12:35:00,Falco peregrinus,0.1788376008090437,11.62444405258784
2026-09-02 12:40:00,Falco peregrinus,0.16323091527627853,10.610009492958104
2026-09-02 12:45:00,Falco peregrinus,0.12026884620890577,7.817475003578875
2026-09-02 12:50:00,Falco peregrinus,0.12649944990044507,8.222464243528929
2026-09-02 12:55:00,Falco peregrinus,0.1564396106620846,10.168574693035499
2026-09-02 13:00:00,Falco peregrinus,0.14925089448204798,9.701308141333119
2026-09-02 13:05:00,Falco peregrinus,0.16489481955825666,10.718163271286683
2026-09-02 13:10:00,Falco peregrinus,0.1509632857805479,9.812613575735615
2026-09-02 13:15:00,Falco peregrinus,0.14683305992649498,9.544148895222174
2026-09-02 13:20:00,Falco peregrinus,0.21188175730504233,13.77231422482775
2026-09-02 13:25:00,Falco peregrinus,0.13895609881258225,9.032146422817846
2026-09-02 13:30:00,Falco peregrinus,0.8703949190029973,56.57566973519482
2026-09-02 13:35:00,Falco peregrinus,0.15256717647561796,9.916866470915167
2026-09-02 13:40:00,Falco peregrinus,0.20423947863275171,13.275566111128862
2026-09-02 13:45:00,Falco peregrinus,0.09455315536743375,6.145955098883194
2026-09-02 13:50:00,Falco peregrinus,0.18824269168757346,12.235774959692275
2026-09-02 13:55:00,Falco peregrinus,0.17224583126426263,11.195979032177071
2026-09-02 14:00:00,Falco peregrinus,0.14643664925193994,9.518382201376097
2026-09-02 14:05:00,Falco peregrinus,0.7678199895272456,49.90829931927097
2026-09-02 14:10:00,Falco peregrinus,0.14958307143613464,9.722899643348752
2026-09-02 14:15:00,Falco peregrinus,0.13191010413333396,8.574156768666708
2026-09-02 14:20:00,Falco peregrinus,0.09780298334576716,6.3571939174748655
2026-09-02 14:25:00,Falco peregrinus,0.1253412749987556,8.147182874919114
2026-09-02 14:30:00,Falco peregrinus,0.17891713746063398,11.629613934941208
2026-09-02 14:35:00,Falco peregrinus,0.11164598925642633,7.256989301667711
2026-09-02 14:40:00,Falco peregrinus,0.13207102794881542,8.584616816673002
2026-09-02 14:45:00,Falco peregrinus,0.12346708151848586,8.02536029870158
2026-09-02 14:50:00,Falco peregrinus,0.15507518804319398,10.079887222807608
2026-09-02 14:55:00,Falco peregrinus,0.1467116821227001,9.536259337975507
2026-09-02 15:00:00,Falco peregrinus,0.07699908507969419,5.004940530180122
2026-09-02 15:05:00,Falco peregrinus,0.11815715778685103,7.680215256145317
2026-09-02 15:10:00,Falco peregrinus,0.10957225987468991,7.122196891854844
2026-09-02 15:15:00,Falco peregrinus,0.18897809014431155,12.283575859380251
2026-09-02 15:20:00,Falco peregrinus,0.09249864201842288,6.012411731197488
2026-09-02 15:25:00,Falco peregrinus,0.15673055201818925,10.187485881182301
2026-09-02 15:30:00,Falco peregrinus,0.1545399740864632,10.045098315620107
2026-09-02 15:35:00,Falco peregrinus,0.8473246345121607,55.076101243290445
2026-09-02 15:40:00,Falco peregrinus,0.1106243732841672,7.1905842634708685
2026-09-02 15:45:00,Falco peregrinus,0.15926328229370182,10.352113349090619
2026-09-02 15:50:00,Falco peregrinus,0.09786260763143664,6.361069496043382
2026-09-02 15:55:00,Falco peregrinus,0.1109612643404223,7.21248218212745
2026-09-02 16:00:00,Falco peregrinus,0.07098033115978228,4.613721525385848
2026-09-02 16:05:00,Falco peregrinus,0.12369147097381326,8.039945613297862
2026-09-02 16:10:00,Falco peregrinus,0.0803511138347658,5.222822399259777
2026-09-02 16:15:00,Falco peregrinus,0.05950035845540187,3.8675232996011215
2026-09-02 16:20:00,Falco peregrinus,0.029240297776830335,1.9006193554939717
2026-09-02 16:25:00,Falco peregrinus,0.06733719845683306,4.376917899694149
2026-09-02 16:30:00,Falco peregrinus,0.1035267172264157,6.72923661971702
2026-09-02 16:35:00,Falco peregrinus,0.06822991730738204,4.434944624979832
2026-09-02 16:40:00,Falco peregrinus,0.13520662989125826,8.788430942931786
2026-09-02 16:45:00,Falco peregrinus,0.0667290024423885,4.337385158755252
2026-09-02 16:50:00,Falco peregrinus,0.13114712570024825,8.524563170516137
2026-09-02 16:55:00,Falco peregrinus,0.06582421936981887,4.278574259038227
2026-09-02 17:00:00,Falco peregrinus,0.0769135291230706,4.9993793929995896
2026-09-02 17:05:00,Falco peregrinus,0.12947853853835897,8.416105004993334
2026-09-02 17:10:00,Falco peregrinus,0.1145115908472045,7.443253405068292
2026-09-02 17:15:00,Falco peregrinus,0.07438562456151819,4.835065596498683
2026-09-02 17:20:00,Falco peregrinus,0.09996605859048151,6.497793808381298
2026-09-02 17:25:00,Falco peregrinus,0.10886409816712138,7.076166380862889
2026-09-02 17:30:00,Falco peregrinus,0.1022714919882688,6.647646979237472
2026-09-02 17:35:00,Falco peregrinus,0.09280090016303048,6.032058510596982
2026-09-02 17:40:00,Falco peregrinus,0.7792041848290003,50.64827201388502
2026-09-02 17:45:00,Falco peregrinus,0.10083473178093519,6.554257565760787
2026-09-02 17:50:00,Falco peregrinus,0.07610791740029615,4.94701463101925
2026-09-02 17:55:00,Falco peregrinus,0.09378243123089652,6.095858030008274
2026-09-02 18:00:00,Falco peregrinus,0.07882036644380512,5.123323818847333
2026-09-02 18:05:00,Falco peregrinus,0.10242036953347453,6.657324019675844
2026-09-02 18:10:00,Falco peregrinus,0.0402008748594432,2.613056865863808
2026-09-02 18:15:00,Falco peregrinus,0.09907258023395832,6.439717715207291
2026-09-02 18:20:00,Falco peregrinus,0.14053936806374398,9.135058924143358
2026-09-02 18:25:00,Falco peregrinus,0.05884435932149577,3.8248833558972253
2026-09-02 18:30:00,Falco peregrinus,0.12445752975457698,8.089739434047504
2026-09-02 18:35:00,Falco peregrinus,0.0855239730802675,5.5590582502173875
2026-09-02 18:40:00,Falco peregrinus,0.09156309659882292,5.95160127892349
2026-09-02 18:45:00,Falco peregrinus,0.024414936866636414,1.586970896331367
2026-09-02 18:50:00,Falco peregrinus,0.14256349874687052,9.266627418546584
2026-09-02 18:55:00,Falco peregrinus,0.1063164826832417,6.9105713744107105
2026-09-02 19:00:00,Falco peregrinus,0.08264680520616022,5.372042338400414
2026-09-02 19:05:00,Falco peregrinus,0.11125832931974912,7.231791405783693
2026-09-02 19:10:00,Falco peregrinus,0.11721323266637748,7.618860123314536
2026-09-02 19:15:00,Falco peregrinus,0.14707990544081756,9.560193853653141
2026-09-02 19:20:00,Falco peregrinus,0.10819988279001298,7.0329923813508435
2026-09-02 19:25:00,Falco peregrinus,0.14344608154919808,9.323995300697876
2026-09-02 19:30:00,Falco peregrinus,0.11701548122192974,7.606006279425434
2026-09-02 19:35:00,Falco peregrinus,0.16205434653383166,10.533532524699059
2026-09-02 19:40:00,Falco peregrinus,0.10105811448392157,6.568777441454903
2026-09-02 19:45:00,Falco peregrinus,0.06347314581852564,4.125754478204167
2026-09-02 19:50:00,Falco peregrinus,0.15788751710495852,10.262688611822304
2026-09-02 19:55:00,Falco peregrinus,0.11683678270413325,7.594390875768662
2026-09-02 20:00:00,Falco peregrinus,0.10619405108937499,6.902613320809374
2026-09-02 20:05:00,Falco peregrinus,0.16477568567794404,10.710419569066362
2026-09-02 20:10:00,Falco peregrinus,0.10295515522234736,6.692085089452578
2026-09-02 20:15:00,Falco peregrinus,0.14678805187453256,9.541223371844616
2026-09-02 20:20:00,Falco peregrinus,0.09076746539597783,5.899885250738559
2026-09-02 20:25:00,Falco peregrinus,0.12038631565452193,7.8251105175439255
2026-09-02 20:30:00,Falco peregrinus,0.14240014316394078,9.256009305656152
2026-09-02 20:35:00,Falco peregrinus,0.09503433860563452,6.177232009366244
2026-09-02 20:40:00,Falco peregrinus,0.10497489923930187,6.8233684505546215
2026-09-02 20:45:00,Falco peregrinus,0.17898423491776003,11.633975269654401
2026-09-02 20:50:00,Falco peregrinus,0.12999629802234494,8.449759371452421
2026-09-02 20:55:00,Falco peregrinus,0.08399789374878457,5.459863093670997
2026-09-02 21:00:00,Falco peregrinus,0.1568061243306261,10.192398081490696
2026-09-02 21:05:00,Falco peregrinus,0.1570320332752839,10.207082162893453
2026-09-02 21:10:00,Falco peregrinus,0.13816082029227375,8.980453318997794
2026-09-02 21:15:00,Falco peregrinus,0.09606400291084319,6.244160189204807
2026-09-02 21:20:00,Falco peregrinus,0.16919255190016688,10.997515873510848
2026-09-02 21:25:00,Falco peregrinus,0.09584768407963005,6.230099465175954
2026-09-02 21:30:00,Falco peregrinus,0.16416446795539175,10.670690417100463
2026-09-02 21:35:00,Falco peregrinus,0.18275404368950005,11.879012839817502
2026-09-02 21:40:00,Falco peregrinus,0.11889747311026727,7.728335752167372
2026-09-02 21:45:00,Falco peregrinus,0.1305703232952392,8.48707101419055
2026-09-02 21:50:00,Falco peregrinus,0.13218189413365639,8.591823118687666
2026-09-02 21:55:00,Falco peregrinus,0.1911612452811175,12.425480943272637
2026-09-02 22:00:00,Falco peregrinus,0.08953895750236071,5.820032237653447
2026-09-02 22:05:00,Falco peregrinus,0.173431326892592,11.27303624801848
2026-09-02 22:10:00,Falco peregrinus,0.7792399279457078,50.65059531647101
2026-09-02 22:15:00,Falco peregrinus,0.1829219208250531,11.889924853628452
2026-09-02 22:20:00,Falco peregrinus,0.1658664889182423,10.781321779685749
2026-09-02 22:25:00,Falco peregrinus,0.16972915296919788,11.032394942997863
2026-09-02 22:30:00,Falco peregrinus,0.1664117329028974,10.816762638688331
2026-09-02 22:35:00,Falco peregrinus,0.18184858517985034,11.820158036690271
2026-09-02 22:40:00,Falco peregrinus,0.14320051001877546,9.308033151220405
2026-09-02 22:45:00,Falco peregrinus,0.13296762111090335,8.642895372208718
2026-09-02 22:50:00,Falco peregrinus,0.1617295755273798,10.512422409279687
2026-09-02 22:55:00,Falco peregrinus,0.8703692236439466,56.57399953685653
2026-09-02 23:00:00,Falco peregrinus,0.1712169037814137,11.12909874579189
2026-09-02 23:05:00,Falco peregrinus,0.13521997704876149,8.789298508169496
2026-09-02 23:10:00,Falco peregrinus,0.14927141660916884,9.702642079595975
2026-09-02 23:15:00,Falco peregrinus,0.2676059999533024,17.39438999696466
2026-09-02 23:20:00,Falco peregrinus,0.18075267365937303,11.748923787859248
2026-09-02 23:25:00,Falco peregrinus,0.1802830338850836,11.718397202530435
2026-09-02 23:30:00,Falco peregrinus,0.20575781310681993,13.374257851943295
2026-09-02 23:35:00,Falco peregrinus,0.2078230457864994,13.508497976122461
2026-09-02 23:40:00,Falco peregrinus,0.18106193205233187,11.769025583401572
2026-09-02 23:45:00,Falco peregrinus,0.18001637723172564,11.701064520062166
2026-09-02 23:50:00,Falco peregrinus,0.20467895303395742,13.304131947207232
2026-09-02 23:55:00,Falco peregrinus,0.2287439806172983,14.86835874012439
2026-09-03 00:00:00,Falco peregrinus,0.1499769072720374,9.748498972682432
2026-09-03 00:05:00,Falco peregrinus,0.15202868478136145,9.881864510788494
2026-09-03 00:10:00,Falco peregrinus,0.8988968743837129,58.42829683494134
2026-09-03 00:15:00,Falco peregrinus,0.2193344730320101,14.256740747080656
2026-09-03 00:20:00,Falco peregrinus,0.25642468836787913,16.667604743912143
2026-09-03 00:25:00,Falco peregrinus,0.2249957967281962,14.624726787332753
2026-09-03 00:30:00,Falco peregrinus,0.23657452875666718,15.377344369183367
2026-09-03 00:35:00,Falco peregrinus,0.228233294963556,14.835164172631139
2026-09-03 00:40:00,Falco peregrinus,0.22639891142958515,14.715929242923036
2026-09-03 00:45:00,Falco peregrinus,0.24975458741281936,16.23404818183326
2026-09-03 00:50:00,Falco peregrinus,0.273405470885073,17.771355607529745
2026-09-03 00:55:00,Falco peregrinus,0.9981987760073727,64.88292044047923
2026-09-03 01:00:00,Falco peregrinus,0.2097016404758153,13.630606630927995
2026-09-03 01:05:00,Falco peregrinus,0.23545943715489287,15.304863415068036
2026-09-03 01:10:00,Falco peregrinus,0.15390485425210515,10.003815526386834
2026-09-03 01:15:00,Falco peregrinus,0.2533994218095974,16.47096241762383
2026-09-03 01:20:00,Falco peregrinus,0.26138117186216026,16.98977617104042
2026-09-03 01:25:00,Falco peregrinus,0.23913701239801854,15.543905805871205
2026-09-03 01:30:00,Falco peregrinus,0.2512412011090497,16.33067807208823
2026-09-03 01:35:00,Falco peregrinus,0.21548061180932995,14.006239767606447
2026-09-03 01:40:00,Falco peregrinus,0.23586304594247928,15.331097986261152
2026-09-03 01:45:00,Falco peregrinus,0.2776574950387987,18.047737177521917
2026-09-03 01:50:00,Falco peregrinus,0.24478137791222393,15.910789564294555
2026-09-03 01:55:00,Falco peregrinus,0.22953018450249724,14.91946199266232
2026-09-03 02:00:00,Falco peregrinus,0.24730861216527247,16.07505979074271
2026-09-03 02:05:00,Falco peregrinus,0.25945652666992647,16.86467423354522
2026-09-03 02:10:00,Falco peregrinus,0.2491644106103508,16.1956866896728
2026-09-03 02:15:00,Falco peregrinus,0.2486272550956017,16.16077158121411
2026-09-03 02:20:00,Falco peregrinus,0.26037177521788335,16.924165389162418
2026-09-03 02:25:00,Falco peregrinus,0.865209043991089,56.23858785942078
2026-09-03 02:30:00,Falco peregrinus,0.8984294997786978,58.39791748561536
2026-09-03 02:35:00,Falco peregrinus,0.22773845476241628,14.802999559557058
2026-09-03 02:40:00,Falco peregrinus,0.23850373271333525,15.502742626366791
2026-09-03 02:45:00,Falco peregrinus,0.25982747989475385,16.888786193159
2026-09-03 02:50:00,Falco peregrinus,0.26796720656920353,17.41786842699823
2026-09-03 02:55:00,Falco peregrinus,0.2577352254130418,16.752789651847717
2026-09-03 03:00:00,Falco peregrinus,0.2410678274395743,15.66940878357233
2026-09-03 03:05:00,Falco peregrinus,0.23692062422279908,15.39984057448194
2026-09-03 03:10:00,Falco peregrinus,0.30633445853218993,19.911739804592347
2026-09-03 03:15:00,Falco peregrinus,0.28747342236963896,18.685772454026534
2026-09-03 03:20:00,Falco peregrinus,0.3065085851162143,19.923058032553932
2026-09-03 03:25:00,Falco peregrinus,0.2611469348342312,16.974550764225025
2026-09-03 03:30:00,Falco peregrinus,0.26457217817166306,17.197191581158098
2026-09-03 03:35:00,Falco peregrinus,0.28815755427404655,18.730241027813026
2026-09-03 03:40:00,Falco peregrinus,0.28949523555921175,18.817190311348764
2026-09-03 03:45:00,Falco peregrinus,0.26663195358176006,17.331076982814405
2026-09-03 03:50:00,Falco peregrinus,0.2745682201237898,17.846934308046336
2026-09-03 03:55:00,Falco peregrinus,0.17545882400907442,11.404823560589838
2026-09-03 04:00:00,Falco peregrinus,0.9170493367374091,59.60820688793159
2026-09-03 04:05:00,Falco peregrinus,0.279637352510051,18.176427913153315
2026-09-03 04:10:00,Falco peregrinus,0.2851759175839898,18.536434642959335
2026-09-03 04:15:00,Falco peregrinus,0.33734183157451003,21.92721905234315
2026-09-03 04:20:00,Falco peregrinus,0.31500134096509463,20.47508716273115
2026-09-03 04:25:00,Falco peregrinus,0.21027123544572757,13.667630303972292
2026-09-03 04:30:00,Falco peregrinus,0.3070216417117889,19.95640671126628
2026-09-03 04:35:00,Falco peregrinus,0.2694421629951714,17.51374059468614
2026-09-03 04:40:00,Falco peregrinus,0.28442488583173603,18.487617579062842
2026-09-03 04:45:00,Falco peregrinus,0.3119736227513559,20.278285478838132
2026-09-03 04:50:00,Falco peregrinus,0.26226892594252055,17.047480186263837
2026-09-03 04:55:00,Falco peregrinus,0.3236276522671203,21.03579739736282
2026-09-03 05:00:00,Falco peregrinus,0.28665980620295595,18.632887403192136
2026-09-03 05:05:00,Falco peregrinus,0.2734098096637385,17.771637628143004
2026-09-03 05:10:00,Falco peregrinus,0.28870959437331667,18.766123634265583
2026-09-03 05:15:00,Falco peregrinus,0.26713897956871097,17.36403367196621
2026-09-03 05:20:00,Falco peregrinus,0.2199009359651775,14.293560837736539
2026-09-03 05:25:00,Falco peregrinus,0.2337434551370317,15.193324583907062
2026-09-03 05:30:00,Falco peregrinus,0.2630835974409759,17.100433833663434
2026-09-03 05:35:00,Falco peregrinus,0.2680829998050913,17.425394987330936
2026-09-03 05:40:00,Falco peregrinus,0.30006772622164507,19.50440220440693
2026-09-03 05:45:00,Falco peregrinus,0.28452055919660757,18.493836347779492
2026-09-03 05:50:00,Falco peregrinus,0.2216629290657157,14.40809038927152
2026-09-03 05:55:00,Falco peregrinus,0.30758306218895054,19.992899042281785
2026-09-03 06:00:00,Falco peregrinus,0.28988670368368363,18.842635739439437
2026-09-03 06:05:00,Falco peregrinus,0.31795065419929786,20.66679252295436
2026-09-03 06:10:00,Falco peregrinus,0.2855108449589315,18.558204922330546
2026-09-03 06:15:00,Falco peregrinus,0.3516630037079053,22.858095241013846
2026-09-03 06:20:00,Falco peregrinus,0.3241760704954787,21.071444582206116
2026-09-03 06:25:00,Falco peregrinus,0.2623084851445471,17.05005153439556
2026-09-03 06:30:00,Falco peregrinus,0.2627501939164864,17.078762604571615
2026-09-03 06:35:00,Falco peregrinus,0.2794314693714458,18.163045509143977
2026-09-03 06:40:00,Falco peregrinus,0.25366725462718104,16.488371550766768
2026-09-03 06:45:00,Falco peregrinus,0.3085603295493319,20.056421420706574
2026-09-03 06:50:00,Falco peregrinus,0.2295669647182509,14.921852706686307
2026-09-03 06:55:00,Falco peregrinus,0.29373651341985074,19.0928733722903
2026-09-03 07:00:00,Falco peregrinus,0.2972555367768312,19.321609890494027
2026-09-03 07:05:00,Falco peregrinus,0.38002694293983597,24.701751291089337
2026-09-03 07:10:00,Falco peregrinus,0.28548518518021837,18.556537036714193
2026-09-03 07:15:00,Falco peregrinus,0.3041912039246304,19.772428255100976
2026-09-03 07:20:00,Falco peregrinus,0.9778698845660223,63.561542496791446
2026-09-03 07:25:00,Falco peregrinus,0.21819100279314985,14.18241518155474
2026-09-03 07:30:00,Falco peregrinus,0.27859280974889505,18.108532633678177
2026-09-03 07:35:00,Falco peregrinus,0.26834664577451545,17.442531975343503
2026-09-03 07:40:00,Falco peregrinus,0.2912889827266183,18.93378387723019
2026-09-03 07:45:00,Falco peregrinus,0.3148904466521726,20.467879032391217
2026-09-03 07:50:00,Falco peregrinus,0.26112851696582995,16.973353602778946
2026-09-03 07:55:00,Falco peregrinus,0.30580866787380845,19.87756341179755
2026-09-03 08:00:00,Falco peregrinus,0.3377912536666026,21.95643148832917
2026-09-03 08:05:00,Falco peregrinus,0.2867926172685494,18.64152012245571
2026-09-03 08:10:00,Falco peregrinus,0.30475669087734364,19.809184907027337
2026-09-03 08:15:00,Falco peregrinus,0.282717424716729,18.376632606587386
2026-09-03 08:20:00,Falco peregrinus,0.3122773819473532,20.29802982657796
2026-09-03 08:25:00,Falco peregrinus,0.316731339031188,20.58753703702722
2026-09-03 08:30:00,Falco peregrinus,0.27214284867211586,17.68928516368753
2026-09-03 08:35:00,Falco peregrinus,0.2833724834207632,18.41921142234961
2026-09-03 08:40:00,Falco peregrinus,0.27433250587027647,17.83161288156797
2026-09-03 08:45:00,Falco peregrinus,0.23581724463283224,15.328120901134096
2026-09-03 08:50:00,Falco peregrinus,0.2754859616921291,17.90658750998839
2026-09-03 08:55:00,Falco peregrinus,0.2728977029380046,17.738350690970297
2026-09-03 09:00:00,Falco peregrinus,0.3080769474169685,20.025001582102952
2026-09-03 09:05:00,Falco peregrinus,0.31291387421537614,20.33940182399945
2026-09-03 09:10:00,Falco peregrinus,0.2742322390369442,17.825095537401374
2026-09-03 09:15:00,Falco peregrinus,0.24351598021036308,15.8285387136736
2026-09-03 09:20:00,Falco peregrinus,0.309153753483216,20.09499397640904
2026-09-03 09:25:00,Falco peregrinus,1.0,65.0
2026-09-03 09:30:00,Falco peregrinus,0.24148672623160472,15.696637205054307
2026-09-03 09:35:00,Falco peregrinus,0.16402451481373936,10.661593462893059
2026-09-03 09:40:00,Falco peregrinus,0.2730466503400384,17.748032272102495
2026-09-03 09:45:00,Falco peregrinus,0.23148067170335127,15.046243660717833
2026-09-03 09:50:00,Falco peregrinus,0.27015329610899436,17.559964247084633
2026-09-03 09:55:00,Falco peregrinus,0.3152829566760369,20.493392183942397
2026-09-03 10:00:00,Falco peregrinus,0.23998160715558287,15.598804465112886
2026-09-03 10:05:00,Falco peregrinus,0.22520338516679997,14.638220035841998
2026-09-03 10:10:00,Falco peregrinus,0.23904576027670132,15.537974417985586
2026-09-03 10:15:00,Falco peregrinus,0.299978582711203,19.498607876228192
2026-09-03 10:20:00,Falco peregrinus,0.2700158680969118,17.551031426299268
2026-09-03 10:25:00,Falco peregrinus,0.23437244624127987,15.23420900568319
2026-09-03 10:30:00,Falco peregrinus,0.20414480251394237,13.269412163406255
2026-09-03 10:35:00,Falco peregrinus,0.2833829617680723,18.4198925149247
2026-09-03 10:40:00,Falco peregrinus,0.24535990378511524,15.94839374603249
2026-09-03 10:45:00,Falco peregrinus,0.22299869077295598,14.494914900242138
2026-09-03 10:50:00,Falco peregrinus,0.9060072961057029,58.89047424687069
2026-09-03 10:55:00,Falco peregrinus,1.0,65.0
2026-09-03 11:00:00,Falco peregrinus,0.1779652049962309,11.567738324755007
2026-09-03 11:05:00,Falco peregrinus,0.24472965061438828,15.907427289935239
2026-09-03 11:10:00,Falco peregrinus,0.2544566364125517,16.53968136681586
2026-09-03 11:15:00,Falco peregrinus,0.21340251098217766,13.871163213841548
2026-09-03 11:20:00,Falco peregrinus,0.20793880193404507,13.51602212571293
2026-09-03 11:25:00,Falco peregrinus,0.25031948907336216,16.27076678976854
2026-09-03 11:30:00,Falco peregrinus,0.2061748519092339,13.401365374100203
2026-09-03 11:35:00,Falco peregrinus,0.21316793778716517,13.855915956165736
2026-09-03 11:40:00,Falco peregrinus,0.16437881620431716,10.684623053280616
2026-09-03 11:45:00,Falco peregrinus,0.1983749016370153,12.894368606405994
2026-09-03 11:50:00,Falco peregrinus,0.2524814652603234,16.41129524192102
2026-09-03 11:55:00,Falco peregrinus,0.21098807584407467,13.714224929864853
2026-09-03 12:00:00,Falco peregrinus,0.21545121103682505,14.004328717393628
2026-09-03 12:05:00,Falco peregrinus,0.21728034048353678,14.123222131429891
2026-09-03 12:10:00,Falco peregrinus,0.18147807580935962,11.796074927608375
2026-09-03 12:15:00,Falco peregrinus,0.17724371157248298,11.520841252211394
2026-09-03 12:20:00,Falco peregrinus,0.17722900731119598,11.519885475227738
2026-09-03 12:25:00,Falco peregrinus,0.13285893358405884,8.635830682963825
2026-09-03 12:30:00,Falco peregrinus,0.2121157367070257,13.787522885956669
2026-09-03 12:35:00,Falco peregrinus,0.132538601645571,8.615009106962114
2026-09-03 12:40:00,Falco peregrinus,0.890829187092911,57.90389716103922
2026-09-03 12:45:00,Falco peregrinus,0.7688121862720141,49.97279210768092
2026-09-03 12:50:00,Falco peregrinus,0.2151547530689813,13.985058949483784
2026-09-03 12:55:00,Falco peregrinus,0.23147520070045258,15.045888045529418
2026-09-03 13:00:00,Falco peregrinus,0.10395450005480625,6.757042503562406
2026-09-03 13:05:00,Falco peregrinus,0.1843232627053035,11.981012075844728
2026-09-03 13:10:00,Falco peregrinus,0.22040615581150796,14.326400127748018
2026-09-03 13:15:00,Falco peregrinus,0.19193749883754127,12.475937424440183
2026-09-03 13:20:00,Falco peregrinus,0.1418266852027349,9.218734538177769
2026-09-03 13:25:00,Falco peregrinus,0.18575062331153255,12.073790515249616
2026-09-03 13:30:00,Falco peregrinus,0.16922795033540916,10.999816771801596
2026-09-03 13:35:00,Falco peregrinus,0.15019329258893452,9.762564018280743
2026-09-03 13:40:00,Falco peregrinus,0.1954349589568954,12.7032723321982
2026-09-03 13:45:00,Falco peregrinus,0.13543046571929498,8.802980271754175
2026-09-03 13:50:00,Falco peregrinus,0.16489433275050852,10.718131628783054
2026-09-03 13:55:00,Falco peregrinus,0.08548962011456906,5.5568253074469895
2026-09-03 14:00:00,Falco peregrinus,0.11805283214913019,7.673434089693463
2026-09-03 14:05:00,Falco peregrinus,0.14138653124731043,9.190124531075178
2026-09-03 14:10:00,Falco peregrinus,0.11305577154445531,7.348625150389595
2026-09-03 14:15:00,Falco peregrinus,0.10507331760022554,6.8297656440146595
2026-09-03 14:20:00,Falco peregrinus,0.05902403730013271,3.8365624245086263
2026-09-03 14:25:00,Falco peregrinus,0.14937664748198123,9.70948208632878
2026-09-03 14:30:00,Falco peregrinus,0.13535525122113817,8.798091329373982
2026-09-03 14:35:00,Falco peregrinus,0.8724001462868898,56.70600950864784
2026-09-03 14:40:00,Falco peregrinus,0.17943230403261867,11.663099762120213
2026-09-03 14:45:00,Falco peregrinus,0.15971038839866422,10.381175245913175
2026-09-03 14:50:00,Falco peregrinus,0.10798331969824945,7.018915780386214
2026-09-03 14:55:00,Falco peregrinus,0.18522617813400247,12.03970157871016
2026-09-03 15:00:00,Falco peregrinus,0.1220921937089746,7.935992591083349
2026-09-03 15:05:00,Falco peregrinus,0.15393418739447845,10.005722180641099
2026-09-03 15:10:00,Falco peregrinus,0.139789277157924,9.08630301526506
2026-09-03 15:15:00,Falco peregrinus,0.10256013039360577,6.666408475584375
2026-09-03 15:20:00,Falco peregrinus,0.1667962162650016,10.841754057225105
2026-09-03 15:25:00,Falco peregrinus,0.0951453924891713,6.184450511796134
2026-09-03 15:30:00,Falco peregrinus,0.07336556741764957,4.768761882147222
2026-09-03 15:35:00,Falco peregrinus,0.1386637195446193,9.013141770400255
2026-09-03 15:40:00,Falco peregrinus,0.12053026101469738,7.83446696595533
2026-09-03 15:45:00,Falco peregrinus,0.0934643888808119,6.075185277252774
2026-09-03 15:50:00,Falco peregrinus,0.10556497298884629,6.861723244275009
2026-09-03 15:55:00,Falco peregrinus,0.07400813719577026,4.810528917725067
2026-09-03 16:00:00,Falco peregrinus,0.06645869134190241,4.319814937223657
2026-09-03 16:05:00,Falco peregrinus,0.13393926211094478,8.70605203721141
2026-09-03 16:10:00,Falco peregrinus,0.12000503870403494,7.8003275157622705
2026-09-03 16:15:00,Falco peregrinus,0.17427449875041495,11.327842418776973
2026-09-03 16:20:00,Falco peregrinus,0.08902074437780727,5.786348384557472
2026-09-03 16:25:00,Falco peregrinus,0.08011477438425965,5.2074603349768775
2026-09-03 16:30:00,Falco peregrinus,0.09793372149625681,6.365691897256693
2026-09-03 16:35:00,Falco peregrinus,0.075392397325356,4.90050582614814
2026-09-03 16:40:00,Falco peregrinus,0.10000093124856187,6.500060531156521
2026-09-03 16:45:00,Falco peregrinus,0.10560369104772026,6.864239918101816
2026-09-03 16:50:00,Falco peregrinus,0.09705295243118396,6.308441908026958
2026-09-03 16:55:00,Falco peregrinus,0.0927795752475697,6.030672391092031
2026-09-03 17:00:00,Falco peregrinus,0.08175811701119533,5.314277605727696
2026-09-03 17:05:00,Falco peregrinus,0.09745479372922225,6.334561592399446
2026-09-03 17:10:00,Falco peregrinus,0.08818936570583058,5.732308770878988
2026-09-03 17:15:00,Falco peregrinus,0.0855232761754757,5.55901295140592
2026-09-03 17:20:00,Falco peregrinus,0.15428237505947023,10.028354378865565
2026-09-03 17:25:00,Falco peregrinus,0.12184973382631109,7.920232698710221
2026-09-03 17:30:00,Falco peregrinus,0.10169919459962598,6.610447648975689
2026-09-03 17:35:00,Falco peregrinus,0.0789608070280276,5.132452456821794
2026-09-03 17:40:00,Falco peregrinus,0.08365240176075317,5.437406114448956
2026-09-03 17:45:00,Falco peregrinus,0.1303594045682709,8.473361296937608
2026-09-03 17:50:00,Falco peregrinus,0.09824240334423628,6.385756217375358
2026-09-03 17:55:00,Falco peregrinus,0.08096160899253382,5.262504584514699
2026-09-03 18:00:00,Falco peregrinus,0.0886022793539755,5.759148158008407
2026-09-03 18:05:00,Falco peregrinus,0.10274374245681042,6.678343259692677
2026-09-03 18:10:00,Falco peregrinus,0.09539343150994972,6.200573048146732
2026-09-03 18:15:00,Falco peregrinus,0.09851033963579882,6.403172076326923
2026-09-03 18:20:00,Falco peregrinus,0.07426964759749201,4.827527093836981
2026-09-03 18:25:00,Falco peregrinus,0.07780885373131383,5.057575492535399
2026-09-03 18:30:00,Falco peregrinus,0.12885073715930065,8.375297915354542
2026-09-03 18:35:00,Falco peregrinus,0.09141352061869353,5.941878840215079
2026-09-03 18:40:00,Falco peregrinus,0.09256292504284065,6.016590127784642
2026-09-03 18:45:00,Falco peregrinus,0.09834143367844188,6.392193189098722
2026-09-03 18:50:00,Falco peregrinus,0.09610950720247502,6.247117968160876
2026-09-03 18:55:00,Falco peregrinus,0.12934022399411604,8.407114559617543
2026-09-03 19:00:00,Falco peregrinus,0.06789887998500645,4.413427199025419
2026-09-03 19:05:00,Falco peregrinus,0.16665327041352498,10.832462576879124
2026-09-03 19:10:00,Falco peregrinus,0.05484893902779044,3.5651810368063788
2026-09-03 19:15:00,Falco peregrinus,0.1324593668180836,8.609858843175434
2026-09-03 19:20:00,Falco peregrinus,0.09008408996023651,5.855465847415373
2026-09-03 19:25:00,Falco peregrinus,0.07615882661576173,4.950323730024513
2026-09-03 19:30:00,Falco peregrinus,0.05894627828146593,3.8315080882952857
2026-09-03 19:35:00,Falco peregrinus,0.10099631436322126,6.564760433609382
2026-09-03 19:40:00,Falco peregrinus,0.0924356900514565,6.008319853344673
2026-09-03 19:45:00,Falco peregrinus,0.07351505979613279,4.778478886748632
2026-09-03 19:50:00,Falco peregrinus,0.09638144309342557,6.2647938010726625
2026-09-03 19:55:00,Falco peregrinus,0.13246599753647903,8.610289839871136
2026-09-03 20:00:00,Falco peregrinus,0.19075991382948299,12.399394398916394
2026-09-03 20:05:00,Falco peregrinus,0.09593232729790253,6.235601274363665
2026-09-03 20:10:00,Falco peregrinus,0.10285312803308425,6.685453322150476
2026-09-03 20:15:00,Falco peregrinus,0.09751158240977997,6.338252856635698
2026-09-03 20:20:00,Falco peregrinus,0.1343166308499366,8.73058100524588
2026-09-03 20:25:00,Falco peregrinus,0.08663372627710472,5.631192208011807
2026-09-03 20:30:00,Falco peregrinus,0.09989559497241865,6.4932136732072125
2026-09-03 20:35:00,Falco peregrinus,0.17753315494533525,11.539655071446791
2026-09-03 20:40:00,Falco peregrinus,0.0779954014837366,5.069701096442879
2026-09-03 20:45:00,Falco peregrinus,0.14733579923453452,9.576826950244744
2026-09-03 20:50:00,Falco peregrinus,0.07310577199948493,4.75187517996652
2026-09-03 20:55:00,Falco peregrinus,0.10153176187750586,6.5995645220378805
2026-09-03 21:00:00,Falco peregrinus,0.1460173343145059,9.491126730442883
2026-09-03 21:05:00,Falco peregrinus,0.09525238839595683,6.191405245737194
2026-09-03 21:10:00,Falco peregrinus,0.08670442279788004,5.635787481862203
2026-09-03 21:15:00,Falco peregrinus,0.1253699872024645,8.149049168160193
2026-09-03 21:20:00,Falco peregrinus,0.1554193800369184,10.102259702399696
2026-09-03 21:25:00,Falco peregrinus,0.13913409271565969,9.04371602651788
2026-09-03 21:30:00,Falco peregrinus,0.16031252776043972,10.420314304428581
2026-09-03 21:35:00,Falco peregrinus,0.12215296612428427,7.939942798078477
2026-09-03 21:40:00,Falco peregrinus,0.16542497837622486,10.752623594454615
2026-09-03 21:45:00,Falco peregrinus,0.15113958236798367,9.824072853918938
2026-09-03 21:50:00,Falco peregrinus,0.811212905161797,52.728838835516804
2026-09-03 21:55:00,Falco peregrinus,0.09786515508475564,6.3612350805091165
2026-09-03 22:00:00,Falco peregrinus,0.13848347580684225,9.001425927444746
2026-09-03 22:05:00,Falco peregrinus,0.11164811294313638,7.257127341303865
2026-09-03 22:10:00,Falco peregrinus,0.18149959008913683,11.797473355793894
2026-09-03 22:15:00,Falco peregrinus,0.1291939866606441,8.397609132941867
2026-09-03 22:20:00,Falco peregrinus,0.10810664460840824,7.026931899546536
2026-09-03 22:25:00,Falco peregrinus,0.16136155349762882,10.488500977345874
2026-09-03 22:30:00,Falco peregrinus,0.20115312082299688,13.074952853494798
2026-09-03 22:35:00,Falco peregrinus,0.22094222224917298,14.361244446196244
2026-09-03 22:40:00,Falco peregrinus,0.11687729305784669,7.597024048760035
2026-09-03 22:45:00,Falco peregrinus,0.14486219980393486,9.416042987255766
2026-09-03 22:50:00,Falco peregrinus,0.1366232121418491,8.880508789220192
2026-09-03 22:55:00,Falco peregrinus,0.16181040474436842,10.517676308383948
2026-09-03 23:00:00,Falco peregrinus,0.1616392099292475,10.506548645401088
2026-09-03 23:05:00,Falco peregrinus,0.23274600491300482,15.128490319345314
2026-09-03 23:10:00,Falco peregrinus,0.18191038819612879,11.82417523274837
2026-09-03 23:15:00,Falco peregrinus,0.19694345368878968,12.801324489771329
2026-09-03 23:20:00,Falco peregrinus,0.1786530621489938,11.612449039684597
2026-09-03 23:25:00,Falco peregrinus,0.2156598016592282,14.017887107849834
2026-09-03 23:30:00,Falco peregrinus,0.18400375636770577,11.960244163900875
2026-09-03 23:35:00,Falco peregrinus,0.16315936514962381,10.605358734725549
2026-09-03 23:40:00,Falco peregrinus,0.19009011832197606,12.355857690928444
2026-09-03 23:45:00,Falco peregrinus,0.1343873412455533,8.735177180960964
2026-09-03 23:50:00,Falco peregrinus,0.20617880745334125,13.40162248446718
2026-09-03 23:55:00,Falco peregrinus,0.21262190377280565,13.820423745232368
2026-09-04 00:00:00,Falco peregrinus,0.15149478919478981,9.847161297661337
2026-09-04 00:05:00,Falco peregrinus,0.226654137597551,14.732518943840814
2026-09-04 00:10:00,Falco peregrinus,0.18985393586927377,12.340505831502794
2026-09-04 00:15:00,Falco peregrinus,0.24440077711008834,15.886050512155743
2026-09-04 00:20:00,Falco peregrinus,0.29277447619609664,19.030340952746283
2026-09-04 00:25:00,Falco peregrinus,0.24369902004685384,15.8404363030455
2026-09-04 00:30:00,Falco peregrinus,0.16143537916906098,10.493299645988964
2026-09-04 00:35:00,Falco peregrinus,0.20480129263379376,13.312084021196595
2026-09-04 00:40:00,Falco peregrinus,0.256981275262749,16.703782892078685
2026-09-04 00:45:00,Falco peregrinus,0.24494445776145232,15.9213897544944
2026-09-04 00:50:00,Falco peregrinus,0.2021542008006489,13.140023052042178
2026-09-04 00:55:00,Falco peregrinus,0.2129543584164942,13.842033297072124
2026-09-04 01:00:00,Falco peregrinus,0.2241742568305004,14.571326693982526
2026-09-04 01:05:00,Falco peregrinus,0.26691196239805454,17.349277555873545
2026-09-04 01:10:00,Falco peregrinus,0.21534090046331977,13.997158530115785
2026-09-04 01:15:00,Falco peregrinus,0.19928958147967077,12.9538227961786
2026-09-04 01:20:00,Falco peregrinus,0.2515948214805215,16.353663396233895
2026-09-04 01:25:00,Falco peregrinus,0.2159004552813501,14.033529593287756
2026-09-04 01:30:00,Falco peregrinus,0.24578150634086482,15.975797912156214
2026-09-04 01:35:00,Falco peregrinus,0.23431980893954749,15.230787581070587
2026-09-04 01:40:00,Falco peregrinus,0.26175632036121266,17.01416082347882
2026-09-04 01:45:00,Falco peregrinus,0.2298101063305287,14.937656911484366
2026-09-04 01:50:00,Falco peregrinus,0.28211222691783533,18.337294749659296
2026-09-04 01:55:00,Falco peregrinus,0.2592812179688552,16.85327916797559
2026-09-04 02:00:00,Falco peregrinus,0.2336232893107407,15.185513805198145
2026-09-04 02:05:00,Falco peregrinus,0.23962033376065375,15.575321694442493
2026-09-04 02:10:00,Falco peregrinus,0.18079724514970658,11.751820934730928
2026-09-04 02:15:00,Falco peregrinus,0.24889058612879195,16.177888098371476
2026-09-04 02:20:00,Falco peregrinus,0.3178312074885639,20.659028486756654
2026-09-04 02:25:00,Falco peregrinus,0.2585204497060236,16.803829230891534
2026-09-04 02:30:00,Falco peregrinus,0.2143747300397248,13.93435745258211
2026-09-04 02:35:00,Falco peregrinus,0.3080765031983578,20.024972707893255
2026-09-04 02:40:00,Falco peregrinus,0.3182508152277024,20.686302989800655
2026-09-04 02:45:00,Falco peregrinus,0.2919235210663969,18.9750288693158
2026-09-04 02:50:00,Falco peregrinus,0.25557865156678966,16.612612351841328
2026-09-04 02:55:00,Falco peregrinus,0.30001619135225077,19.5010524378963
2026-09-04 03:00:00,Falco peregrinus,0.25506033223553065,16.57892159530949
2026-09-04 03:05:00,Falco peregrinus,0.24130780460609158,15.685007299395952
2026-09-04 03:10:00,Falco peregrinus,0.289937918344628,18.84596469240082
2026-09-04 03:15:00,Falco peregrinus,0.30178497821785605,19.616023584160644
2026-09-04 03:20:00,Falco peregrinus,0.3109767924756504,20.213491510917276
2026-09-04 03:25:00,Falco peregrinus,0.26559074631617446,17.26339851055134
2026-09-04 03:30:00,Falco peregrinus,0.2668834332962699,17.347423164257542
2026-09-04 03:35:00,Falco peregrinus,0.2887353732080497,18.76779925852323
2026-09-04 03:40:00,Falco peregrinus,0.29423356864286077,19.125181961785948
2026-09-04 03:45:00,Falco peregrinus,0.279136737725142,18.143887952134232
2026-09-04 03:50:00,Falco peregrinus,0.9808647999082197,63.75621199403428
2026-09-04 03:55:00,Falco peregrinus,0.3187389634379769,20.7180326234685
2026-09-04 04:00:00,Falco peregrinus,0.2751666162888087,17.885830058772562
2026-09-04 04:05:00,Falco peregrinus,0.33371501601215664,21.69147604079018
2026-09-04 04:10:00,Falco peregrinus,0.2949220535986348,19.169933483911265
2026-09-04 04:15:00,Falco peregrinus,0.31232347852333653,20.301026104016874
2026-09-04 04:20:00,Falco peregrinus,0.2920011773322194,18.980076526594264
2026-09-04 04:25:00,Falco peregrinus,0.30140399539560186,19.591259700714122
2026-09-04 04:30:00,Falco peregrinus,0.3152586043169661,20.491809280602798
2026-09-04 04:35:00,Falco peregrinus,0.2978393998109158,19.359560987709525
2026-09-04 04:40:00,Falco peregrinus,0.25416441225977365,16.520686796885286
2026-09-04 04:45:00,Falco peregrinus,0.346896719903207,22.548286793708453
2026-09-04 04:50:00,Falco peregrinus,0.33777713321677727,21.955513659090524
2026-09-04 04:55:00,Falco peregrinus,0.28749455114009925,18.68714582410645
2026-09-04 05:00:00,Falco peregrinus,0.31184961184662524,20.27022477003064
2026-09-04 05:05:00,Falco peregrinus,0.3137802875485776,20.395718690657546
2026-09-04 05:10:00,Falco peregrinus,0.3055362107449659,19.859853698422782
2026-09-04 05:15:00,Falco peregrinus,0.3015100420805105,19.598152735233185
2026-09-04 05:20:00,Falco peregrinus,0.31593610868934874,20.53584706480767
2026-09-04 05:25:00,Falco peregrinus,0.2823068337855078,18.349944196058008
2026-09-04 05:30:00,Falco peregrinus,0.3278391640280608,21.30954566182395
2026-09-04 05:35:00,Falco peregrinus,0.23686945988537084,15.396514892549105
2026-09-04 05:40:00,Falco peregrinus,0.24617450803605534,16.001343022343598
2026-09-04 05:45:00,Falco peregrinus,0.3326649019208551,21.623218624855582
2026-09-04 05:50:00,Falco peregrinus,0.2921416191965719,18.98920524777717
2026-09-04 05:55:00,Falco peregrinus,0.2945823571879258,19.14785321721518
2026-09-04 06:00:00,Falco peregrinus,0.23996037491638414,15.597424369564969
2026-09-04 06:05:00,Falco peregrinus,0.3278257451372331,21.308673433920152
2026-09-04 06:10:00,Falco peregrinus,0.28594091050324666,18.586159182711032
2026-09-04 06:15:00,Falco peregrinus,0.30832837453756634,20.041344344941812
2026-09-04 06:20:00,Falco peregrinus,0.9716870731213304,63.159659752886476
2026-09-04 06:25:00,Falco peregrinus,0.2997278409391931,19.48230966104755
2026-09-04 06:30:00,Falco peregrinus,0.31516136991609095,20.48548904454591
2026-09-04 06:35:00,Falco peregrinus,0.2992561661788063,19.45165080162241
2026-09-04 06:40:00,Falco peregrinus,0.31636939808888753,20.56401087577769
2026-09-04 06:45:00,Falco peregrinus,0.2486208115134183,16.16035274837219
2026-09-04 06:50:00,Falco peregrinus,0.32057274120582,20.8372281783783
2026-09-04 06:55:00,Falco peregrinus,0.26159567608410544,17.003718945466854
2026-09-04 07:00:00,Falco peregrinus,0.264376194114098,17.184452617416373
2026-09-04 07:05:00,Falco peregrinus,0.31927504596304856,20.752877987598158
2026-09-04 07:10:00,Falco peregrinus,0.259632960672761,16.876142443729464
2026-09-04 07:15:00,Falco peregrinus,0.261571112806738,17.00212233243797
2026-09-04 07:20:00,Falco peregrinus,0.2949693440911022,19.17300736592164
2026-09-04 07:25:00,Falco peregrinus,0.29746499209059984,19.33522448588899
2026-09-04 07:30:00,Falco peregrinus,0.22306601596686887,14.499291037846476
2026-09-04 07:35:00,Falco peregrinus,0.3306219149452068,21.490424471438445
2026-09-04 07:40:00,Falco peregrinus,0.27177638986191266,17.665465341024323
2026-09-04 07:45:00,Falco peregrinus,0.35475075728514105,23.05879922353417
2026-09-04 07:50:00,Falco peregrinus,0.3050257451185668,19.82667343270684
2026-09-04 07:55:00,Falco peregrinus,0.28081645532916705,18.253069596395857
2026-09-04 08:00:00,Falco peregrinus,0.2602307833171696,16.915000915616023
2026-09-04 08:05:00,Falco peregrinus,0.29578715826898955,19.22616528748432
2026-09-04 08:10:00,Falco peregrinus,0.34773390110034064,22.60270357152214
2026-09-04 08:15:00,Falco peregrinus,0.9724922825714225,63.21199836714246
2026-09-04 08:20:00,Falco peregrinus,0.3396106193474858,22.074690257586578
2026-09-04 08:25:00,Falco peregrinus,0.26201050839714457,17.030683045814396
2026-09-04 08:30:00,Falco peregrinus,0.263645216678698,17.13693908411537
2026-09-04 08:35:00,Falco peregrinus,0.2843469196526669,18.482549777423348
2026-09-04 08:40:00,Falco peregrinus,0.24340638080608323,15.82141475239541
2026-09-04 08:45:00,Falco peregrinus,0.28285612432806456,18.385648081324195
2026-09-04 08:50:00,Falco peregrinus,0.27791704285335816,18.06460778546828
2026-09-04 08:55:00,Falco peregrinus,0.3151576059243233,20.485244385081014
2026-09-04 09:00:00,Falco peregrinus,0.26384804361574016,17.15012283502311
2026-09-04 09:05:00,Falco peregrinus,0.2971975985266325,19.317843904231115
2026-09-04 09:10:00,Falco peregrinus,0.2887390859977554,18.7680405898541
2026-09-04 09:15:00,Falco peregrinus,0.2945189514198382,19.143731842289483
2026-09-04 09:20:00,Falco peregrinus,0.29875485309651983,19.419065451273788
2026-09-04 09:25:00,Falco peregrinus,0.2748280070881052,17.863820460726835
2026-09-04 09:30:00,Falco peregrinus,0.27369798904935183,17.79036928820787
2026-09-04 09:35:00,Falco peregrinus,0.21556596316946505,14.011787606015229
2026-09-04 09:40:00,Falco peregrinus,0.21885348969951976,14.225476830468784
2026-09-04 09:45:00,Falco peregrinus,0.29037795606866623,18.874567144463306
2026-09-04 09:50:00,Falco peregrinus,0.2788604938488097,18.12593210017263
2026-09-04 09:55:00,Falco peregrinus,0.23116858109076618,15.025957770899803
2026-09-04 10:00:00,Falco peregrinus,0.2310163316039726,15.01606155425822
2026-09-04 10:05:00,Falco peregrinus,0.21964500725319838,14.276925471457895
2026-09-04 10:10:00,Falco peregrinus,0.2664809349502101,17.321260771763654
2026-09-04 10:15:00,Falco peregrinus,0.2294249003341994,14.912618521722962
2026-09-04 10:20:00,Falco peregrinus,0.22081614499268015,14.35304942452421
2026-09-04 10:25:00,Falco peregrinus,0.2419939820937789,15.729608836095629
2026-09-04 10:30:00,Falco peregrinus,0.26515183994146835,17.23486959619544
2026-09-04 10:35:00,Falco peregrinus,0.22622237672198897,14.704454486929283
2026-09-04 10:40:00,Falco peregrinus,0.23568609389502349,15.319596103176526
2026-09-04 10:45:00,Falco peregrinus,0.22263838816308046,14.47149523060023
2026-09-04 10:50:00,Falco peregrinus,0.25002719514481386,16.2517676844129
2026-09-04 10:55:00,Falco peregrinus,0.22229631914108722,14.449260744170669
2026-09-04 11:00:00,Falco peregrinus,0.19075222980630419,12.398894937409771
2026-09-04 11:05:00,Falco peregrinus,0.26884539911784516,17.474950942659934
2026-09-04 11:10:00,Falco peregrinus,0.19401635741813839,12.611063232178996
2026-09-04 11:15:00,Falco peregrinus,0.2257103115072009,14.671170247968059
2026-09-04 11:20:00,Falco peregrinus,0.21043787381833018,13.678461798191462
2026-09-04 11:25:00,Falco peregrinus,0.22336560995892502,14.518764647330126
2026-09-04 11:30:00,Falco peregrinus,0.19185505995402977,12.470578897011935
2026-09-04 11:35:00,Falco peregrinus,0.2153510078638493,13.997815511150206
2026-09-04 11:40:00,Falco peregrinus,0.21507220071670613,13.979693046585899
2026-09-04 11:45:00,Falco peregrinus,0.19561370474896844,12.714890808682949
2026-09-04 11:50:00,Falco peregrinus,0.20849077586928222,13.551900431503345
2026-09-04 11:55:00,Falco peregrinus,0.2123313430696518,13.801537299527366
2026-09-04 12:00:00,Falco peregrinus,0.1710667772631861,11.119340522107096
2026-09-04 12:05:00,Falco peregrinus,0.1692081515184381,10.998529848698476
2026-09-04 12:10:00,Falco peregrinus,0.23968700727895953,15.57965547313237
2026-09-04 12:15:00,Falco peregrinus,0.22954083916286908,14.92015454558649
2026-09-04 12:20:00,Falco peregrinus,0.23784389277289653,15.459853030238275
2026-09-04 12:25:00,Falco peregrinus,0.20697735773131937,13.453528252535758
2026-09-04 12:30:00,Falco peregrinus,0.25687432318900266,16.696831007285173
2026-09-04 12:35:00,Falco peregrinus,0.20425707164746884,13.276709657085474
2026-09-04 12:40:00,Falco peregrinus,0.2010033248687977,13.065216116471852
2026-09-04 12:45:00,Falco peregrinus,0.20954856168019212,13.620656509212488
2026-09-04 12:50:00,Falco peregrinus,0.16220542914879513,10.543352894671683
2026-09-04 12:55:00,Falco peregrinus,0.1458653655721201,9.481248762187807
2026-09-04 13:00:00,Falco peregrinus,0.2441804369073021,15.871728398974636
2026-09-04 13:05:00,Falco peregrinus,0.14216820707148078,9.240933459646252
2026-09-04 13:10:00,Falco peregrinus,0.15803778353843034,10.272455929997973
2026-09-04 13:15:00,Falco peregrinus,0.1803914063062397,11.725441409905581
2026-09-04 13:20:00,Falco peregrinus,0.17305387591229926,11.248501934299451
2026-09-04 13:25:00,Falco peregrinus,0.1314280115800451,8.542820752702932
2026-09-04 13:30:00,Falco peregrinus,0.19169884568410753,12.46042496946699
2026-09-04 13:35:00,Falco peregrinus,0.14038372360875256,9.124942034568917
2026-09-04 13:40:00,Falco peregrinus,0.19311658498884265,12.552578024274773
2026-09-04 13:45:00,Falco peregrinus,0.16386474856975355,10.651208657033981
2026-09-04 13:50:00,Falco peregrinus,0.17258032145331303,11.217720894465348
2026-09-04 13:55:00,Falco peregrinus,0.9161533771216559,59.54996951290763
2026-09-04 14:00:00,Falco peregrinus,0.1422915960700467,9.248953744553036
2026-09-04 14:05:00,Falco peregrinus,0.17366979729522852,11.288536824189855
2026-09-04 14:10:00,Falco peregrinus,0.170578340120029,11.087592107801886
2026-09-04 14:15:00,Falco peregrinus,0.1470706198162134,9.55959028805387
2026-09-04 14:20:00,Falco peregrinus,0.11509112534846888,7.480923147650477
2026-09-04 14:25:00,Falco peregrinus,0.13841287972962407,8.996837182425566
2026-09-04 14:30:00,Falco peregrinus,0.08505254544831309,5.528415454140351
2026-09-04 14:35:00,Falco peregrinus,0.1540576127454409,10.013744828453657
2026-09-04 14:40:00,Falco peregrinus,0.0895845772977753,5.822997524355395
2026-09-04 14:45:00,Falco peregrinus,0.1551224644227696,10.082960187480024
2026-09-04 14:50:00,Falco peregrinus,0.08167548914134085,5.308906794187155
2026-09-04 14:55:00,Falco peregrinus,0.13989375004989618,9.093093753243252
2026-09-04 15:00:00,Falco peregrinus,0.14873090282450352,9.667508683592729
2026-09-04 15:05:00,Falco peregrinus,0.863200546021878,56.10803549142207
2026-09-04 15:10:00,Falco peregrinus,0.13853427815775105,9.004728080253818
2026-09-04 15:15:00,Falco peregrinus,0.10681756127801298,6.943141483070844
2026-09-04 15:20:00,Falco peregrinus,0.14188502732361888,9.222526776035227
2026-09-04 15:25:00,Falco peregrinus,0.14601573529005582,9.49102279385363
2026-09-04 15:30:00,Falco peregrinus,0.165186533418622,10.73712467221043
2026-09-04 15:35:00,Falco peregrinus,0.8595073227173217,55.86797597662591
2026-09-04 15:40:00,Falco peregrinus,0.12571205291160586,8.171283439254381
2026-09-04 15:45:00,Falco peregrinus,0.10548092445884359,6.856260089824834
2026-09-04 15:50:00,Falco peregrinus,0.07609956511224465,4.946471732295902
2026-09-04 15:55:00,Falco peregrinus,0.150253120309164,9.76645282009566
2026-09-04 16:00:00,Falco peregrinus,0.09691057434537007,6.299187332449054
2026-09-04 16:05:00,Falco peregrinus,0.11653014266547264,7.574459273255721
2026-09-04 16:10:00,Falco peregrinus,0.17179528822196638,11.166693734427815
2026-09-04 16:15:00,Falco peregrinus,0.03752247719202434,2.438961017481582
2026-09-04 16:20:00,Falco peregrinus,0.1616470889076717,10.50706077899866
2026-09-04 16:25:00,Falco peregrinus,0.09707718420792287,6.310016973514987
2026-09-04 16:30:00,Falco peregrinus,0.05882978191146153,3.8239358242449994
2026-09-04 16:35:00,Falco peregrinus,0.04957169878884318,3.2221604212748067
2026-09-04 16:40:00,Falco peregrinus,0.08950357612891267,5.817732448379323
2026-09-04 16:45:00,Falco peregrinus,0.12138271302394305,7.8898763465562975
2026-09-04 16:50:00,Falco peregrinus,0.13433271858146328,8.731626707795114
2026-09-04 16:55:00,Falco peregrinus,0.06098002710026089,3.963701761516958
2026-09-04 17:00:00,Falco peregrinus,0.04873843087620336,3.1679980069532183
2026-09-04 17:05:00,Falco peregrinus,0.10524740263801327,6.841081171470862
2026-09-04 17:10:00,Falco peregrinus,0.14581294002880854,9.477841101872555
2026-09-04 17:15:00,Falco peregrinus,0.1514819908282543,9.84632940383653
2026-09-04 17:20:00,Falco peregrinus,0.12412150356689991,8.067897731848495
2026-09-04 17:25:00,Falco peregrinus,0.11986976977093326,7.7915350351106625
2026-09-04 17:30:00,Falco peregrinus,0.08919993381101736,5.797995697716129
2026-09-04 17:35:00,Falco peregrinus,0.09444860884429353,6.13915957487908
2026-09-04 17:40:00,Falco peregrinus,0.050972309354331655,3.3132001080315576
2026-09-04 17:45:00,Falco peregrinus,0.10602203562850132,6.891432315852586
2026-09-04 17:50:00,Falco peregrinus,0.13290450805976334,8.638793023884617
2026-09-04 17:55:00,Falco peregrinus,0.12404394562852625,8.062856465854207
2026-09-04 18:00:00,Falco peregrinus,0.05982076886260264,3.8883499760691715
2026-09-04 18:05:00,Falco peregrinus,0.11043854479017698,7.178505411361503
2026-09-04 18:10:00,Falco peregrinus,0.09781722870061763,6.358119865540146
2026-09-04 18:15:00,Falco peregrinus,0.08941899530408393,5.812234694765455
2026-09-04 18:20:00,Falco peregrinus,0.12161841015495067,7.905196660071794
2026-09-04 18:25:00,Falco peregrinus,0.08431784235651524,5.480659753173491
2026-09-04 18:30:00,Falco peregrinus,0.7687889184848956,49.97127970151821
2026-09-04 18:35:00,Falco peregrinus,0.10857795770921827,7.057567251099187
2026-09-04 18:40:00,Falco peregrinus,0.08124956307026683,5.281221599567344
2026-09-04 18:45:00,Falco peregrinus,0.07523352107636204,4.890178869963533
2026-09-04 18:50:00,Falco peregrinus,0.10910945515302273,7.0921145849464775
2026-09-04 18:55:00,Falco peregrinus,0.11784793274404136,7.660115628362688
2026-09-04 19:00:00,Falco peregrinus,0.1523244082438091,9.901086535847591
2026-09-04 19:05:00,Falco peregrinus,0.12758285775621198,8.292885754153778
2026-09-04 19:10:00,Falco peregrinus,0.055470066380062744,3.6055543147040785
2026-09-04 19:15:00,Falco peregrinus,0.04969808224076199,3.2303753456495294
2026-09-04 19:20:00,Falco peregrinus,0.07317407643182924,4.756314968068901
2026-09-04 19:25:00,Falco peregrinus,0.13664520654898515,8.881938425684035
2026-09-04 19:30:00,Falco peregrinus,0.13806356391554878,8.974131654510671
2026-09-04 19:35:00,Falco peregrinus,0.11112917946897824,7.223396665483586
2026-09-04 19:40:00,Falco peregrinus,0.15172208298553186,9.861935394059572
2026-09-04 19:45:00,Falco peregrinus,0.09764637154874839,6.347014150668645
2026-09-04 19:50:00,Falco peregrinus,0.08309916090267377,5.401445458673796
2026-09-04 19:55:00,Falco peregrinus,0.18042364414228107,11.727536869248269
2026-09-04 20:00:00,Falco peregrinus,0.06815069588882981,4.429795232773937
2026-09-04 20:05:00,Falco peregrinus,0.11468986362544437,7.454841135653884
2026-09-04 20:10:00,Falco peregrinus,0.09097576077812894,5.913424450578381
2026-09-04 20:15:00,Falco peregrinus,0.05907617624268709,3.839951455774661
2026-09-04 20:20:00,Falco peregrinus,0.09215182215778475,5.989868440256009
2026-09-04 20:25:00,Falco peregrinus,0.1085269942392271,7.054254625549762
2026-09-04 20:30:00,Falco peregrinus,0.11673565324566355,7.587817460968131
2026-09-04 20:35:00,Falco peregrinus,0.09903880091365347,6.437522059387476
2026-09-04 20:40:00,Falco peregrinus,0.16335002982192415,10.61775193842507
2026-09-04 20:45:00,Falco peregrinus,0.11925265540008309,7.751422601005401
2026-09-04 20:50:00,Falco peregrinus,0.13017877189045468,8.461620172879554
2026-09-04 20:55:00,Falco peregrinus,0.1536476144223242,9.987094937451072
2026-09-04 21:00:00,Falco peregrinus,0.1353912922320449,8.80043399508292
2026-09-04 21:05:00,Falco peregrinus,0.13095236325389872,8.511903611503417
2026-09-04 21:10:00,Falco peregrinus,0.9312628780757083,60.53208707492104
2026-09-04 21:15:00,Falco peregrinus,0.1284704404919946,8.35057863197965
2026-09-04 21:20:00,Falco peregrinus,0.16064057945244692,10.44163766440905
2026-09-04 21:25:00,Falco peregrinus,0.12942842044151234,8.412847328698302
2026-09-04 21:30:00,Falco peregrinus,0.14263355002088826,9.271180751357736
2026-09-04 21:35:00,Falco peregrinus,0.11958417902397557,7.772971636558412
2026-09-04 21:40:00,Falco peregrinus,0.10810816449072161,7.027030691896905
2026-09-04 21:45:00,Falco peregrinus,0.13777149757410773,8.955147342317002
2026-09-04 21:50:00,Falco peregrinus,0.13221501663552207,8.593976081308934
2026-09-04 21:55:00,Falco peregrinus,0.12287375853143169,7.98679430454306
2026-09-04 22:00:00,Falco peregrinus,0.14290485320395158,9.288815458256853
2026-09-04 22:05:00,Falco peregrinus,0.15614527544717532,10.149442904066396
2026-09-04 22:10:00,Falco peregrinus,0.13220364946034868,8.593237214922665
2026-09-04 22:15:00,Falco peregrinus,0.1982916110026507,12.888954715172295
2026-09-04 22:20:00,Falco peregrinus,0.15918344710800644,10.346924062020419
2026-09-04 22:25:00,Falco peregrinus,0.19230166424860623,12.499608176159406
2026-09-04 22:30:00,Falco peregrinus,0.1597991646272087,10.386945700768566
2026-09-04 22:35:00,Falco peregrinus,0.1748777510315995,11.367053817053968
2026-09-04 22:40:00,Falco peregrinus,0.26010382026384976,16.906748317150235
2026-09-04 22:45:00,Falco peregrinus,0.17681203411174676,11.492782217263539
2026-09-04 22:50:00,Falco peregrinus,0.15340315274089494,9.971204928158171
2026-09-04 22:55:00,Falco peregrinus,0.19455364182172782,12.645986718412308
2026-09-04 23:00:00,Falco peregrinus,0.16482242537529745,10.713457649394334
2026-09-04 23:05:00,Falco peregrinus,0.20241964112358013,13.157276673032708
2026-09-04 23:10:00,Falco peregrinus,0.182714568939533,11.876446981069645
2026-09-04 23:15:00,Falco peregrinus,0.158701080725402,10.31557024715113
2026-09-04 23:20:00,Falco peregrinus,0.17433432836413823,11.331731343668984
2026-09-04 23:25:00,Falco peregrinus,0.8941449847508183,58.119424008803186
2026-09-04 23:30:00,Falco peregrinus,0.12669182495823766,8.234968622285448
2026-09-04 23:35:00,Falco peregrinus,0.18716953487506333,12.166019766879117
2026-09-04 23:40:00,Falco peregrinus,0.1536451430906906,9.98693430089489
2026-09-04 23:45:00,Falco peregrinus,0.1774872941728335,11.536674121234176
2026-09-04 23:50:00,Falco peregrinus,0.20291447407098806,13.189440814614224
2026-09-04 23:55:00,Falco peregrinus,0.17946511128697276,11.66523223365323
2026-09-05 00:00:00,Falco peregrinus,0.20803599550004337,13.52233970750282
2026-09-05 00:05:00,Falco peregrinus,0.2204256646773963,14.32766820403076
2026-09-05 00:10:00,Falco peregrinus,0.17177038740867412,11.165075181563818
2026-09-05 00:15:00,Falco peregrinus,0.18055909924035526,11.736341450623092
2026-09-05 00:20:00,Falco peregrinus,0.18224536546300335,11.845948755095218
2026-09-05 00:25:00,Falco peregrinus,0.19135483625860947,12.438064356809615
2026-09-05 00:30:00,Falco peregrinus,0.18696212980018745,12.152538437012185
2026-09-05 00:35:00,Falco peregrinus,0.1835402477828329,11.930116105884139
2026-09-05 00:40:00,Falco peregrinus,0.8820791447675244,57.33514440988908
2026-09-05 00:45:00,Falco peregrinus,0.20978627237387662,13.636107704301981
2026-09-05 00:50:00,Falco peregrinus,0.22816507101262518,14.830729615820637
2026-09-05 00:55:00,Falco peregrinus,0.16990625430319983,11.04390652970799
2026-09-05 01:00:00,Falco peregrinus,0.9104267836493509,59.17774093720781
2026-09-05 01:05:00,Falco peregrinus,0.2691839725947024,17.496958218655656
2026-09-05 01:10:00,Falco peregrinus,0.9060478477957656,58.89311010672477
2026-09-05 01:15:00,Falco peregrinus,0.16769493054388054,10.900170485352236
2026-09-05 01:20:00,Falco peregrinus,0.23445617759603532,15.239651543742296
2026-09-05 01:25:00,Falco peregrinus,0.25582019101900955,16.62831241623562
2026-09-05 01:30:00,Falco peregrinus,0.2612328357047127,16.980134320806325
2026-09-05 01:35:00,Falco peregrinus,0.25301782143265106,16.446158393122317
2026-09-05 01:40:00,Falco peregrinus,0.1888713666121329,12.27663882978864
2026-09-05 01:45:00,Falco peregrinus,0.2936455766150031,19.086962479975202
2026-09-05 01:50:00,Falco peregrinus,0.2112478526495864,13.731110422223116
2026-09-05 01:55:00,Falco peregrinus,0.23701260356442114,15.405819231687374
2026-09-05 02:00:00,Falco peregrinus,0.291869197712468,18.97149785131042
2026-09-05 02:05:00,Falco peregrinus,0.23329595325315214,15.16423696145489
2026-09-05 02:10:00,Falco peregrinus,0.8974836581568736,58.33643778019678
2026-09-05 02:15:00,Falco peregrinus,0.20267816007638642,13.174080404965117
2026-09-05 02:20:00,Falco peregrinus,0.2777517046582573,18.053860802786726
2026-09-05 02:25:00,Falco peregrinus,0.3006956605523407,19.545217935902144
2026-09-05 02:30:00,Falco peregrinus,0.2890955227002867,18.791208975518636
2026-09-05 02:35:00,Falco peregrinus,0.3122356081360569,20.295314528843697
2026-09-05 02:40:00,Falco peregrinus,0.20689402054692282,13.448111335549983
2026-09-05 02:45:00,Falco peregrinus,0.2299861202482385,14.949097816135502
2026-09-05 02:50:00,Falco peregrinus,0.3316965679986739,21.560276919913804
2026-09-05 02:55:00,Falco peregrinus,0.3155112984605817,20.50823439993781
2026-09-05 03:00:00,Falco peregrinus,0.3315155551527736,21.548511084930283
2026-09-05 03:05:00,Falco peregrinus,0.22068585967244303,14.344580878708797
2026-09-05 03:10:00,Falco peregrinus,0.27064615052468577,17.591999784104576
2026-09-05 03:15:00,Falco peregrinus,0.23421680503239956,15.224092327105971
2026-09-05 03:20:00,Falco peregrinus,0.2835539412469873,18.431006181054173
2026-09-05 03:25:00,Falco peregrinus,0.297974255325266,19.36832659614229
2026-09-05 03:30:00,Falco peregrinus,0.30223897577628256,19.645533425458368
2026-09-05 03:35:00,Falco peregrinus,0.2948589633372627,19.165832616922074
2026-09-05 03:40:00,Falco peregrinus,0.27940743868547524,18.16148351455589
2026-09-05 03:45:00,Falco peregrinus,0.2983696669403191,19.39402835112074
2026-09-05 03:50:00,Falco peregrinus,0.27563970413971695,17.9165807690816
2026-09-05 03:55:00,Falco peregrinus,0.35077345291457257,22.800274439447218
2026-09-05 04:00:00,Falco peregrinus,0.32638995801918275,21.215347271246877
2026-09-05 04:05:00,Falco peregrinus,0.23499146844154736,15.274445448700579
2026-09-05 04:10:00,Falco peregrinus,0.2826342011851465,18.37122307703452
2026-09-05 04:15:00,Falco peregrinus,0.2749946836872524,17.874654439671406
2026-09-05 04:20:00,Falco peregrinus,0.9712389473228739,63.1305315759868
2026-09-05 04:25:00,Falco peregrinus,0.26003290966187453,16.902139128021844
2026-09-05 04:30:00,Falco peregrinus,0.27811797848685205,18.07766860164538
2026-09-05 04:35:00,Falco peregrinus,0.31526269786488803,20.492075361217722
2026-09-05 04:40:00,Falco peregrinus,0.3258707558040294,21.18159912726191
2026-09-05 04:45:00,Falco peregrinus,1.0,65.0
2026-09-05 04:50:00,Falco peregrinus,0.2732928442140636,17.76403487391413
2026-09-05 04:55:00,Falco peregrinus,0.2497552319399632,16.23409007609761
2026-09-05 05:00:00,Falco peregrinus,0.31440984207083594,20.436639734604338
2026-09-05 05:05:00,Falco peregrinus,0.2671759228710591,17.36643498661884
2026-09-05 05:10:00,Falco peregrinus,0.30350416367280636,19.727770638732412
2026-09-05 05:15:00,Falco peregrinus,0.2804746434535312,18.230851824479526
2026-09-05 05:20:00,Falco peregrinus,0.3054097138104694,19.85163139768051
2026-09-05 05:25:00,Falco peregrinus,0.3080282684406418,20.021837448641715
2026-09-05 05:30:00,Falco peregrinus,0.2789454054693065,18.131451355504925
2026-09-05 05:35:00,Falco peregrinus,0.3314881407402982,21.546729148119383
2026-09-05 05:40:00,Falco peregrinus,0.2976561515674452,19.347649851883936
2026-09-05 05:45:00,Falco peregrinus,0.26307510199412765,17.0998816296183
2026-09-05 05:50:00,Falco peregrinus,0.2657691176362168,17.274992646354093
2026-09-05 05:55:00,Falco peregrinus,0.2993144461645141,19.455439000693417
2026-09-05 06:00:00,Falco peregrinus,0.34311992633462984,22.30279521175094
2026-09-05 06:05:00,Falco peregrinus,0.2618557095518519,17.020621120870373
2026-09-05 06:10:00,Falco peregrinus,0.3090134034006103,20.085871221039667
2026-09-05 06:15:00,Falco peregrinus,0.2534850944862513,16.476531141606333
2026-09-05 06:20:00,Falco peregrinus,0.27346381349,17.77514787685
2026-09-05 06:25:00,Falco peregrinus,0.8950450208601375,58.17792635590894
2026-09-05 06:30:00,Falco peregrinus,0.2803474065032595,18.22258142271187
2026-09-05 06:35:00,Falco peregrinus,0.31213023327388856,20.288465162802755
2026-09-05 06:40:00,Falco peregrinus,0.3031350027158196,19.703775176528275
2026-09-05 06:45:00,Falco peregrinus,0.27634057869477496,17.962137615160373
2026-09-05 06:50:00,Falco peregrinus,0.29795829905123944,19.367289438330562
2026-09-05 06:55:00,Falco peregrinus,0.30580760223516124,19.877494145285482
2026-09-05 07:00:00,Falco peregrinus,1.0,65.0
2026-09-05 07:05:00,Falco peregrinus,0.2955573734481339,19.2112292741287
2026-09-05 07:10:00,Falco peregrinus,0.2946391149982045,19.151542474883293
2026-09-05 07:15:00,Falco peregrinus,0.2732574845704231,17.7617364970775
2026-09-05 07:20:00,Falco peregrinus,0.3178328287800615,20.659133870704
2026-09-05 07:25:00,Falco peregrinus,0.29415348860457313,19.119976759297252
2026-09-05 07:30:00,Falco peregrinus,0.32408011612318127,21.065207548006782
2026-09-05 07:35:00,Falco peregrinus,0.24969004055528218,16.22985263609334
2026-09-05 07:40:00,Falco peregrinus,0.24400903266672852,15.860587123337353
2026-09-05 07:45:00,Falco peregrinus,0.32354070904959276,21.03014608822353
2026-09-05 07:50:00,Falco peregrinus,0.30942131465724265,20.112385452720773
2026-09-05 07:55:00,Falco peregrinus,0.2389050773697965,15.528830029036772
2026-09-05 08:00:00,Falco peregrinus,0.3181597640552727,20.680384663592726
2026-09-05 08:05:00,Falco peregrinus,0.23157666558106915,15.052483262769496
2026-09-05 08:10:00,Falco peregrinus,0.2858566265904335,18.580680728378177
2026-09-05 08:15:00,Falco peregrinus,0.2698276297226235,17.538795931970526
2026-09-05 08:20:00,Falco peregrinus,0.28446207066630486,18.490034593309815
2026-09-05 08:25:00,Falco peregrinus,0.3072057683535486,19.96837494298066
2026-09-05 08:30:00,Falco peregrinus,0.2747959474883177,17.86173658674065
2026-09-05 08:35:00,Falco peregrinus,0.25561510167532686,16.614981608896247
2026-09-05 08:40:00,Falco peregrinus,0.24642548417222457,16.0176564711946
2026-09-05 08:45:00,Falco peregrinus,0.28506589116005615,18.52928292540365
2026-09-05 08:50:00,Falco peregrinus,0.2561649754657509,16.65072340527381
2026-09-05 08:55:00,Falco peregrinus,0.2931264888831811,19.053221777406772
2026-09-05 09:00:00,Falco peregrinus,0.3163064297002658,20.559917930517276
2026-09-05 09:05:00,Falco peregrinus,0.26821589314932426,17.434033054706077
2026-09-05 09:10:00,Falco peregrinus,0.26828720493342867,17.438668320672864
2026-09-05 09:15:00,Falco peregrinus,0.26729710718045796,17.374311966729767
2026-09-05 09:20:00,Falco peregrinus,0.21548294181030933,14.006391217670107
2026-09-05 09:25:00,Falco peregrinus,0.2431473809262268,15.804579760204742
2026-09-05 09:30:00,Falco peregrinus,0.24965744905246898,16.227734188410484
2026-09-05 09:35:00,Falco peregrinus,0.260823917198004,16.95355461787026
2026-09-05 09:40:00,Falco peregrinus,0.27481558516075766,17.86301303544925
2026-09-05 09:45:00,Falco peregrinus,0.26309055071194276,17.10088579627628
2026-09-05 09:50:00,Falco peregrinus,0.23589307814582017,15.33305007947831
2026-09-05 09:55:00,Falco peregrinus,0.22745754216671002,14.784740240836152
2026-09-05 10:00:00,Falco peregrinus,0.230841230017514,15.00467995113841
2026-09-05 10:05:00,Falco peregrinus,0.27517895101813594,17.886631816178838
2026-09-05 10:10:00,Falco peregrinus,0.26826258326584196,17.437067912279726
2026-09-05 10:15:00,Falco peregrinus,0.1848191096477988,12.013242127106922
2026-09-05 10:20:00,Falco peregrinus,0.25727798048779943,16.723068731706963
2026-09-05 10:25:00,Falco peregrinus,0.19482571019119713,12.663671162427812
2026-09-05 10:30:00,Falco peregrinus,0.24172411952974193,15.712067769433226
2026-09-05 10:35:00,Falco peregrinus,0.2748844798711064,17.867491191621916
2026-09-05 10:40:00,Falco peregrinus,0.25303453971011436,16.447245081157433
2026-09-05 10:45:00,Falco peregrinus,0.2905943702044485,18.888634063289153
2026-09-05 10:50:00,Falco peregrinus,0.26569324385820325,17.27006085078321
2026-09-05 10:55:00,Falco peregrinus,0.22491519696422063,14.61948780267434
2026-09-05 11:00:00,Falco peregrinus,0.2277613482544618,14.804487636540015
2026-09-05 11:05:00,Falco peregrinus,0.9667266293612687,62.83723090848247
2026-09-05 11:10:00,Falco peregrinus,0.2376058789082861,15.444382129038598
2026-09-05 11:15:00,Falco peregrinus,0.22842062618585815,14.84734070208078
2026-09-05 11:20:00,Falco peregrinus,0.2277279920676461,14.802319484396996
2026-09-05 11:25:00,Falco peregrinus,0.24394881829721526,15.856673189318991
2026-09-05 11:30:00,Falco peregrinus,0.2395423089714244,15.570250083142586
2026-09-05 11:35:00,Falco peregrinus,0.2279781499330748,14.818579745649862
2026-09-05 11:40:00,Falco peregrinus,0.21144176709372434,13.743714861092082
2026-09-05 11:45:00,Falco peregrinus,0.1829981970958865,11.894882811232621
2026-09-05 11:50:00,Falco peregrinus,0.19398593356224858,12.609085681546158
2026-09-05 11:55:00,Falco peregrinus,0.18517419061206095,12.036322389783962
2026-09-05 12:00:00,Falco peregrinus,0.16776627212779496,10.904807688306672
2026-09-05 12:05:00,Falco peregrinus,0.17600015521611356,11.440010089047382
2026-09-05 12:10:00,Falco peregrinus,0.15085804168269484,9.805772709375164
2026-09-05 12:15:00,Falco peregrinus,0.21128966414967584,13.73382816972893
2026-09-05 12:20:00,Falco peregrinus,0.15235324654147753,9.902961025196038
2026-09-05 12:25:00,Falco peregrinus,0.17690319507600358,11.498707679940232
2026-09-05 12:30:00,Falco peregrinus,0.16566550901962407,10.768258086275564
2026-09-05 12:35:00,Falco peregrinus,0.2364011485879934,15.366074658219572
2026-09-05 12:40:00,Falco peregrinus,0.1287421661794956,8.368240801667215
2026-09-05 12:45:00,Falco peregrinus,0.2178758324372813,14.161929108423285
2026-09-05 12:50:00,Falco peregrinus,0.20281562527694047,13.18301564300113
2026-09-05 12:55:00,Falco peregrinus,0.16256725912031866,10.566871842820714
2026-09-05 13:00:00,Falco peregrinus,0.1840209702217655,11.961363064414758
2026-09-05 13:05:00,Falco peregrinus,0.12186369729076486,7.921140323899716
2026-09-05 13:10:00,Falco peregrinus,0.1953343342912416,12.696731728930704
2026-09-05 13:15:00,Falco peregrinus,0.16331471162222436,10.615456255444583
2026-09-05 13:20:00,Falco peregrinus,0.18870583630667068,12.265879359933594
2026-09-05 13:25:00,Falco peregrinus,0.14059201516859599,9.13848098595874
2026-09-05 13:30:00,Falco peregrinus,0.11642017095285513,7.567311111935584
2026-09-05 13:35:00,Falco peregrinus,0.15025644033946645,9.76666862206532
2026-09-05 13:40:00,Falco peregrinus,0.1489209590499035,9.679862338243726
2026-09-05 13:45:00,Falco peregrinus,0.16718274171334443,10.866878211367387
2026-09-05 13:50:00,Falco peregrinus,0.10886303863832256,7.076097511490966
2026-09-05 13:55:00,Falco peregrinus,0.15033869975356562,9.772015483981765
2026-09-05 14:00:00,Falco peregrinus,0.14948121396324773,9.716278907611102
2026-09-05 14:05:00,Falco peregrinus,0.10905951650878631,7.08886857307111
2026-09-05 14:10:00,Falco peregrinus,0.1860362277016639,12.092354800608152
2026-09-05 14:15:00,Falco peregrinus,0.06902568301259757,4.486669395818842
2026-09-05 14:20:00,Falco peregrinus,0.1272328446325618,8.270134901116517
2026-09-05 14:25:00,Falco peregrinus,0.9090453698128881,59.087949037837724
2026-09-05 14:30:00,Falco peregrinus,0.13753173214330158,8.939562589314603
2026-09-05 14:35:00,Falco peregrinus,0.20987283607913887,13.641734345144027
2026-09-05 14:40:00,Falco peregrinus,0.10516206277376235,6.835534080294552
2026-09-05 14:45:00,Falco peregrinus,0.13920606425158785,9.048394176353211
2026-09-05 14:50:00,Falco peregrinus,0.15935544103654842,10.358103667375648
2026-09-05 14:55:00,Falco peregrinus,0.15458430515727198,10.047979835222678
2026-09-05 15:00:00,Falco peregrinus,0.11001378001496717,7.150895700972866
2026-09-05 15:05:00,Falco peregrinus,0.15915047953052858,10.344781169484358
2026-09-05 15:10:00,Falco peregrinus,0.1475911907551005,9.593427399081532
2026-09-05 15:15:00,Falco peregrinus,0.14573102666220655,9.472516733043426
2026-09-05 15:20:00,Falco peregrinus,0.08693465163564192,5.650752356316724
2026-09-05 15:25:00,Falco peregrinus,0.06520960846823279,4.238624550435131
2026-09-05 15:30:00,Falco peregrinus,0.1579286096745912,10.26535962884843
2026-09-05 15:35:00,Falco peregrinus,0.12443909763439037,8.088541346235374
2026-09-05 15:40:00,Falco peregrinus,0.14103750470004664,9.167437805503031
2026-09-05 15:45:00,Falco peregrinus,0.12444195882077623,8.088727323350454
2026-09-05 15:50:00,Falco peregrinus,0.1607693369450097,10.45000690142563
2026-09-05 15:55:00,Falco peregrinus,0.11419179812232853,7.422466877951354
2026-09-05 16:00:00,Falco peregrinus,0.13689830313858276,8.89838970400788
2026-09-05 16:05:00,Falco peregrinus,0.11366714058154728,7.388364137800574
2026-09-05 16:10:00,Falco peregrinus,0.04808074046310534,3.125248130101847
2026-09-05 16:15:00,Falco peregrinus,0.07869922538400367,5.115449649960238
2026-09-05 16:20:00,Falco peregrinus,0.10378999734457242,6.746349827397207
2026-09-05 16:25:00,Falco peregrinus,0.13214888685138512,8.589677645340032
2026-09-05 16:30:00,Falco peregrinus,0.13930274568277998,9.054678469380699
2026-09-05 16:35:00,Falco peregrinus,0.09467701336198187,6.154005868528821
2026-09-05 16:40:00,Falco peregrinus,0.09985171684742766,6.490361595082798
2026-09-05 16:45:00,Falco peregrinus,0.1390475197735354,9.038088785279802
2026-09-05 16:50:00,Falco peregrinus,0.13319960107529172,8.657974069893962
2026-09-05 16:55:00,Falco peregrinus,0.09566997831123572,6.218548590230322
2026-09-05 17:00:00,Falco peregrinus,0.045455456972255566,2.954604703196612
2026-09-05 17:05:00,Falco peregrinus,0.07000795401300611,4.550517010845397
2026-09-05 17:10:00,Falco peregrinus,0.11400131260034434,7.410085319022382
2026-09-05 17:15:00,Falco peregrinus,0.09964168656244453,6.476709626558894
2026-09-05 17:20:00,Falco peregrinus,0.16654673825065955,10.82553798629287
2026-09-05 17:25:00,Falco peregrinus,0.09333103455485559,6.066517246065613
2026-09-05 17:30:00,Falco peregrinus,0.08533618123243367,5.546851780108188
2026-09-05 17:35:00,Falco peregrinus,0.14543121507588386,9.453028979932451
2026-09-05 17:40:00,Falco peregrinus,0.10174813748936153,6.6136289368084995
2026-09-05 17:45:00,Falco peregrinus,0.09520147265648636,6.188095722671614
2026-09-05 17:50:00,Falco peregrinus,0.07385843391498756,4.800798204474192
2026-09-05 17:55:00,Falco peregrinus,0.10808653860187388,7.025625009121802
2026-09-05 18:00:00,Falco peregrinus,0.16047958794282807,10.431173216283824
2026-09-05 18:05:00,Falco peregrinus,0.11026278199351389,7.167080829578403
2026-09-05 18:10:00,Falco peregrinus,0.7484885430903041,48.651755300869766
2026-09-05 18:15:00,Falco peregrinus,0.10448607785132268,6.791595060335974
2026-09-05 18:20:00,Falco peregrinus,0.07235268226455265,4.702924347195922
2026-09-05 18:25:00,Falco peregrinus,0.07458531124797749,4.848045231118537
2026-09-05 18:30:00,Falco peregrinus,0.05980025088109608,3.887016307271245
2026-09-05 18:35:00,Falco peregrinus,0.087083920190697,5.6604548123953045
2026-09-05 18:40:00,Falco peregrinus,0.10076233441934322,6.5495517372573095
2026-09-05 18:45:00,Falco peregrinus,0.10814795872066298,7.029617316843093
2026-09-05 18:50:00,Falco peregrinus,0.10620902875480029,6.903586869062019
2026-09-05 18:55:00,Falco peregrinus,0.08213233784592652,5.338601959985224
2026-09-05 19:00:00,Falco peregrinus,0.1669061098244238,10.848897138587548
2026-09-05 19:05:00,Falco peregrinus,0.09547336046967034,6.205768430528572
2026-09-05 19:10:00,Falco peregrinus,0.1020543973031922,6.633535824707493
2026-09-05 19:15:00,Falco peregrinus,0.1385754378355825,9.007403459312862
2026-09-05 19:20:00,Falco peregrinus,0.07709129365297365,5.010934087443287
2026-09-05 19:25:00,Falco peregrinus,0.11028035231956215,7.16822290077154
2026-09-05 19:30:00,Falco peregrinus,0.8855930445546467,57.563547896052036
2026-09-05 19:35:00,Falco peregrinus,0.13606183836812677,8.84401949392824
2026-09-05 19:40:00,Falco peregrinus,0.18178190927136792,11.815824102638915
2026-09-05 19:45:00,Falco peregrinus,0.13111411841588563,8.522417697032566
2026-09-05 19:50:00,Falco peregrinus,0.1465780812784496,9.527575283099223
2026-09-05 19:55:00,Falco peregrinus,0.068074392307923,4.4248355000149955
2026-09-05 20:00:00,Falco peregrinus,0.09859842546565711,6.408897655267713
2026-09-05 20:05:00,Falco peregrinus,0.07875842232093677,5.11929745086089
2026-09-05 20:10:00,Falco peregrinus,0.13350509821192177,8.677831383774915
2026-09-05 20:15:00,Falco peregrinus,0.08841570747359839,5.747020985783895
2026-09-05 20:20:00,Falco peregrinus,0.0806535585180461,5.242481303672997
2026-09-05 20:25:00,Falco peregrinus,0.1545104757546651,10.04318092405323
2026-09-05 20:30:00,Falco peregrinus,0.10636904670877169,6.91398803607016
2026-09-05 20:35:00,Falco peregrinus,0.13444086865683075,8.738656462694
2026-09-05 20:40:00,Falco peregrinus,0.1296611357769995,8.427973825504967
2026-09-05 20:45:00,Falco peregrinus,0.7456999972246147,48.47049981959995
2026-09-05 20:50:00,Falco peregrinus,0.15142894104221935,9.842881167744258
2026-09-05 20:55:00,Falco peregrinus,0.15883956335289304,10.324571617938048
2026-09-05 21:00:00,Falco peregrinus,0.13756108712414228,8.941470663069248
2026-09-05 21:05:00,Falco peregrinus,0.12138579321671651,7.890076559086573
2026-09-05 21:10:00,Falco peregrinus,0.10062462193686922,6.540600425896499
2026-09-05 21:15:00,Falco peregrinus,0.09589490695247194,6.233168951910676
2026-09-05 21:20:00,Falco peregrinus,0.11741518465641435,7.631987002666932
2026-09-05 21:25:00,Falco peregrinus,0.14823890884202404,9.635529074731563
2026-09-05 21:30:00,Falco peregrinus,0.18720718594353883,12.168467086330024
2026-09-05 21:35:00,Falco peregrinus,0.11608971523691539,7.5458314903995
2026-09-05 21:40:00,Falco peregrinus,0.122554175720346,7.96602142182249
2026-09-05 21:45:00,Falco peregrinus,0.15673626495809573,10.187857222276222
2026-09-05 21:50:00,Falco peregrinus,0.165648047212549,10.767123068815685
2026-09-05 21:55:00,Falco peregrinus,0.08906901147502654,5.789485745876725
2026-09-05 22:00:00,Falco peregrinus,0.7057042333676393,45.87077516889656
2026-09-05 22:05:00,Falco peregrinus,0.07254316289513676,4.71530558818389
2026-09-05 22:10:00,Falco peregrinus,0.14044914020436133,9.129194113283488
2026-09-05 22:15:00,Falco peregrinus,0.19226138210107888,12.496989836570126
2026-09-05 22:20:00,Falco peregrinus,0.12592317526674798,8.185006392338618
2026-09-05 22:25:00,Falco peregrinus,0.20464105250749506,13.30166841298718
2026-09-05 22:30:00,Falco peregrinus,0.1354138595415693,8.801900870202005
2026-09-05 22:35:00,Falco peregrinus,0.11666829070070811,7.583438895546027
2026-09-05 22:40:00,Falco peregrinus,0.1881200186592788,12.227801212853121
2026-09-05 22:45:00,Falco peregrinus,0.17840769970065934,11.596500480542858
2026-09-05 22:50:00,Falco peregrinus,0.9211923545931602,59.87750304855541
2026-09-05 22:55:00,Falco peregrinus,0.19638609183883496,12.765095969524273
2026-09-05 23:00:00,Falco peregrinus,0.18617866589189924,12.101613282973451
2026-09-05 23:05:00,Falco peregrinus,0.1641142216294818,10.667424405916318
2026-09-05 23:10:00,Falco peregrinus,0.16459352667548374,10.698579233906443
2026-09-05 23:15:00,Falco peregrinus,0.17068509685856978,11.094531295807036
2026-09-05 23:20:00,Falco peregrinus,0.20797460877837537,13.518349570594399
2026-09-05 23:25:00,Falco peregrinus,0.17726847422610148,11.522450824696596
2026-09-05 23:30:00,Falco peregrinus,0.17172307325280786,11.161999761432511
2026-09-05 23:35:00,Falco peregrinus,0.15220103449131347,9.893067241935375
2026-09-05 23:40:00,Falco peregrinus,0.21569305679408307,14.020048691615399
2026-09-05 23:45:00,Falco peregrinus,0.14263557467026092,9.271312353566959
2026-09-05 23:50:00,Falco peregrinus,0.2500838074616647,16.255447485008204
2026-09-05 23:55:00,Falco peregrinus,0.22037965051316755,14.324677283355891
2026-09-06 00:00:00,Falco peregrinus,0.16985311744294662,11.04045263379153
2026-09-06 00:05:00,Falco peregrinus,0.2385802631190283,15.507717102736839
2026-09-06 00:10:00,Falco peregrinus,0.18637268089850242,12.114224258402658
2026-09-06 00:15:00,Falco peregrinus,0.2137299175278056,13.892444639307364
2026-09-06 00:20:00,Falco peregrinus,0.2500093825391796,16.250609865046673
2026-09-06 00:25:00,Falco peregrinus,0.21721234589876756,14.118802483419891
2026-09-06 00:30:00,Falco peregrinus,0.18567902175356354,12.06913641398163
2026-09-06 00:35:00,Falco peregrinus,0.17153527662925827,11.149792980901788
2026-09-06 00:40:00,Falco peregrinus,0.9126853986933416,59.324550915067206
2026-09-06 00:45:00,Falco peregrinus,0.19167515595799003,12.458885137269352
2026-09-06 00:50:00,Falco peregrinus,0.13749654920915616,8.937275698595151
2026-09-06 00:55:00,Falco peregrinus,1.0,65.0
2026-09-06 01:00:00,Falco peregrinus,0.2088723810495087,13.576704768218065
2026-09-06 01:05:00,Falco peregrinus,0.1752848033575505,11.393512218240783
2026-09-06 01:10:00,Falco peregrinus,0.25501827814711553,16.57618807956251
2026-09-06 01:15:00,Falco peregrinus,0.22719975117958624,14.767983826673106
2026-09-06 01:20:00,Falco peregrinus,0.23290576059151863,15.138874438448712
2026-09-06 01:25:00,Falco peregrinus,0.25632738370458064,16.66127994079774
2026-09-06 01:30:00,Falco peregrinus,0.2569111638646445,16.699225651201893
2026-09-06 01:35:00,Falco peregrinus,0.24229358242806384,15.749082857824149
2026-09-06 01:40:00,Falco peregrinus,0.2206748012128732,14.343862078836757
2026-09-06 01:45:00,Falco peregrinus,0.20877377372928857,13.570295292403758
2026-09-06 01:50:00,Falco peregrinus,0.28912675527985005,18.79323909319025
2026-09-06 01:55:00,Falco peregrinus,0.2131967790261335,13.857790636698677
2026-09-06 02:00:00,Falco peregrinus,0.208213006658029,13.533845432771885
2026-09-06 02:05:00,Falco peregrinus,0.2947815847245043,19.160803007092778
2026-09-06 02:10:00,Falco peregrinus,0.880216301878631,57.214059622111016
2026-09-06 02:15:00,Falco peregrinus,0.2540752920237621,16.51489398154454
2026-09-06 02:20:00,Falco peregrinus,0.2836507329780991,18.437297643576443
2026-09-06 02:25:00,Falco peregrinus,0.33411331686758594,21.717365596393087
2026-09-06 02:30:00,Falco peregrinus,0.25813690521527094,16.77889883899261
2026-09-06 02:35:00,Falco peregrinus,0.30997111111100906,20.148122222215587
2026-09-06 02:40:00,Falco peregrinus,0.2398955265569364,15.593209226200866
2026-09-06 02:45:00,Falco peregrinus,0.25534500138551874,16.597425090058717
2026-09-06 02:50:00,Falco peregrinus,0.3016884042475508,19.6097462760908
2026-09-06 02:55:00,Falco peregrinus,0.3157187901193994,20.52172135776096
2026-09-06 03:00:00,Falco peregrinus,0.2077736414788463,13.50528669612501
2026-09-06 03:05:00,Falco peregrinus,0.2604884045212014,16.931746293878092
2026-09-06 03:10:00,Falco peregrinus,0.24892152780471724,16.17989930730662
2026-09-06 03:15:00,Falco peregrinus,0.2995284185057862,19.469347202876104
2026-09-06 03:20:00,Falco peregrinus,0.32092448692675574,20.860091650239124
2026-09-06 03:25:00,Falco peregrinus,0.26810228843852124,17.42664874850388
2026-09-06 03:30:00,Falco peregrinus,0.27263361703571076,17.7211851073212
2026-09-06 03:35:00,Falco peregrinus,0.2870149751525894,18.655973384918312
2026-09-06 03:40:00,Falco peregrinus,0.23080626823044795,15.002407434979117
2026-09-06 03:45:00,Falco peregrinus,0.33252993546878357,21.614445805470933
2026-09-06 03:50:00,Falco peregrinus,0.3476063912727297,22.59441543272743
2026-09-06 03:55:00,Falco peregrinus,0.3219903438130943,20.92937234785113
2026-09-06 04:00:00,Falco peregrinus,0.3083262734161969,20.041207772052797
2026-09-06 04:05:00,Falco peregrinus,0.23321947199826423,15.159265679887175
2026-09-06 04:10:00,Falco peregrinus,0.2996068641036019,19.474446166734122
2026-09-06 04:15:00,Falco peregrinus,0.284444548168822,18.488895630973428
2026-09-06 04:20:00,Falco peregrinus,0.27882147058036993,18.123395587724044
2026-09-06 04:25:00,Falco peregrinus,0.27792883696061665,18.06537440244008
2026-09-06 04:30:00,Falco peregrinus,0.28473376819681284,18.507694932792834
2026-09-06 04:35:00,Falco peregrinus,0.3081701810156832,20.03106176601941
2026-09-06 04:40:00,Falco peregrinus,0.30830162245943954,20.03960545986357
2026-09-06 04:45:00,Falco peregrinus,0.26070871307033056,16.946066349571485
2026-09-06 04:50:00,Falco peregrinus,1.0,65.0
2026-09-06 04:55:00,Falco peregrinus,0.26115954371917216,16.975370341746192
2026-09-06 05:00:00,Falco peregrinus,0.290884210734468,18.90747369774042
2026-09-06 05:05:00,Falco peregrinus,0.3096378002966512,20.12645701928233
2026-09-06 05:10:00,Falco peregrinus,0.3319252680829647,21.575142425392706
2026-09-06 05:15:00,Falco peregrinus,0.22326969345672212,14.512530074686937
2026-09-06 05:20:00,Falco peregrinus,0.3273387506866884,21.277018794634746
2026-09-06 05:25:00,Falco peregrinus,0.32909150512482793,21.390947833113817
2026-09-06 05:30:00,Falco peregrinus,0.27813980329540683,18.079087214201444
2026-09-06 05:35:00,Falco peregrinus,0.27515416262318587,17.88502057050708
2026-09-06 05:40:00,Falco peregrinus,0.31440790314690276,20.43651370454868
2026-09-06 05:45:00,Falco peregrinus,0.25143256647038814,16.34311682057523
2026-09-06 05:50:00,Falco peregrinus,0.3357332625924171,21.82266206850711
2026-09-06 05:55:00,Falco peregrinus,0.32985862518250236,21.440810636862654
2026-09-06 06:00:00,Falco peregrinus,0.27955736163972333,18.17122850658202
2026-09-06 06:05:00,Falco peregrinus,0.275404561066898,17.90129646934837
2026-09-06 06:10:00,Falco peregrinus,0.3059931022338842,19.889551645202474
2026-09-06 06:15:00,Falco peregrinus,0.3003910925834763,19.525421017925957
2026-09-06 06:20:00,Falco peregrinus,0.312944055829252,20.34136362890138
2026-09-06 06:25:00,Falco peregrinus,0.3042393836581083,19.77555993777704
2026-09-06 06:30:00,Falco peregrinus,0.32908134918713583,21.390287697163828
2026-09-06 06:35:00,Falco peregrinus,0.3212318819284564,20.880072325349666
2026-09-06 06:40:00,Falco peregrinus,0.2687995953720801,17.471973699185206
2026-09-06 06:45:00,Falco peregrinus,0.28203882737908775,18.332523779640702
2026-09-06 06:50:00,Falco peregrinus,0.32000457755727085,20.800297541222605
2026-09-06 06:55:00,Falco peregrinus,1.0,65.0
2026-09-06 07:00:00,Falco peregrinus,0.2919983761442507,18.979894449376296
2026-09-06 07:05:00,Falco peregrinus,0.2774472627058789,18.03407207588213
2026-09-06 07:10:00,Falco peregrinus,0.31416996746225984,20.42104788504689
2026-09-06 07:15:00,Falco peregrinus,0.31087465101259315,20.206852315818555
2026-09-06 07:20:00,Falco peregrinus,0.2992722005191055,19.45269303374186
2026-09-06 07:25:00,Falco peregrinus,0.3043254491681724,19.781154195931204
2026-09-06 07:30:00,Falco peregrinus,0.2543534405497674,16.53297363573488
2026-09-06 07:35:00,Falco peregrinus,0.28938043963870014,18.80972857651551
2026-09-06 07:40:00,Falco peregrinus,0.31437980456782094,20.43468729690836
2026-09-06 07:45:00,Falco peregrinus,0.29320950480378427,19.058617812245977
2026-09-06 07:50:00,Falco peregrinus,0.3162643580115629,20.557183270751587
2026-09-06 07:55:00,Falco peregrinus,0.3139417285883588,20.40621235824332
2026-09-06 08:00:00,Falco peregrinus,0.3687711435558141,23.970124331127916
2026-09-06 08:05:00,Falco peregrinus,0.27205865732003376,17.683812725802195
2026-09-06 08:10:00,Falco peregrinus,0.2711628363134066,17.62558436037143
2026-09-06 08:15:00,Falco peregrinus,0.3024909632938618,19.66191261410102
2026-09-06 08:20:00,Falco peregrinus,0.33368763415060615,21.6896962197894
2026-09-06 08:25:00,Falco peregrinus,0.28078454536756486,18.250995448891715
2026-09-06 08:30:00,Falco peregrinus,0.2857548809070503,18.57406725895827
2026-09-06 08:35:00,Falco peregrinus,0.30236798429834616,19.6539189793925
2026-09-06 08:40:00,Falco peregrinus,0.34086891143718306,22.1564792434169
2026-09-06 08:45:00,Falco peregrinus,0.24563862555899946,15.966510661334965
2026-09-06 08:50:00,Falco peregrinus,0.3110101343997876,20.215658735986192
2026-09-06 08:55:00,Falco peregrinus,0.26573362003633394,17.272685302361705
2026-09-06 09:00:00,Falco peregrinus,0.2615957074774477,17.0037209860341
2026-09-06 09:05:00,Falco peregrinus,0.2717998753358576,17.666991896830744
2026-09-06 09:10:00,Falco peregrinus,0.2856541614497962,18.567520494236753
2026-09-06 09:15:00,Falco peregrinus,0.2784195587287087,18.097271317366065
2026-09-06 09:20:00,Falco peregrinus,0.2216625698808094,14.408067042252611
2026-09-06 09:25:00,Falco peregrinus,0.2768886910003381,17.997764915021975
2026-09-06 09:30:00,Falco peregrinus,0.27850709098404014,18.102960913962608
2026-09-06 09:35:00,Falco peregrinus,0.2468880039176292,16.0477202546459
2026-09-06 09:40:00,Falco peregrinus,0.250318264667948,16.270687203416617
2026-09-06 09:45:00,Falco peregrinus,0.30763614214441704,19.996349239387108
2026-09-06 09:50:00,Falco peregrinus,0.26147861113757237,16.996109723942205
2026-09-06 09:55:00,Falco peregrinus,0.26643751559811835,17.31843851387769
2026-09-06 10:00:00,Falco peregrinus,0.28966957769082496,18.828522549903624
2026-09-06 10:05:00,Falco peregrinus,0.24404245172683495,15.862759362244272
2026-09-06 10:10:00,Falco peregrinus,0.22425769546422952,14.57675020517492
2026-09-06 10:15:00,Falco peregrinus,0.18348158479832669,11.926303011891235
2026-09-06 10:20:00,Falco peregrinus,0.23802801016765557,15.471820660897611
2026-09-06 10:25:00,Falco peregrinus,0.2694481892059738,17.514132298388297
2026-09-06 10:30:00,Falco peregrinus,0.23059452853662726,14.988644354880773
2026-09-06 10:35:00,Falco peregrinus,0.1839353576547192,11.955798247556748
2026-09-06 10:40:00,Falco peregrinus,0.22981359801271906,14.937883870826738
2026-09-06 10:45:00,Falco peregrinus,0.24074609476482825,15.648496159713837
2026-09-06 10:50:00,Falco peregrinus,0.18935301402715832,12.307945911765291
2026-09-06 10:55:00,Falco peregrinus,0.24598403199174726,15.988962079463573
2026-09-06 11:00:00,Falco peregrinus,0.23489291282603578,15.268039333692325
2026-09-06 11:05:00,Falco peregrinus,0.2619910625741725,17.02941906732121
2026-09-06 11:10:00,Falco peregrinus,0.18565342359643267,12.067472533768123
2026-09-06 11:15:00,Falco peregrinus,0.24814107382367825,16.12916979853909
2026-09-06 11:20:00,Falco peregrinus,0.23025917547169292,14.96684640566004
2026-09-06 11:25:00,Falco peregrinus,0.19279090354137557,12.531408730189412
2026-09-06 11:30:00,Falco peregrinus,0.21686501137085754,14.09622573910574
2026-09-06 11:35:00,Falco peregrinus,0.20702325035685226,13.456511273195398
2026-09-06 11:40:00,Falco peregrinus,0.2127573571613989,13.829228215490929
2026-09-06 11:45:00,Falco peregrinus,0.20402730014212647,13.26177450923822
2026-09-06 11:50:00,Falco peregrinus,0.2309407369073203,15.01114789897582
2026-09-06 11:55:00,Falco peregrinus,0.24801290998357944,16.120839148932664
2026-09-06 12:00:00,Falco peregrinus,0.16423686973977694,10.675396533085502
2026-09-06 12:05:00,Falco peregrinus,0.21437808925825183,13.93457580178637
2026-09-06 12:10:00,Falco peregrinus,0.20696115299917678,13.452474944946491
2026-09-06 12:15:00,Falco peregrinus,0.2130395721008291,13.847572186553892
2026-09-06 12:20:00,Falco peregrinus,0.17468390645662,11.3544539196803
2026-09-06 12:25:00,Falco peregrinus,0.23376100728489677,15.19446547351829
2026-09-06 12:30:00,Falco peregrinus,0.16268426143804354,10.57447699347283
2026-09-06 12:35:00,Falco peregrinus,0.17060944419833105,11.089613872891517
2026-09-06 12:40:00,Falco peregrinus,0.21203418352304923,13.782221928998199
2026-09-06 12:45:00,Falco peregrinus,0.17246164445916,11.2100068898454
2026-09-06 12:50:00,Falco peregrinus,0.22823179207529512,14.835066484894183
2026-09-06 12:55:00,Falco peregrinus,0.159284649660309,10.353502227920085
2026-09-06 13:00:00,Falco peregrinus,0.9229795574387973,59.99367123352183
2026-09-06 13:05:00,Falco peregrinus,0.18139799960911102,11.790869974592216
2026-09-06 13:10:00,Falco peregrinus,0.16781234069847567,10.907802145400918
2026-09-06 13:15:00,Falco peregrinus,0.12349822209519687,8.027384436187797
2026-09-06 13:20:00,Falco peregrinus,0.1445613100849329,9.396485155520638
2026-09-06 13:25:00,Falco peregrinus,0.19318946794857184,12.55731541665717
2026-09-06 13:30:00,Falco peregrinus,0.1740587197027732,11.313816780680257
2026-09-06 13:35:00,Falco peregrinus,0.19283815985544275,12.534480390603779
2026-09-06 13:40:00,Falco peregrinus,0.13602419473711666,8.841572657912582
2026-09-06 13:45:00,Falco peregrinus,0.1336672697302957,8.68837253246922
2026-09-06 13:50:00,Falco peregrinus,0.07422055357583877,4.82433598242952
2026-09-06 13:55:00,Falco peregrinus,0.22038767504165474,14.325198877707559
2026-09-06 14:00:00,Falco peregrinus,0.13576029037170764,8.824418874160997
2026-09-06 14:05:00,Falco peregrinus,0.1345373874735701,8.744930185782056
2026-09-06 14:10:00,Falco peregrinus,0.14695492847476735,9.552070350859879
2026-09-06 14:15:00,Falco peregrinus,0.20096770114839804,13.062900574645873
2026-09-06 14:20:00,Falco peregrinus,0.15519878464298562,10.087921001794065
2026-09-06 14:25:00,Falco peregrinus,0.20223174118710358,13.145063177161733
2026-09-06 14:30:00,Falco peregrinus,0.11219705034199483,7.292808272229664
2026-09-06 14:35:00,Falco peregrinus,0.1995312650686183,12.969532229460189
2026-09-06 14:40:00,Falco peregrinus,0.1743798013652201,11.334687088739306
2026-09-06 14:45:00,Falco peregrinus,0.0812341243675416,5.280218083890204
2026-09-06 14:50:00,Falco peregrinus,0.1284308077209944,8.348002501864636
2026-09-06 14:55:00,Falco peregrinus,0.1372010737665036,8.918069794822733
2026-09-06 15:00:00,Falco peregrinus,0.12592583484866615,8.185179265163299
2026-09-06 15:05:00,Falco peregrinus,0.0896853856109231,5.829550064710001
2026-09-06 15:10:00,Falco peregrinus,0.046219694676421605,3.004280153967404
2026-09-06 15:15:00,Falco peregrinus,0.1046682432635321,6.803435812129586
2026-09-06 15:20:00,Falco peregrinus,0.1359962172045688,8.839754118296973
2026-09-06 15:25:00,Falco peregrinus,0.11148551224561971,7.246558295965281
2026-09-06 15:30:00,Falco peregrinus,0.15333084240854536,9.966504756555448
2026-09-06 15:35:00,Falco peregrinus,0.13359906576081362,8.683939274452886
2026-09-06 15:40:00,Falco peregrinus,0.1601977592588017,10.41285435182211
2026-09-06 15:45:00,Falco peregrinus,0.08740223639649504,5.681145365772178
2026-09-06 15:50:00,Falco peregrinus,0.138986404897406,9.034116318331389
2026-09-06 15:55:00,Falco peregrinus,0.05802961401322178,3.7719249108594157
2026-09-06 16:00:00,Falco peregrinus,0.10026274755299067,6.517078590944394
2026-09-06 16:05:00,Falco peregrinus,0.10925245996131254,7.101409897485315
2026-09-06 16:10:00,Falco peregrinus,0.1315529148865706,8.550939467627089
2026-09-06 16:15:00,Falco peregrinus,0.15706984884545244,10.209540174954409
2026-09-06 16:20:00,Falco peregrinus,0.09455707672263354,6.14620998697118
2026-09-06 16:25:00,Falco peregrinus,0.1035748914338845,6.732367943202492
2026-09-06 16:30:00,Falco peregrinus,0.13111608344279335,8.522545423781567
2026-09-06 16:35:00,Falco peregrinus,0.13655995671530607,8.876397186494895
2026-09-06 16:40:00,Falco peregrinus,0.08765492550893503,5.697570158080777
2026-09-06 16:45:00,Falco peregrinus,0.18262011502025063,11.870307476316292
2026-09-06 16:50:00,Falco peregrinus,0.09537317462911162,6.199256350892255
2026-09-06 16:55:00,Falco peregrinus,0.05961554453727669,3.8750103949229846
2026-09-06 17:00:00,Falco peregrinus,0.06985132905954222,4.540336388870244
2026-09-06 17:05:00,Falco peregrinus,0.10508247242443364,6.830360707588186
2026-09-06 17:10:00,Falco peregrinus,0.0768922508586404,4.997996305811626
2026-09-06 17:15:00,Falco peregrinus,0.11256265498234885,7.3165725738526755
2026-09-06 17:20:00,Falco peregrinus,0.0600391616455514,3.902545506960841
2026-09-06 17:25:00,Falco peregrinus,0.11168430638956366,7.259479915321638
2026-09-06 17:30:00,Falco peregrinus,0.06724150205833981,4.370697633792088
2026-09-06 17:35:00,Falco peregrinus,0.7733792814608246,50.2696532949536
2026-09-06 17:40:00,Falco peregrinus,0.10672164741625642,6.936907082056667
2026-09-06 17:45:00,Falco peregrinus,0.14093266919641317,9.160623497766856
2026-09-06 17:50:00,Falco peregrinus,0.0985621485188571,6.406539653725711
2026-09-06 17:55:00,Falco peregrinus,0.06763373855624025,4.396193006155616
2026-09-06 18:00:00,Falco peregrinus,0.07946392956633426,5.165155421811727
2026-09-06 18:05:00,Falco peregrinus,0.787790102106875,51.20635663694687
2026-09-06 18:10:00,Falco peregrinus,0.09009202531037114,5.855981645174124
2026-09-06 18:15:00,Falco peregrinus,0.1368988122535826,8.898422796482869
2026-09-06 18:20:00,Falco peregrinus,0.1100783563010469,7.1550931595680485
2026-09-06 18:25:00,Falco peregrinus,0.15055378062430247,9.785995740579661
2026-09-06 18:30:00,Falco peregrinus,0.07168788273304141,4.659712377647692
2026-09-06 18:35:00,Falco peregrinus,0.06856494000384247,4.45672110024976
2026-09-06 18:40:00,Falco peregrinus,0.11575117948311688,7.523826666402597
2026-09-06 18:45:00,Falco peregrinus,0.09920995024571311,6.448646765971352
2026-09-06 18:50:00,Falco peregrinus,0.0793608532579308,5.158455461765501
2026-09-06 18:55:00,Falco peregrinus,0.08237786154436258,5.354561000383567
2026-09-06 19:00:00,Falco peregrinus,0.11260284723395173,7.319185070206862
2026-09-06 19:05:00,Falco peregrinus,0.11781835549469545,7.6581931071552045
2026-09-06 19:10:00,Falco peregrinus,0.11664023937656547,7.581615559476755
2026-09-06 19:15:00,Falco peregrinus,0.1279356230858841,8.315815500582467
2026-09-06 19:20:00,Falco peregrinus,0.7588666124353702,49.326329808299064
2026-09-06 19:25:00,Falco peregrinus,0.09858047978388329,6.4077311859524135
2026-09-06 19:30:00,Falco peregrinus,0.13458192682236997,8.747825243454049
2026-09-06 19:35:00,Falco peregrinus,0.06427488285031381,4.177867385270398
2026-09-06 19:40:00,Falco peregrinus,0.850032073822884,55.25208479848746
2026-09-06 19:45:00,Falco peregrinus,0.1459161055800601,9.484546862703906
2026-09-06 19:50:00,Falco peregrinus,0.05501498730331647,3.5759741747155704
2026-09-06 19:55:00,Falco peregrinus,0.12331585564429341,8.015530616879072
2026-09-06 20:00:00,Falco peregrinus,0.1227836345062207,7.980936242904346
2026-09-06 20:05:00,Falco peregrinus,0.10056044357730928,6.536428832525103
2026-09-06 20:10:00,Falco peregrinus,0.13938278165192106,9.059880807374869
2026-09-06 20:15:00,Falco peregrinus,0.08663816066654435,5.631480443325383
2026-09-06 20:20:00,Falco peregrinus,0.1081737483671707,7.031293643866095
2026-09-06 20:25:00,Falco peregrinus,0.17725805555939975,11.521773611360983
2026-09-06 20:30:00,Falco peregrinus,0.14056434854986477,9.13668265574121
2026-09-06 20:35:00,Falco peregrinus,0.09717786491799288,6.316561219669537
2026-09-06 20:40:00,Falco peregrinus,0.15039265221800655,9.775522394170425
2026-09-06 20:45:00,Falco peregrinus,0.0815330380730685,5.299647474749452
2026-09-06 20:50:00,Falco peregrinus,0.21433544580344932,13.931803977224206
2026-09-06 20:55:00,Falco peregrinus,0.12909576834346645,8.39122494232532
2026-09-06 21:00:00,Falco peregrinus,0.15945261294090857,10.364419841159057
2026-09-06 21:05:00,Falco peregrinus,0.12580390072542946,8.177253547152915
2026-09-06 21:10:00,Falco peregrinus,0.17411044700622003,11.317179055404301
2026-09-06 21:15:00,Falco peregrinus,0.1299196610495011,8.44477796821757
2026-09-06 21:20:00,Falco peregrinus,0.11917170161408311,7.746160604915402
2026-09-06 21:25:00,Falco peregrinus,0.17446661820442352,11.340330183287529
2026-09-06 21:30:00,Falco peregrinus,0.14121841363933751,9.179196886556939
2026-09-06 21:35:00,Falco peregrinus,0.14706584338986198,9.559279820341029
2026-09-06 21:40:00,Falco peregrinus,0.16375919102117883,10.644347416376624
2026-09-06 21:45:00,Falco peregrinus,0.13952928005605056,9.069403203643287
2026-09-06 21:50:00,Falco peregrinus,0.1245235821124818,8.094032837311318
2026-09-06 21:55:00,Falco peregrinus,0.1806148264083573,11.739963716543224
2026-09-06 22:00:00,Falco peregrinus,0.14385190550501994,9.350373857826296
2026-09-06 22:05:00,Falco peregrinus,0.10114991559151221,6.574744513448294
2026-09-06 22:10:00,Falco peregrinus,0.16218653947142003,10.542125065642303
2026-09-06 22:15:00,Falco peregrinus,0.1383762609291674,8.994456960395881
2026-09-06 22:20:00,Falco peregrinus,0.17752647074261296,11.539220598269843
2026-09-06 22:25:00,Falco peregrinus,0.9390356669407066,61.03731835114593
2026-09-06 22:30:00,Falco peregrinus,0.8844275856768035,57.487793068992225
2026-09-06 22:35:00,Falco peregrinus,0.12304968702101476,7.99822965636596
2026-09-06 22:40:00,Falco peregrinus,0.1601748705167388,10.411366583588022
2026-09-06 22:45:00,Falco peregrinus,0.22579388162658848,14.67660230572825
2026-09-06 22:50:00,Falco peregrinus,0.21171701634866635,13.761606062663313
2026-09-06 22:55:00,Falco peregrinus,0.10628079507849501,6.908251680102176
2026-09-06 23:00:00,Falco peregrinus,0.17268873914964047,11.22476804472663
2026-09-06 23:05:00,Falco peregrinus,0.17876516424158143,11.619735675702792
2026-09-06 23:10:00,Falco peregrinus,0.21326199717494426,13.862029816371377
2026-09-06 23:15:00,Falco peregrinus,0.0924623465119859,6.010052523279083
2026-09-06 23:20:00,Falco peregrinus,0.1769351101290554,11.500782158388601
2026-09-06 23:25:00,Falco peregrinus,0.21878025731064824,14.220716725192135
2026-09-06 23:30:00,Falco peregrinus,0.1940421104191227,12.612737177242975
2026-09-06 23:35:00,Falco peregrinus,0.19569757101882887,12.720342116223877
2026-09-06 23:40:00,Falco peregrinus,0.1602318616366781,10.415071006384077
2026-09-06 23:45:00,Falco peregrinus,0.19632882072026686,12.761373346817345
2026-09-06 23:50:00,Falco peregrinus,0.1372763207996594,8.92296085197786
2026-09-06 23:55:00,Falco peregrinus,0.1759753967997162,11.438400791981552
2026-09-07 00:00:00,Falco peregrinus,0.26367258491661394,17.138718019579905
2026-09-07 00:05:00,Falco peregrinus,0.18918161019726018,12.296804662821911
2026-09-07 00:10:00,Falco peregrinus,0.23203060636609807,15.081989413796375
2026-09-07 00:15:00,Falco peregrinus,0.2526444885225777,16.42189175396755
2026-09-07 00:20:00,Falco peregrinus,0.9612569238423518,62.48170004975287
2026-09-07 00:25:00,Falco peregrinus,0.24309948161641567,15.801466305067018
2026-09-07 00:30:00,Falco peregrinus,0.2691687376902301,17.495967949864955
2026-09-07 00:35:00,Falco peregrinus,0.2602676040582601,16.917394263786907
2026-09-07 00:40:00,Falco peregrinus,0.21103303708646112,13.717147410619972
2026-09-07 00:45:00,Falco peregrinus,0.21735798422056524,14.12826897433674
2026-09-07 00:50:00,Falco peregrinus,0.2135048391506224,13.877814544790457
2026-09-07 00:55:00,Falco peregrinus,0.25353522988043015,16.47978994222796
2026-09-07 01:00:00,Falco peregrinus,0.19967184427562484,12.978669877915614
2026-09-07 01:05:00,Falco peregrinus,0.22775157485510125,14.803852365581582
2026-09-07 01:10:00,Falco peregrinus,0.2634113299383849,17.12173644599502
2026-09-07 01:15:00,Falco peregrinus,0.21291861224394978,13.839709795856736
2026-09-07 01:20:00,Falco peregrinus,0.2848173692681604,18.51312900243043
2026-09-07 01:25:00,Falco peregrinus,0.30516096967365874,19.835463028787817
2026-09-07 01:30:00,Falco peregrinus,0.286801461083227,18.642094970409754
2026-09-07 01:35:00,Falco peregrinus,0.22227264133036326,14.447721686473612
2026-09-07 01:40:00,Falco peregrinus,0.23457247824783087,15.247211086109006
2026-09-07 01:45:00,Falco peregrinus,0.25289490850127244,16.438169052582708
2026-09-07 01:50:00,Falco peregrinus,0.2996733488859173,19.478767677584624
2026-09-07 01:55:00,Falco peregrinus,0.25958911374273946,16.873292393278064
2026-09-07 02:00:00,Falco peregrinus,0.20511651505065626,13.332573478292657
2026-09-07 02:05:00,Falco peregrinus,0.26804742314877195,17.423082504670177
2026-09-07 02:10:00,Falco peregrinus,0.21985842360849817,14.29079753455238
2026-09-07 02:15:00,Falco peregrinus,0.2539947967933914,16.50966179157044
2026-09-07 02:20:00,Falco peregrinus,0.24297610023252517,15.793446515114136
2026-09-07 02:25:00,Falco peregrinus,0.24310108098193106,15.80157026382552
2026-09-07 02:30:00,Falco peregrinus,1.0,65.0
2026-09-07 02:35:00,Falco peregrinus,0.2662513279927506,17.30633631952879
2026-09-07 02:40:00,Falco peregrinus,0.2411745066357726,15.67634293132522
2026-09-07 02:45:00,Falco peregrinus,0.28480704590847655,18.512457984050975
2026-09-07 02:50:00,Falco peregrinus,0.25432192193313374,16.530924925653693
2026-09-07 02:55:00,Falco peregrinus,0.27275778942603085,17.729256312692005
2026-09-07 03:00:00,Falco peregrinus,0.2460439546076038,15.992857049494248
2026-09-07 03:05:00,Falco peregrinus,0.25541953413041735,16.602269718477128
2026-09-07 03:10:00,Falco peregrinus,0.25531667387641765,16.595583801967148
2026-09-07 03:15:00,Falco peregrinus,0.2860208948454069,18.591358164951448
2026-09-07 03:20:00,Falco peregrinus,0.8894169031034066,57.81209870172143
2026-09-07 03:25:00,Falco peregrinus,0.2649521651026012,17.22189073166908
2026-09-07 03:30:00,Falco peregrinus,0.2848005967076082,18.512038785994534
2026-09-07 03:35:00,Falco peregrinus,0.197266388155199,12.822315230087936
2026-09-07 03:40:00,Falco peregrinus,0.2800302543067821,18.201966529940837
2026-09-07 03:45:00,Falco peregrinus,0.2941342462626661,19.118726007073295
2026-09-07 03:50:00,Falco peregrinus,0.3411904745926062,22.177380848519405
2026-09-07 03:55:00,Falco peregrinus,0.3076013066222829,19.994084930448388
2026-09-07 04:00:00,Falco peregrinus,0.2342848542280156,15.228515524821013
2026-09-07 04:05:00,Falco peregrinus,0.30058803423618863,19.53822222535226
2026-09-07 04:10:00,Falco peregrinus,0.2688183956390018,17.473195716535116
2026-09-07 04:15:00,Falco peregrinus,0.2879559488900296,18.717136677851926
2026-09-07 04:20:00,Falco peregrinus,0.29632193917410543,19.260926046316854
2026-09-07 04:25:00,Falco peregrinus,0.2956163275950425,19.215061293677763
2026-09-07 04:30:00,Falco peregrinus,0.2581630433933906,16.78059782057039
2026-09-07 04:35:00,Falco peregrinus,0.28412594047136563,18.468186130638767
2026-09-07 04:40:00,Falco peregrinus,0.2940625155865152,19.114063513123487
2026-09-07 04:45:00,Falco peregrinus,0.9203287576159238,59.82136924503505
2026-09-07 04:50:00,Falco peregrinus,0.3085741759084501,20.057321434049257
2026-09-07 04:55:00,Falco peregrinus,0.28349922778656833,18.42744980612694
2026-09-07 05:00:00,Falco peregrinus,0.32624002158055326,21.20560140273596
2026-09-07 05:05:00,Falco peregrinus,0.32569294971447776,21.170041731441053
2026-09-07 05:10:00,Falco peregrinus,0.28480948308664666,18.512616400632034
2026-09-07 05:15:00,Falco peregrinus,0.32850076559636604,21.352549763763793
2026-09-07 05:20:00,Falco peregrinus,0.2786160696043125,18.110044524280312
2026-09-07 05:25:00,Falco peregrinus,0.252446372904016,16.40901423876104
2026-09-07 05:30:00,Falco peregrinus,0.3272542015656222,21.271523101765442
2026-09-07 05:35:00,Falco peregrinus,0.3081700866575974,20.03105563274383
2026-09-07 05:40:00,Falco peregrinus,0.32442307920796165,21.087500148517506
2026-09-07 05:45:00,Falco peregrinus,0.3319085396621037,21.57405507803674
2026-09-07 05:50:00,Falco peregrinus,0.980050380754301,63.70327474902956
2026-09-07 05:55:00,Falco peregrinus,0.2755260454171252,17.909192952113138
2026-09-07 06:00:00,Falco peregrinus,0.2677696566235571,17.405027680531212
2026-09-07 06:05:00,Falco peregrinus,0.2913334517342526,18.93667436272642
2026-09-07 06:10:00,Falco peregrinus,0.35440074270531924,23.03604827584575
2026-09-07 06:15:00,Falco peregrinus,0.32883453530930357,21.374244795104733
2026-09-07 06:20:00,Falco peregrinus,0.27123341787935845,17.6301721621583
2026-09-07 06:25:00,Falco peregrinus,0.2654701587462017,17.25556031850311
2026-09-07 06:30:00,Falco peregrinus,0.300287077958071,19.518660067274617
2026-09-07 06:35:00,Falco peregrinus,0.25128522401795805,16.333539561167274
2026-09-07 06:40:00,Falco peregrinus,0.27373969443456597,17.79308013824679
2026-09-07 06:45:00,Falco peregrinus,0.2827581114649398,18.379277245221086
2026-09-07 06:50:00,Falco peregrinus,0.30277437236375865,19.68033420364431
2026-09-07 06:55:00,Falco peregrinus,0.27784131109620674,18.05968522125344
2026-09-07 07:00:00,Falco peregrinus,0.3474702436384748,22.585565836500862
2026-09-07 07:05:00,Falco peregrinus,0.27940012297770855,18.161007993551056
2026-09-07 07:10:00,Falco peregrinus,0.2508235937645048,16.303533594692812
2026-09-07 07:15:00,Falco peregrinus,0.31355074669292143,20.380798535039894
2026-09-07 07:20:00,Falco peregrinus,0.3012925752808229,19.58401739325349
2026-09-07 07:25:00,Falco peregrinus,0.2783706988975107,18.094095428338196
2026-09-07 07:30:00,Falco peregrinus,0.23068483307558604,14.994514149913092
2026-09-07 07:35:00,Falco peregrinus,0.2707054451516487,17.595853934857164
2026-09-07 07:40:00,Falco peregrinus,0.2598483446414197,16.89014240169228
2026-09-07 07:45:00,Falco peregrinus,0.3311334763706437,21.523675964091844
2026-09-07 07:50:00,Falco peregrinus,0.2934975610795797,19.07734147017268
2026-09-07 07:55:00,Falco peregrinus,0.30016134274291206,19.510487278289283
2026-09-07 08:00:00,Falco peregrinus,0.2768375662712734,17.99444180763277
2026-09-07 08:05:00,Falco peregrinus,0.25326974523060647,16.46253343998942
2026-09-07 08:10:00,Falco peregrinus,0.28614790594081474,18.59961388615296
2026-09-07 08:15:00,Falco peregrinus,0.27796687278471116,18.067846731006224
2026-09-07 08:20:00,Falco peregrinus,0.27199983964149427,17.67998957669713
2026-09-07 08:25:00,Falco peregrinus,0.273281240707339,17.763280645977034
2026-09-07 08:30:00,Falco peregrinus,0.3306138138501316,21.489897900258555
2026-09-07 08:35:00,Falco peregrinus,0.31582835630085854,20.528843159555805
2026-09-07 08:40:00,Falco peregrinus,0.2760691561470203,17.94449514955632
2026-09-07 08:45:00,Falco peregrinus,0.23793495409146442,15.465772015945188
2026-09-07 08:50:00,Falco peregrinus,0.3036062173800354,19.734404129702302
2026-09-07 08:55:00,Falco peregrinus,0.30754059771485887,19.990138851465826
2026-09-07 09:00:00,Falco peregrinus,0.2851897567064214,18.53733418591739
2026-09-07 09:05:00,Falco peregrinus,0.29005854629302635,18.853805509046712
2026-09-07 09:10:00,Falco peregrinus,0.3047063660067942,19.805913790441622
2026-09-07 09:15:00,Falco peregrinus,0.29460229253916087,19.149149015045456
2026-09-07 09:20:00,Falco peregrinus,0.20721331068764562,13.468865194696965
2026-09-07 09:25:00,Falco peregrinus,0.22771227566695754,14.80129791835224
2026-09-07 09:30:00,Falco peregrinus,0.3030657581695221,19.699274281018937
2026-09-07 09:35:00,Falco peregrinus,0.23126584899493804,15.032280184670974
2026-09-07 09:40:00,Falco peregrinus,1.0,65.0
2026-09-07 09:45:00,Falco peregrinus,0.23718012335716282,15.416708018215584
2026-09-07 09:50:00,Falco peregrinus,0.2740714549224537,17.81464456995949
2026-09-07 09:55:00,Falco peregrinus,0.21811624451128478,14.17755589323351
2026-09-07 10:00:00,Falco peregrinus,1.0,65.0
2026-09-07 10:05:00,Falco peregrinus,0.2132733847553674,13.862770009098881
2026-09-07 10:10:00,Falco peregrinus,0.20828286556862105,13.538386261960369
2026-09-07 10:15:00,Falco peregrinus,0.2820329744497753,18.332143339235397
2026-09-07 10:20:00,Falco peregrinus,0.22904347159598681,14.887825653739142
2026-09-07 10:25:00,Falco peregrinus,0.2920353148344557,18.982295464239623
2026-09-07 10:30:00,Falco peregrinus,0.21728888069838614,14.1237772453951
2026-09-07 10:35:00,Falco peregrinus,0.22775019440081873,14.803762636053218
2026-09-07 10:40:00,Falco peregrinus,0.22051318283295593,14.333356884142136
2026-09-07 10:45:00,Falco peregrinus,0.23096445393931367,15.012689506055388
2026-09-07 10:50:00,Falco peregrinus,0.2384128467204298,15.496835036827937
2026-09-07 10:55:00,Falco peregrinus,0.21687820450698472,14.097083292954007
2026-09-07 11:00:00,Falco peregrinus,0.23566316305254606,15.318105598415494
2026-09-07 11:05:00,Falco peregrinus,0.22178018159689605,14.415711803798244
2026-09-07 11:10:00,Falco peregrinus,0.2580590543744613,16.773838534339983
2026-09-07 11:15:00,Falco peregrinus,0.21907565373568152,14.239917492819298
2026-09-07 11:20:00,Falco peregrinus,0.23728068160248642,15.423244304161617
2026-09-07 11:25:00,Falco peregrinus,0.25371665961995676,16.49158287529719
2026-09-07 11:30:00,Falco peregrinus,0.19452675339466466,12.644238970653204
2026-09-07 11:35:00,Falco peregrinus,0.19159631038456457,12.453760174996697
2026-09-07 11:40:00,Falco peregrinus,0.2373718633984343,15.42917112089823
2026-09-07 11:45:00,Falco peregrinus,0.21867418764891935,14.213822197179757
2026-09-07 11:50:00,Falco peregrinus,0.8172129436014165,53.118841334092075
2026-09-07 11:55:00,Falco peregrinus,0.20895473737968753,13.58205792967969
2026-09-07 12:00:00,Falco peregrinus,0.18339762596870732,11.920845687965976
2026-09-07 12:05:00,Falco peregrinus,0.20127979483953742,13.083186664569933
2026-09-07 12:10:00,Falco peregrinus,0.1590778609409014,10.34006096115859
2026-09-07 12:15:00,Falco peregrinus,0.2373368600510289,15.426895903316877
2026-09-07 12:20:00,Falco peregrinus,0.2672652613245782,17.37224198609758
2026-09-07 12:25:00,Falco peregrinus,0.20553367725103094,13.359689021317012
2026-09-07 12:30:00,Falco peregrinus,0.2355367658808999,15.309889782258493
2026-09-07 12:35:00,Falco peregrinus,0.1211016630627255,7.871608099077157
2026-09-07 12:40:00,Falco peregrinus,0.190382159998795,12.374840399921673
2026-09-07 12:45:00,Falco peregrinus,0.23250871922445612,15.113066749589647
2026-09-07 12:50:00,Falco peregrinus,0.17583764520263107,11.429446938171019
2026-09-07 12:55:00,Falco peregrinus,0.18724660053565975,12.171029034817884
2026-09-07 13:00:00,Falco peregrinus,0.167751148585841,10.903824658079666
2026-09-07 13:05:00,Falco peregrinus,0.11149663073228777,7.247280997598705
2026-09-07 13:10:00,Falco peregrinus,0.1527462673896115,9.928507380324747
2026-09-07 13:15:00,Falco peregrinus,0.1583952419854827,10.295690729056375
2026-09-07 13:20:00,Falco peregrinus,0.18082047679423907,11.753330991625539
2026-09-07 13:25:00,Falco peregrinus,0.15026253357074307,9.7670646820983
2026-09-07 13:30:00,Falco peregrinus,0.16254658954888018,10.565528320677211
2026-09-07 13:35:00,Falco peregrinus,0.12041786756373413,7.8271613916427185
2026-09-07 13:40:00,Falco peregrinus,0.17076057528338343,11.099437393419922
2026-09-07 13:45:00,Falco peregrinus,0.16635968854207567,10.813379755234918
2026-09-07 13:50:00,Falco peregrinus,0.06944380436509735,4.513847283731328
2026-09-07 13:55:00,Falco peregrinus,0.13337259081172817,8.669218402762331
2026-09-07 14:00:00,Falco peregrinus,0.12093931371743605,7.861055391633343
2026-09-07 14:05:00,Falco peregrinus,0.14431474954728235,9.380458720573353
2026-09-07 14:10:00,Falco peregrinus,0.12986967888181916,8.441529127318246
2026-09-07 14:15:00,Falco peregrinus,0.13551584990055293,8.808530243535941
2026-09-07 14:20:00,Falco peregrinus,0.168620329841693,10.960321439710045
2026-09-07 14:25:00,Falco peregrinus,0.11918050687657963,7.7467329469776764
2026-09-07 14:30:00,Falco peregrinus,0.1995319874783104,12.969579186090177
2026-09-07 14:35:00,Falco peregrinus,0.17687337714879786,11.496769514671861
2026-09-07 14:40:00,Falco peregrinus,0.1180129313721617,7.670840539190511
2026-09-07 14:45:00,Falco peregrinus,0.1538555411455268,10.000610174459242
2026-09-07 14:50:00,Falco peregrinus,0.13487886649745065,8.767126322334292
2026-09-07 14:55:00,Falco peregrinus,0.06351129334831508,4.128234067640481
2026-09-07 15:00:00,Falco peregrinus,0.114455079677663,7.439580179048095
2026-09-07 15:05:00,Falco peregrinus,0.10176356121047148,6.614631478680646
2026-09-07 15:10:00,Falco peregrinus,0.14126187267320012,9.182021723758007
2026-09-07 15:15:00,Falco peregrinus,0.10675880403680219,6.9393222623921424
2026-09-07 15:20:00,Falco peregrinus,0.16889496132433082,10.978172486081503
2026-09-07 15:25:00,Falco peregrinus,0.1425402746527879,9.265117852431214
2026-09-07 15:30:00,Falco peregrinus,0.136468801775116,8.87047211538254
2026-09-07 15:35:00,Falco peregrinus,0.12074820939567281,7.848633610718733
2026-09-07 15:40:00,Falco peregrinus,0.12046791766288072,7.830414648087246
2026-09-07 15:45:00,Falco peregrinus,0.07775377670235639,5.053995485653165
2026-09-07 15:50:00,Falco peregrinus,0.10834737250982064,7.042579213138342
2026-09-07 15:55:00,Falco peregrinus,0.11831245109882209,7.6903093214234355
2026-09-07 16:00:00,Falco peregrinus,0.10394514800936838,6.756434620608945
2026-09-07 16:05:00,Falco peregrinus,0.849807195990465,55.23746773938022
2026-09-07 16:10:00,Falco peregrinus,0.1817453180893728,11.813445675809232
2026-09-07 16:15:00,Falco peregrinus,0.14004406556537302,9.102864261749247
2026-09-07 16:20:00,Falco peregrinus,0.11138591334386609,7.240084367351296
2026-09-07 16:25:00,Falco peregrinus,0.07835799571779885,5.093269721656925
2026-09-07 16:30:00,Falco peregrinus,0.10267122892536397,6.673629880148658
2026-09-07 16:35:00,Falco peregrinus,0.12827645568370014,8.337969619440509
2026-09-07 16:40:00,Falco peregrinus,0.16915316051119583,10.994955433227728
2026-09-07 16:45:00,Falco peregrinus,0.1265327989218803,8.22463192992222
2026-09-07 16:50:00,Falco peregrinus,0.10787866436472057,7.012113183706838
2026-09-07 16:55:00,Falco peregrinus,0.12131468549919588,7.885454557447733
2026-09-07 17:00:00,Falco peregrinus,0.06610439323720127,4.2967855604180825
2026-09-07 17:05:00,Falco peregrinus,0.053109601339867446,3.452124087091384
2026-09-07 17:10:00,Falco peregrinus,0.10874105961083134,7.068168874704037
2026-09-07 17:15:00,Falco peregrinus,0.0593695089670014,3.8590180828550906
2026-09-07 17:20:00,Falco peregrinus,0.13083053293256808,8.503984640616926
2026-09-07 17:25:00,Falco peregrinus,0.08143327413591067,5.293162818834194
2026-09-07 17:30:00,Falco peregrinus,0.15650825558465808,10.173036613002775
2026-09-07 17:35:00,Falco peregrinus,0.07378055722293902,4.795736219491037
2026-09-07 17:40:00,Falco peregrinus,0.054496916144294964,3.5422995493791727
2026-09-07 17:45:00,Falco peregrinus,0.10728199952306851,6.973329968999453
2026-09-07 17:50:00,Falco peregrinus,0.09595082076361648,6.236803349635071
2026-09-07 17:55:00,Falco peregrinus,0.682225188578347,44.34463725759256
2026-09-07 18:00:00,Falco peregrinus,0.07582453070526268,4.928594495842074
2026-09-07 18:05:00,Falco peregrinus,0.06753046007566033,4.389479904917922
2026-09-07 18:10:00,Falco peregrinus,0.13697726507993455,8.903522230195746
2026-09-07 18:15:00,Falco peregrinus,0.06215997406383551,4.040398314149308
2026-09-07 18:20:00,Falco peregrinus,0.11508662534616645,7.48063064750082
2026-09-07 18:25:00,Falco peregrinus,0.07654134376526273,4.975187344742078
2026-09-07 18:30:00,Falco peregrinus,0.1361103123567774,8.84717030319053
2026-09-07 18:35:00,Falco peregrinus,0.11031505461483024,7.170478549963965
2026-09-07 18:40:00,Falco peregrinus,0.13958777946472076,9.07320566520685
2026-09-07 18:45:00,Falco peregrinus,0.12095560859180714,7.862114558467464
2026-09-07 18:50:00,Falco peregrinus,0.051977232800440774,3.37852013202865
2026-09-07 18:55:00,Falco peregrinus,0.05221165357106211,3.393757482119037
2026-09-07 19:00:00,Falco peregrinus,0.07623273321188544,4.955127658772553
2026-09-07 19:05:00,Falco peregrinus,0.08958550734741136,5.823057977581739
2026-09-07 19:10:00,Falco peregrinus,0.10237689936552215,6.6544984587589395
2026-09-07 19:15:00,Falco peregrinus,0.15337181724153862,9.96916812070001
2026-09-07 19:20:00,Falco peregrinus,0.15975922586610225,10.384349681296646
2026-09-07 19:25:00,Falco peregrinus,0.08019616975919414,5.212751034347619
2026-09-07 19:30:00,Falco peregrinus,0.10929997513414032,7.104498383719121
2026-09-07 19:35:00,Falco peregrinus,0.10654374803996335,6.925343622597618
2026-09-07 19:40:00,Falco peregrinus,0.12267608761270068,7.973945694825544
2026-09-07 19:45:00,Falco peregrinus,0.06971357508944825,4.5313823808141365
2026-09-07 19:50:00,Falco peregrinus,0.09312782304564071,6.053308497966646
2026-09-07 19:55:00,Falco peregrinus,0.07501281170870978,4.875832761066136
2026-09-07 20:00:00,Falco peregrinus,0.06816150359015824,4.430497733360285
2026-09-07 20:05:00,Falco peregrinus,0.08424495012202084,5.475921757931355
2026-09-07 20:10:00,Falco peregrinus,0.7696428088759776,50.026782576938544
2026-09-07 20:15:00,Falco peregrinus,0.09069031586985359,5.894870531540483
2026-09-07 20:20:00,Falco peregrinus,0.10104841332067009,6.568146865843556
2026-09-07 20:25:00,Falco peregrinus,0.09472554043809321,6.157160128476058
2026-09-07 20:30:00,Falco peregrinus,0.877203862001181,57.01825103007676
2026-09-07 20:35:00,Falco peregrinus,0.13285167407133763,8.635358814636946
2026-09-07 20:40:00,Falco peregrinus,0.10452880522071674,6.794372339346588
2026-09-07 20:45:00,Falco peregrinus,0.12211439622877729,7.937435754870524
2026-09-07 20:50:00,Falco peregrinus,0.13514470416752727,8.784405770889272
2026-09-07 20:55:00,Falco peregrinus,0.11584042043976406,7.529627328584664
2026-09-07 21:00:00,Falco peregrinus,0.1433436444377152,9.317336888451488
2026-09-07 21:05:00,Falco peregrinus,0.14391343796003853,9.354373467402505
2026-09-07 21:10:00,Falco peregrinus,0.15343070617186588,9.972995901171283
2026-09-07 21:15:00,Falco peregrinus,0.11939443612195869,7.760638347927315
2026-09-07 21:20:00,Falco peregrinus,0.12114267076514675,7.874273599734538
2026-09-07 21:25:00,Falco peregrinus,0.18853022412104709,12.25446456786806
2026-09-07 21:30:00,Falco peregrinus,0.09823702094356104,6.3854063613314676
2026-09-07 21:35:00,Falco peregrinus,0.162336390841089,10.551865404670785
2026-09-07 21:40:00,Falco peregrinus,0.16392665999406997,10.655232899614548
2026-09-07 21:45:00,Falco peregrinus,0.15716396852990178,10.215657954443616
2026-09-07 21:50:00,Falco peregrinus,0.10819781868129114,7.032858214283924
2026-09-07 21:55:00,Falco peregrinus,0.8982422986462087,58.38574941200357
2026-09-07 22:00:00,Falco peregrinus,0.12708433783106043,8.260481959018929
2026-09-07 22:05:00,Falco peregrinus,0.16051230527046767,10.433299842580398
2026-09-07 22:10:00,Falco peregrinus,0.1351570032564523,8.7852052116694
2026-09-07 22:15:00,Falco peregrinus,0.1280918723809598,8.325971704762386
2026-09-07 22:20:00,Falco peregrinus,0.13547084807991513,8.805605125194484
2026-09-07 22:25:00,Falco peregrinus,0.1684320358400532,10.948082329603459
2026-09-07 22:30:00,Falco peregrinus,0.19340794810745132,12.571516626984335
2026-09-07 22:35:00,Falco peregrinus,0.1732006420675859,11.258041734393084
2026-09-07 22:40:00,Falco peregrinus,0.14755870944805033,9.591316114123272
2026-09-07 22:45:00,Falco peregrinus,0.15577422381649222,10.125324548071994
2026-09-07 22:50:00,Falco peregrinus,0.1581188127143747,10.277722826434355
2026-09-07 22:55:00,Falco peregrinus,0.15450043658766616,10.0425283781983
2026-09-07 23:00:00,Falco peregrinus,0.8127241590313734,52.827070337039274
2026-09-07 23:05:00,Falco peregrinus,0.22233003626820932,14.451452357433606
2026-09-07 23:10:00,Falco peregrinus,0.17083274024465678,11.104128115902691
2026-09-07 23:15:00,Falco peregrinus,0.17067468209430212,11.093854336129638
2026-09-07 23:20:00,Falco peregrinus,0.23387630293250178,15.201959690612616
2026-09-07 23:25:00,Falco peregrinus,0.2018345443866457,13.11924538513197
2026-09-07 23:30:00,Falco peregrinus,0.1898096298611639,12.337625940975654
2026-09-07 23:35:00,Falco peregrinus,0.25338011691439843,16.4697075994359
2026-09-07 23:40:00,Falco peregrinus,0.14424362487510003,9.375835616881503
2026-09-07 23:45:00,Falco peregrinus,0.21290862426813528,13.839060577428793
2026-09-07 23:50:00,Falco peregrinus,0.16457683738659068,10.697494430128394
2026-09-07 23:55:00,Falco peregrinus,0.21914795516861352,14.244617085959879
