timestamp,individual_taxon_canonical_name,activity_index,ground_speed_ms
2026-09-01 00:00:00,Pan troglodytes,0.00439730459862974,0.015390566095204089
2026-09-01 00:05:00,Pan troglodytes,0.15470313500355448,0.5414609725124406
2026-09-01 00:10:00,Pan troglodytes,0.0,0.0
2026-09-01 00:15:00,Pan troglodytes,0.07425268203529924,0.25988438712354733
2026-09-01 00:20:00,Pan troglodytes,0.19465385168885965,0.6812884809110088
2026-09-01 00:25:00,Pan troglodytes,0.0,0.0
2026-09-01 00:30:00,Pan troglodytes,0.0,0.0
2026-09-01 00:35:00,Pan troglodytes,0.15056673611640198,0.5269835764074069
2026-09-01 00:40:00,Pan troglodytes,0.0,0.0
2026-09-01 00:45:00,Pan troglodytes,0.0,0.0
2026-09-01 00:50:00,Pan troglodytes,0.20067737257644508,0.7023708040175578
2026-09-01 00:55:00,Pan troglodytes,0.0,0.0
2026-09-01 01:00:00,Pan troglodytes,0.00939022935762048,0.03286580275167168
2026-09-01 01:05:00,Pan troglodytes,0.18693895886669554,0.6542863560334344
2026-09-01 01:10:00,Pan troglodytes,0.0,0.0
2026-09-01 01:15:00,Pan troglodytes,0.014762777878260223,0.05166972257391078
2026-09-01 01:20:00,Pan troglodytes,0.14912936600153048,0.5219527810053567
2026-09-01 01:25:00,Pan troglodytes,0.0,0.0
2026-09-01 01:30:00,Pan troglodytes,0.09605949993445183,0.3362082497705814
2026-09-01 01:35:00,Pan troglodytes,0.23880478537761407,0.8358167488216492
2026-09-01 01:40:00,Pan troglodytes,0.0,0.0
2026-09-01 01:45:00,Pan troglodytes,0.0,0.0
2026-09-01 01:50:00,Pan troglodytes,0.2025004995391847,0.7087517483871464
2026-09-01 01:55:00,Pan troglodytes,0.0,0.0
2026-09-01 02:00:00,Pan troglodytes,0.0337134530600919,0.11799708571032165
2026-09-01 02:05:00,Pan troglodytes,0.24517664074738754,0.8581182426158565
2026-09-01 02:10:00,Pan troglodytes,0.0,0.0
2026-09-01 02:15:00,Pan troglodytes,0.11470654082277988,0.4014728928797296
2026-09-01 02:20:00,Pan troglodytes,0.26264254205694754,0.9192488971993164
2026-09-01 02:25:00,Pan troglodytes,0.0,0.0
2026-09-01 02:30:00,Pan troglodytes,0.14145076719636052,0.4950776851872618
2026-09-01 02:35:00,Pan troglodytes,0.19581376508800305,0.6853481778080107
2026-09-01 02:40:00,Pan troglodytes,0.0,0.0
2026-09-01 02:45:00,Pan troglodytes,0.11162548560072358,0.3906891996025325
2026-09-01 02:50:00,Pan troglodytes,0.33391769087437784,1.1687119180603225
2026-09-01 02:55:00,Pan troglodytes,0.0,0.0
2026-09-01 03:00:00,Pan troglodytes,0.1320759340920691,0.4622657693222419
2026-09-01 03:05:00,Pan troglodytes,0.2130372063297532,0.7456302221541362
2026-09-01 03:10:00,Pan troglodytes,0.0,0.0
2026-09-01 03:15:00,Pan troglodytes,0.11450827261616559,0.40077895415657955
2026-09-01 03:20:00,Pan troglodytes,0.29844894589762294,1.0445713106416803
2026-09-01 03:25:00,Pan troglodytes,0.0,0.0
2026-09-01 03:30:00,Pan troglodytes,0.1998155261438084,0.6993543415033294
2026-09-01 03:35:00,Pan troglodytes,0.2571893835060209,0.9001628422710731
2026-09-01 03:40:00,Pan troglodytes,0.06106820291260927,0.21373871019413243
2026-09-01 03:45:00,Pan troglodytes,0.24698548850651109,0.8644492097727888
2026-09-01 03:50:00,Pan troglodytes,0.3769577376531739,1.3193520817861086
2026-09-01 03:55:00,Pan troglodytes,0.0,0.0
2026-09-01 04:00:00,Pan troglodytes,0.16312149677118046,0.5709252386991316
2026-09-01 04:05:00,Pan troglodytes,0.39188438383827573,1.371595343433965
2026-09-01 04:10:00,Pan troglodytes,0.08732614012989454,0.30564149045463085
2026-09-01 04:15:00,Pan troglodytes,0.2906157616371022,1.0171551657298576
2026-09-01 04:20:00,Pan troglodytes,0.3742377811764973,1.3098322341177406
2026-09-01 04:25:00,Pan troglodytes,0.04465517874613153,0.15629312561146036
2026-09-01 04:30:00,Pan troglodytes,0.32931502396733736,1.1526025838856808
2026-09-01 04:35:00,Pan troglodytes,0.4956151383550002,1.7346529842425007
2026-09-01 04:40:00,Pan troglodytes,0.13343503001154874,0.4670226050404206
2026-09-01 04:45:00,Pan troglodytes,0.3113393113747665,1.0896875898116827
2026-09-01 04:50:00,Pan troglodytes,0.43056401522048504,1.5069740532716978
2026-09-01 04:55:00,Pan troglodytes,0.10863373980466388,0.3802180893163236
2026-09-01 05:00:00,Pan troglodytes,0.38994231461922896,1.3647981011673014
2026-09-01 05:05:00,Pan troglodytes,0.4879794423080301,1.7079280480781054
2026-09-01 05:10:00,Pan troglodytes,0.06074119230438236,0.21259417306533826
2026-09-01 05:15:00,Pan troglodytes,0.4204718518021705,1.4716514813075967
2026-09-01 05:20:00,Pan troglodytes,0.4616626853702454,1.615819398795859
2026-09-01 05:25:00,Pan troglodytes,0.06462640387239048,0.22619241355336667
2026-09-01 05:30:00,Pan troglodytes,0.40833523175546765,1.4291733111441367
2026-09-01 05:35:00,Pan troglodytes,0.4938269534837672,1.7283943371931851
2026-09-01 05:40:00,Pan troglodytes,0.15038102820624577,0.5263335987218603
2026-09-01 05:45:00,Pan troglodytes,0.4257049909481867,1.4899674683186535
2026-09-01 05:50:00,Pan troglodytes,0.5471201012978275,1.9149203545423963
2026-09-01 05:55:00,Pan troglodytes,0.15457894950844098,0.5410263232795434
2026-09-01 06:00:00,Pan troglodytes,0.40910332351400114,1.4318616322990039
2026-09-01 06:05:00,Pan troglodytes,0.4254929097123859,1.4892251839933506
2026-09-01 06:10:00,Pan troglodytes,0.33575815724795866,1.1751535503678552
2026-09-01 06:15:00,Pan troglodytes,0.5122976528223018,1.7930417848780562
2026-09-01 06:20:00,Pan troglodytes,0.6051202074288891,2.1179207260011115
2026-09-01 06:25:00,Pan troglodytes,0.2749929438160561,0.9624753033561964
2026-09-01 06:30:00,Pan troglodytes,0.5621752958612808,1.9676135355144828
2026-09-01 06:35:00,Pan troglodytes,0.4867035179648649,1.703462312877027
2026-09-01 06:40:00,Pan troglodytes,0.2697613405824556,0.9441646920385947
2026-09-01 06:45:00,Pan troglodytes,0.4710622757246461,1.6487179650362613
2026-09-01 06:50:00,Pan troglodytes,0.532857269713831,1.8650004439984085
2026-09-01 06:55:00,Pan troglodytes,0.3358665741675824,1.1755330095865384
2026-09-01 07:00:00,Pan troglodytes,0.5576798603925165,1.9518795113738077
2026-09-01 07:05:00,Pan troglodytes,0.6200624338255851,2.170218518389548
2026-09-01 07:10:00,Pan troglodytes,0.36076644351967246,1.2626825523188536
2026-09-01 07:15:00,Pan troglodytes,0.5523727667170719,1.9333046835097516
2026-09-01 07:20:00,Pan troglodytes,0.6970165271585603,2.4395578450549613
2026-09-01 07:25:00,Pan troglodytes,0.3412192516895203,1.1942673809133209
2026-09-01 07:30:00,Pan troglodytes,0.5603461833965908,1.9612116418880678
2026-09-01 07:35:00,Pan troglodytes,0.7721352141615986,2.702473249565595
2026-09-01 07:40:00,Pan troglodytes,0.43159759015853105,1.5105915655548587
2026-09-01 07:45:00,Pan troglodytes,0.6197005657022048,2.1689519799577166
2026-09-01 07:50:00,Pan troglodytes,0.6754871314453839,2.3642049600588435
2026-09-01 07:55:00,Pan troglodytes,0.4274229124989221,1.4959801937462274
2026-09-01 08:00:00,Pan troglodytes,0.6707271319759827,2.3475449619159394
2026-09-01 08:05:00,Pan troglodytes,0.6335355133089549,2.217374296581342
2026-09-01 08:10:00,Pan troglodytes,0.33833928722978024,1.1841875053042308
2026-09-01 08:15:00,Pan troglodytes,0.7387284158209979,2.5855494553734926
2026-09-01 08:20:00,Pan troglodytes,0.6947465029848559,2.4316127604469955
2026-09-01 08:25:00,Pan troglodytes,0.4804826698255021,1.6816893443892573
2026-09-01 08:30:00,Pan troglodytes,0.7198547027688162,2.519491459690857
2026-09-01 08:35:00,Pan troglodytes,0.6973642254543058,2.44077478909007
2026-09-01 08:40:00,Pan troglodytes,0.37869597616694645,1.3254359165843126
2026-09-01 08:45:00,Pan troglodytes,0.7098128241730618,2.4843448846057163
2026-09-01 08:50:00,Pan troglodytes,0.8211532425804383,2.874036349031534
2026-09-01 08:55:00,Pan troglodytes,0.4997402846721746,1.749090996352611
2026-09-01 09:00:00,Pan troglodytes,0.8554806138154889,2.994182148354211
2026-09-01 09:05:00,Pan troglodytes,0.7927702812779295,2.774695984472753
2026-09-01 09:10:00,Pan troglodytes,0.6228058504315724,2.1798204765105034
2026-09-01 09:15:00,Pan troglodytes,0.8250652457999599,2.8877283602998594
2026-09-01 09:20:00,Pan troglodytes,0.7743821610264922,2.7103375635927227
2026-09-01 09:25:00,Pan troglodytes,0.4940894882923355,1.7293132090231742
2026-09-01 09:30:00,Pan troglodytes,0.8120530747599252,2.842185761659738
2026-09-01 09:35:00,Pan troglodytes,0.8684387166686978,3.039535508340442
2026-09-01 09:40:00,Pan troglodytes,0.5725246625764722,2.0038363190176525
2026-09-01 09:45:00,Pan troglodytes,0.8407166248731568,2.942508187056049
2026-09-01 09:50:00,Pan troglodytes,0.8238950343394145,2.8836326201879507
2026-09-01 09:55:00,Pan troglodytes,0.587191085656884,2.055168799799094
2026-09-01 10:00:00,Pan troglodytes,0.8147195217148795,2.851518326002078
2026-09-01 10:05:00,Pan troglodytes,0.7391423081066258,2.5869980783731905
2026-09-01 10:10:00,Pan troglodytes,0.5749571160636426,2.0123499062227492
2026-09-01 10:15:00,Pan troglodytes,0.8379711815423869,2.9328991353983542
2026-09-01 10:20:00,Pan troglodytes,0.8271140933142291,2.894899326599802
2026-09-01 10:25:00,Pan troglodytes,0.5880000244279288,2.0580000854977505
2026-09-01 10:30:00,Pan troglodytes,0.9238117523804028,3.2333411333314097
2026-09-01 10:35:00,Pan troglodytes,0.8606961273052102,3.0124364455682358
2026-09-01 10:40:00,Pan troglodytes,0.5865420143879541,2.0528970503578394
2026-09-01 10:45:00,Pan troglodytes,0.8844316959371975,3.095510935780191
2026-09-01 10:50:00,Pan troglodytes,0.8370291804889322,2.9296021317112624
2026-09-01 10:55:00,Pan troglodytes,0.48854219848067876,1.7098976946823756
2026-09-01 11:00:00,Pan troglodytes,0.90364192571045,3.162746739986575
2026-09-01 11:05:00,Pan troglodytes,1.0,3.5
2026-09-01 11:10:00,Pan troglodytes,0.6463903360700749,2.262366176245262
2026-09-01 11:15:00,Pan troglodytes,0.9546131072264417,3.341145875292546
2026-09-01 11:20:00,Pan troglodytes,0.868557960958188,3.0399528633536583
2026-09-01 11:25:00,Pan troglodytes,0.6208658151932474,2.1730303531763657
2026-09-01 11:30:00,Pan troglodytes,0.8445234996920745,2.9558322489222606
2026-09-01 11:35:00,Pan troglodytes,0.8306355818514447,2.9072245364800566
2026-09-01 11:40:00,Pan troglodytes,0.49466191454876324,1.7313167009206714
2026-09-01 11:45:00,Pan troglodytes,0.8891507971768583,3.112027790119004
2026-09-01 11:50:00,Pan troglodytes,0.7710633913394491,2.6987218696880717
2026-09-01 11:55:00,Pan troglodytes,0.6673641872710132,2.3357746554485463
2026-09-01 12:00:00,Pan troglodytes,0.8450083996615195,2.957529398815318
2026-09-01 12:05:00,Pan troglodytes,0.8294627256750885,2.90311953986281
2026-09-01 12:10:00,Pan troglodytes,0.5922595593078026,2.0729084575773093
2026-09-01 12:15:00,Pan troglodytes,0.9122404894938547,3.1928417132284914
2026-09-01 12:20:00,Pan troglodytes,0.8336785634203165,2.917874971971108
2026-09-01 12:25:00,Pan troglodytes,0.6010715425752895,2.103750399013513
2026-09-01 12:30:00,Pan troglodytes,0.9329375433338926,3.265281401668624
2026-09-01 12:35:00,Pan troglodytes,0.9625955276680749,3.369084346838262
2026-09-01 12:40:00,Pan troglodytes,0.5400849174478116,1.8902972110673406
2026-09-01 12:45:00,Pan troglodytes,0.8622593691082603,3.017907791878911
2026-09-01 12:50:00,Pan troglodytes,0.938873314837875,3.2860566019325623
2026-09-01 12:55:00,Pan troglodytes,0.53534779903451,1.8737172966207851
2026-09-01 13:00:00,Pan troglodytes,0.8849546886010771,3.0973414101037697
2026-09-01 13:05:00,Pan troglodytes,0.8314430516372892,2.910050680730512
2026-09-01 13:10:00,Pan troglodytes,0.5943730501697022,2.0803056755939577
2026-09-01 13:15:00,Pan troglodytes,0.889407420760874,3.112925972663059
2026-09-01 13:20:00,Pan troglodytes,0.7739223999366944,2.7087283997784306
2026-09-01 13:25:00,Pan troglodytes,0.5347983375928178,1.8717941815748622
2026-09-01 13:30:00,Pan troglodytes,0.999673253650541,3.4988563877768937
2026-09-01 13:35:00,Pan troglodytes,0.8582581755864858,3.0039036145527
2026-09-01 13:40:00,Pan troglodytes,0.4767830882452787,1.6687408088584754
2026-09-01 13:45:00,Pan troglodytes,0.9639441440869462,3.3738045043043114
2026-09-01 13:50:00,Pan troglodytes,0.8660564488213359,3.0311975708746757
2026-09-01 13:55:00,Pan troglodytes,0.5399980123175602,1.8899930431114607
2026-09-01 14:00:00,Pan troglodytes,0.8764698824910231,3.067644588718581
2026-09-01 14:05:00,Pan troglodytes,0.7888899505220353,2.7611148268271233
2026-09-01 14:10:00,Pan troglodytes,0.4723166730167343,1.6531083555585702
2026-09-01 14:15:00,Pan troglodytes,0.8519546222501163,2.981841177875407
2026-09-01 14:20:00,Pan troglodytes,0.8074446331399447,2.826056215989807
2026-09-01 14:25:00,Pan troglodytes,0.6580978889195048,2.303342611218267
2026-09-01 14:30:00,Pan troglodytes,0.8467992708514575,2.963797447980101
2026-09-01 14:35:00,Pan troglodytes,0.8382522761348987,2.9338829664721455
2026-09-01 14:40:00,Pan troglodytes,0.5276503399604823,1.846776189861688
2026-09-01 14:45:00,Pan troglodytes,0.8345119241054179,2.9207917343689624
2026-09-01 14:50:00,Pan troglodytes,0.8156114483153601,2.8546400691037603
2026-09-01 14:55:00,Pan troglodytes,0.40003315680231666,1.4001160488081084
2026-09-01 15:00:00,Pan troglodytes,0.8421724481048778,2.9476035683670725
2026-09-01 15:05:00,Pan troglodytes,0.8156358529663749,2.854725485382312
2026-09-01 15:10:00,Pan troglodytes,0.4202151054010428,1.4707528689036498
2026-09-01 15:15:00,Pan troglodytes,0.8954265519287329,3.1339929317505653
2026-09-01 15:20:00,Pan troglodytes,0.703146971619239,2.4610144006673367
2026-09-01 15:25:00,Pan troglodytes,0.4842870852184094,1.695004798264433
2026-09-01 15:30:00,Pan troglodytes,0.8167250981371117,2.858537843479891
2026-09-01 15:35:00,Pan troglodytes,0.603644057898883,2.1127542026460904
2026-09-01 15:40:00,Pan troglodytes,0.39197548486676953,1.3719141970336934
2026-09-01 15:45:00,Pan troglodytes,0.8181231863148245,2.8634311521018856
2026-09-01 15:50:00,Pan troglodytes,0.6304203738039669,2.2064713083138843
2026-09-01 15:55:00,Pan troglodytes,0.4203687457529224,1.4712906101352283
2026-09-01 16:00:00,Pan troglodytes,0.7703194915629706,2.6961182204703973
2026-09-01 16:05:00,Pan troglodytes,0.6366449914331879,2.2282574700161577
2026-09-01 16:10:00,Pan troglodytes,0.3962108357977918,1.3867379252922714
2026-09-01 16:15:00,Pan troglodytes,0.6898310934585725,2.414408827105004
2026-09-01 16:20:00,Pan troglodytes,0.6151314664248153,2.1529601324868537
2026-09-01 16:25:00,Pan troglodytes,0.43700617510284007,1.5295216128599403
2026-09-01 16:30:00,Pan troglodytes,0.7265347558290186,2.542871645401565
2026-09-01 16:35:00,Pan troglodytes,0.5951888911454559,2.0831611190090955
2026-09-01 16:40:00,Pan troglodytes,0.3984881075270868,1.3947083763448038
2026-09-01 16:45:00,Pan troglodytes,0.6348680477355613,2.2220381670744644
2026-09-01 16:50:00,Pan troglodytes,0.6159632543808182,2.1558713903328637
2026-09-01 16:55:00,Pan troglodytes,0.29295166167579745,1.0253308158652912
2026-09-01 17:00:00,Pan troglodytes,0.6044007517687114,2.11540263119049
2026-09-01 17:05:00,Pan troglodytes,0.5612448873702033,1.9643571057957114
2026-09-01 17:10:00,Pan troglodytes,0.33734208745759553,1.1806973061015844
2026-09-01 17:15:00,Pan troglodytes,0.6591097478217945,2.306884117376281
2026-09-01 17:20:00,Pan troglodytes,0.46574145267597566,1.6300950843659148
2026-09-01 17:25:00,Pan troglodytes,0.2641910643432449,0.9246687252013572
2026-09-01 17:30:00,Pan troglodytes,0.6308301642484884,2.2079055748697094
2026-09-01 17:35:00,Pan troglodytes,0.43940223922687055,1.537907837294047
2026-09-01 17:40:00,Pan troglodytes,0.34803378136485913,1.218118234777007
2026-09-01 17:45:00,Pan troglodytes,0.5501747346706245,1.9256115713471857
2026-09-01 17:50:00,Pan troglodytes,0.48501293715847427,1.69754528005466
2026-09-01 17:55:00,Pan troglodytes,0.1384867742824628,0.48470370998861984
2026-09-01 18:00:00,Pan troglodytes,0.6662975795100984,2.332041528285344
2026-09-01 18:05:00,Pan troglodytes,0.44627531193112585,1.5619635917589405
2026-09-01 18:10:00,Pan troglodytes,0.2109146047840124,0.7382011167440433
2026-09-01 18:15:00,Pan troglodytes,0.5615132656283167,1.9652964296991084
2026-09-01 18:20:00,Pan troglodytes,0.3767203057317229,1.3185210700610301
2026-09-01 18:25:00,Pan troglodytes,0.22441794215538488,0.7854627975438471
2026-09-01 18:30:00,Pan troglodytes,0.5002035566380095,1.7507124482330334
2026-09-01 18:35:00,Pan troglodytes,0.33907462234155145,1.1867611781954301
2026-09-01 18:40:00,Pan troglodytes,0.08578920684536925,0.3002622239587924
2026-09-01 18:45:00,Pan troglodytes,0.527823678142945,1.8473828735003073
2026-09-01 18:50:00,Pan troglodytes,0.28313923812015923,0.9909873334205573
2026-09-01 18:55:00,Pan troglodytes,0.2285636226382881,0.7999726792340084
2026-09-01 19:00:00,Pan troglodytes,0.3925827505604648,1.3740396269616268
2026-09-01 19:05:00,Pan troglodytes,0.38708511674254154,1.3547979085988953
2026-09-01 19:10:00,Pan troglodytes,0.07333873903628545,0.2566855866269991
2026-09-01 19:15:00,Pan troglodytes,0.36111977210902396,1.263919202381584
2026-09-01 19:20:00,Pan troglodytes,0.2431718244468323,0.851101385563913
2026-09-01 19:25:00,Pan troglodytes,0.12271257447969389,0.4294940106789286
2026-09-01 19:30:00,Pan troglodytes,0.3380197909642295,1.1830692683748034
2026-09-01 19:35:00,Pan troglodytes,0.26308369727073866,0.9207929404475853
2026-09-01 19:40:00,Pan troglodytes,0.15995255747667358,0.5598339511683575
2026-09-01 19:45:00,Pan troglodytes,0.38217535560898286,1.33761374463144
2026-09-01 19:50:00,Pan troglodytes,0.154166751663379,0.5395836308218265
2026-09-01 19:55:00,Pan troglodytes,0.126241712247746,0.441845992867111
2026-09-01 20:00:00,Pan troglodytes,0.34760342902006197,1.2166120015702169
2026-09-01 20:05:00,Pan troglodytes,0.23397178977984326,0.8189012642294514
2026-09-01 20:10:00,Pan troglodytes,0.0590852880762566,0.2067985082668981
2026-09-01 20:15:00,Pan troglodytes,0.34488879989767296,1.2071107996418553
2026-09-01 20:20:00,Pan troglodytes,0.1872910183598242,0.6555185642593847
2026-09-01 20:25:00,Pan troglodytes,0.0,0.0
2026-09-01 20:30:00,Pan troglodytes,0.30733272275142104,1.0756645296299736
2026-09-01 20:35:00,Pan troglodytes,0.11009073059742455,0.3853175570909859
2026-09-01 20:40:00,Pan troglodytes,0.0,0.0
2026-09-01 20:45:00,Pan troglodytes,0.33761756268925214,1.1816614694123824
2026-09-01 20:50:00,Pan troglodytes,0.17645822193816862,0.6176037767835902
2026-09-01 20:55:00,Pan troglodytes,0.0,0.0
2026-09-01 21:00:00,Pan troglodytes,0.3735072052789245,1.3072752184762357
2026-09-01 21:05:00,Pan troglodytes,0.09188545105342681,0.32159907868699383
2026-09-01 21:10:00,Pan troglodytes,0.0,0.0
2026-09-01 21:15:00,Pan troglodytes,0.3610815306955342,1.2637853574343698
2026-09-01 21:20:00,Pan troglodytes,0.01368416696682502,0.04789458438388757
2026-09-01 21:25:00,Pan troglodytes,0.0,0.0
2026-09-01 21:30:00,Pan troglodytes,0.19179810691780708,0.6712933742123248
2026-09-01 21:35:00,Pan troglodytes,0.003371394592403168,0.011799881073411088
2026-09-01 21:40:00,Pan troglodytes,0.0,0.0
2026-09-01 21:45:00,Pan troglodytes,0.18385418274514376,0.6434896396080032
2026-09-01 21:50:00,Pan troglodytes,0.024630887613518178,0.08620810664731363
2026-09-01 21:55:00,Pan troglodytes,0.0,0.0
2026-09-01 22:00:00,Pan troglodytes,0.22924460657404092,0.8023561230091432
2026-09-01 22:05:00,Pan troglodytes,0.0,0.0
2026-09-01 22:10:00,Pan troglodytes,0.0,0.0
2026-09-01 22:15:00,Pan troglodytes,0.20331998069706184,0.7116199324397164
2026-09-01 22:20:00,Pan troglodytes,0.0,0.0
2026-09-01 22:25:00,Pan troglodytes,0.0,0.0
2026-09-01 22:30:00,Pan troglodytes,0.2703207289561529,0.9461225513465351
2026-09-01 22:35:00,Pan troglodytes,0.02375305809799758,0.08313570334299153
2026-09-01 22:40:00,Pan troglodytes,0.0,0.0
2026-09-01 22:45:00,Pan troglodytes,0.24266103388996785,0.8493136186148875
2026-09-01 22:50:00,Pan troglodytes,0.033856062488493426,0.11849621870972699
2026-09-01 22:55:00,Pan troglodytes,0.0,0.0
2026-09-01 23:00:00,Pan troglodytes,0.22025272817339142,0.77088454860687
2026-09-01 23:05:00,Pan troglodytes,0.0,0.0
2026-09-01 23:10:00,Pan troglodytes,0.0,0.0
2026-09-01 23:15:00,Pan troglodytes,0.18621943716605163,0.6517680300811807
2026-09-01 23:20:00,Pan troglodytes,0.03629453538059578,0.12703087383208522
2026-09-01 23:25:00,Pan troglodytes,0.0,0.0
2026-09-01 23:30:00,Pan troglodytes,0.16172019823166,0.56602069381081
2026-09-01 23:35:00,Pan troglodytes,0.0,0.0
2026-09-01 23:40:00,Pan troglodytes,0.0,0.0
2026-09-01 23:45:00,Pan troglodytes,0.12334792580927902,0.43171774033247656
2026-09-01 23:50:00,Pan troglodytes,0.0,0.0
2026-09-01 23:55:00,Pan troglodytes,0.0,0.0
2026-09-02 00:00:00,Pan troglodytes,0.1976212321292845,0.6916743124524958
2026-09-02 00:05:00,Pan troglodytes,0.0775704834030222,0.2714966919105777
2026-09-02 00:10:00,Pan troglodytes,0.0,0.0
2026-09-02 00:15:00,Pan troglodytes,0.21790248155400374,0.762658685439013
2026-09-02 00:20:00,Pan troglodytes,0.0,0.0
2026-09-02 00:25:00,Pan troglodytes,0.0,0.0
2026-09-02 00:30:00,Pan troglodytes,0.15580949154032336,0.5453332203911317
2026-09-02 00:35:00,Pan troglodytes,0.062593625823141,0.2190776903809935
2026-09-02 00:40:00,Pan troglodytes,0.0,0.0
2026-09-02 00:45:00,Pan troglodytes,0.1817985158631182,0.6362948055209138
2026-09-02 00:50:00,Pan troglodytes,0.0,0.0
2026-09-02 00:55:00,Pan troglodytes,0.0,0.0
2026-09-02 01:00:00,Pan troglodytes,0.25160032787308256,0.880601147555789
2026-09-02 01:05:00,Pan troglodytes,0.0,0.0
2026-09-02 01:10:00,Pan troglodytes,0.0,0.0
2026-09-02 01:15:00,Pan troglodytes,0.31695491130270326,1.1093421895594613
2026-09-02 01:20:00,Pan troglodytes,0.0,0.0
2026-09-02 01:25:00,Pan troglodytes,0.0,0.0
2026-09-02 01:30:00,Pan troglodytes,0.22012263129187798,0.7704292095215729
2026-09-02 01:35:00,Pan troglodytes,0.0,0.0
2026-09-02 01:40:00,Pan troglodytes,0.0,0.0
2026-09-02 01:45:00,Pan troglodytes,0.33229779770277246,1.1630422919597037
2026-09-02 01:50:00,Pan troglodytes,0.0,0.0
2026-09-02 01:55:00,Pan troglodytes,0.0,0.0
2026-09-02 02:00:00,Pan troglodytes,0.20910980962935338,0.7318843337027369
2026-09-02 02:05:00,Pan troglodytes,0.03227780335378405,0.11297231173824418
2026-09-02 02:10:00,Pan troglodytes,0.0,0.0
2026-09-02 02:15:00,Pan troglodytes,0.3603655016061465,1.2612792556215127
2026-09-02 02:20:00,Pan troglodytes,0.13036638661767172,0.456282353161851
2026-09-02 02:25:00,Pan troglodytes,0.0,0.0
2026-09-02 02:30:00,Pan troglodytes,0.3651608866449576,1.2780631032573515
2026-09-02 02:35:00,Pan troglodytes,0.04468069049836078,0.15638241674426273
2026-09-02 02:40:00,Pan troglodytes,0.0,0.0
2026-09-02 02:45:00,Pan troglodytes,0.19422443457706795,0.6797855210197379
2026-09-02 02:50:00,Pan troglodytes,0.028251208532108836,0.09887922986238093
2026-09-02 02:55:00,Pan troglodytes,0.0,0.0
2026-09-02 03:00:00,Pan troglodytes,0.2735641973885166,0.9574746908598082
2026-09-02 03:05:00,Pan troglodytes,0.023126822633666777,0.08094387921783372
2026-09-02 03:10:00,Pan troglodytes,0.0,0.0
2026-09-02 03:15:00,Pan troglodytes,0.367228902646526,1.2853011592628412
2026-09-02 03:20:00,Pan troglodytes,0.054940648199853837,0.19229226869948843
2026-09-02 03:25:00,Pan troglodytes,0.028443996719579846,0.09955398851852947
2026-09-02 03:30:00,Pan troglodytes,0.4583407704889482,1.6041926967113187
2026-09-02 03:35:00,Pan troglodytes,0.03354744213179009,0.11741604746126531
2026-09-02 03:40:00,Pan troglodytes,0.044953486373888636,0.15733720230861023
2026-09-02 03:45:00,Pan troglodytes,0.3555643533108843,1.2444752365880951
2026-09-02 03:50:00,Pan troglodytes,0.1465092228928544,0.5127822801249904
2026-09-02 03:55:00,Pan troglodytes,0.0,0.0
2026-09-02 04:00:00,Pan troglodytes,0.41994767397746696,1.4698168589211345
2026-09-02 04:05:00,Pan troglodytes,0.14287971741986136,0.5000790109695148
2026-09-02 04:10:00,Pan troglodytes,0.059755250112008385,0.20914337539202935
2026-09-02 04:15:00,Pan troglodytes,0.34153932446215773,1.1953876356175521
2026-09-02 04:20:00,Pan troglodytes,0.15864326256633407,0.5552514189821692
2026-09-02 04:25:00,Pan troglodytes,0.17739893827294714,0.620896283955315
2026-09-02 04:30:00,Pan troglodytes,0.49312929106333836,1.7259525187216842
2026-09-02 04:35:00,Pan troglodytes,0.15913301074756564,0.5569655376164797
2026-09-02 04:40:00,Pan troglodytes,0.07321378596499124,0.25624825087746933
2026-09-02 04:45:00,Pan troglodytes,0.4184370922987286,1.4645298230455501
2026-09-02 04:50:00,Pan troglodytes,0.21115441083197473,0.7390404379119115
2026-09-02 04:55:00,Pan troglodytes,0.16761486771411951,0.5866520369994183
2026-09-02 05:00:00,Pan troglodytes,0.5054526898831321,1.7690844145909623
2026-09-02 05:05:00,Pan troglodytes,0.2104911344760044,0.7367189706660154
2026-09-02 05:10:00,Pan troglodytes,0.19453503255319907,0.6808726139361967
2026-09-02 05:15:00,Pan troglodytes,0.49288150005288417,1.7250852501850946
2026-09-02 05:20:00,Pan troglodytes,0.27507188113916864,0.9627515839870903
2026-09-02 05:25:00,Pan troglodytes,0.15301049680573492,0.5355367388200722
2026-09-02 05:30:00,Pan troglodytes,0.5360638493654373,1.8762234727790306
2026-09-02 05:35:00,Pan troglodytes,0.27900046518304916,0.9765016281406721
2026-09-02 05:40:00,Pan troglodytes,0.23825072259041175,0.8338775290664411
2026-09-02 05:45:00,Pan troglodytes,0.5939314354711044,2.0787600241488655
2026-09-02 05:50:00,Pan troglodytes,0.2911501491747169,1.019025522111509
2026-09-02 05:55:00,Pan troglodytes,0.3758661989765381,1.3155316964178834
2026-09-02 06:00:00,Pan troglodytes,0.568696607910361,1.9904381276862635
2026-09-02 06:05:00,Pan troglodytes,0.35637190607521874,1.2473016712632656
2026-09-02 06:10:00,Pan troglodytes,0.29136047456608954,1.0197616609813134
2026-09-02 06:15:00,Pan troglodytes,0.6887447240627756,2.4106065342197147
2026-09-02 06:20:00,Pan troglodytes,0.37638175718388045,1.3173361501435816
2026-09-02 06:25:00,Pan troglodytes,0.25489940703508374,0.892147924622793
2026-09-02 06:30:00,Pan troglodytes,0.5836311205658984,2.0427089219806445
2026-09-02 06:35:00,Pan troglodytes,0.29870980889454674,1.0454843311309137
2026-09-02 06:40:00,Pan troglodytes,0.28535734343542063,0.9987507020239722
2026-09-02 06:45:00,Pan troglodytes,0.6956211440812132,2.434674004284246
2026-09-02 06:50:00,Pan troglodytes,0.450768686891006,1.5776904041185211
2026-09-02 06:55:00,Pan troglodytes,0.41143347588456863,1.4400171655959901
2026-09-02 07:00:00,Pan troglodytes,0.678673516125306,2.375357306438571
2026-09-02 07:05:00,Pan troglodytes,0.404290381460511,1.4150163351117886
2026-09-02 07:10:00,Pan troglodytes,0.4669237642824334,1.6342331749885168
2026-09-02 07:15:00,Pan troglodytes,0.6986693864376166,2.445342852531658
2026-09-02 07:20:00,Pan troglodytes,0.5138801328653788,1.798580465028826
2026-09-02 07:25:00,Pan troglodytes,0.41412577870482864,1.4494402254669003
2026-09-02 07:30:00,Pan troglodytes,0.8213181806121359,2.874613632142476
2026-09-02 07:35:00,Pan troglodytes,0.43033383988445556,1.5061684395955945
2026-09-02 07:40:00,Pan troglodytes,0.4733842628107218,1.6568449198375264
2026-09-02 07:45:00,Pan troglodytes,0.6968351660956302,2.438923081334706
2026-09-02 07:50:00,Pan troglodytes,0.515549795956399,1.8044242858473967
2026-09-02 07:55:00,Pan troglodytes,0.44163031446755563,1.5457061006364448
2026-09-02 08:00:00,Pan troglodytes,0.8239390787968319,2.883786775788912
2026-09-02 08:05:00,Pan troglodytes,0.5482624968593308,1.9189187390076579
2026-09-02 08:10:00,Pan troglodytes,0.5485104891359305,1.9197867119757568
2026-09-02 08:15:00,Pan troglodytes,0.7765653789307914,2.7179788262577698
2026-09-02 08:20:00,Pan troglodytes,0.4028998323083971,1.41014941307939
2026-09-02 08:25:00,Pan troglodytes,0.513669961434745,1.7978448650216075
2026-09-02 08:30:00,Pan troglodytes,0.7415362588275792,2.5953769058965275
2026-09-02 08:35:00,Pan troglodytes,0.5709481708482933,1.9983185979690266
2026-09-02 08:40:00,Pan troglodytes,0.5793849347305664,2.0278472715569826
2026-09-02 08:45:00,Pan troglodytes,0.8881577317878182,3.1085520612573636
2026-09-02 08:50:00,Pan troglodytes,0.5978737829706403,2.092558240397241
2026-09-02 08:55:00,Pan troglodytes,0.5408559892610103,1.892995962413536
2026-09-02 09:00:00,Pan troglodytes,0.8200474731588347,2.8701661560559217
2026-09-02 09:05:00,Pan troglodytes,0.5340967811891585,1.8693387341620546
2026-09-02 09:10:00,Pan troglodytes,0.6170217564771523,2.159576147670033
2026-09-02 09:15:00,Pan troglodytes,0.8621943320357321,3.0176801621250626
2026-09-02 09:20:00,Pan troglodytes,0.604652298251983,2.1162830438819404
2026-09-02 09:25:00,Pan troglodytes,0.6344828299526324,2.2206899048342135
2026-09-02 09:30:00,Pan troglodytes,0.990035774236768,3.465125209828688
2026-09-02 09:35:00,Pan troglodytes,0.5606042696844981,1.9621149438957433
2026-09-02 09:40:00,Pan troglodytes,0.6084446937806138,2.1295564282321484
2026-09-02 09:45:00,Pan troglodytes,0.891336702563743,3.1196784589731004
2026-09-02 09:50:00,Pan troglodytes,0.5726365894724119,2.004228063153442
2026-09-02 09:55:00,Pan troglodytes,0.6663461446320267,2.3322115062120936
2026-09-02 10:00:00,Pan troglodytes,0.9188330031870957,3.2159155111548348
2026-09-02 10:05:00,Pan troglodytes,0.6424548515831278,2.2485919805409473
2026-09-02 10:10:00,Pan troglodytes,0.640862227639401,2.2430177967379037
2026-09-02 10:15:00,Pan troglodytes,0.9452132876992945,3.3082465069475306
2026-09-02 10:20:00,Pan troglodytes,0.5719361911404478,2.0017766689915675
2026-09-02 10:25:00,Pan troglodytes,0.7181089829712918,2.513381440399521
2026-09-02 10:30:00,Pan troglodytes,0.9692699916120552,3.392444970642193
2026-09-02 10:35:00,Pan troglodytes,0.7556002568619439,2.6446008990168037
2026-09-02 10:40:00,Pan troglodytes,0.6968320583891532,2.438912204362036
2026-09-02 10:45:00,Pan troglodytes,0.8884087750270349,3.109430712594622
2026-09-02 10:50:00,Pan troglodytes,0.6209647128784033,2.1733764950744114
2026-09-02 10:55:00,Pan troglodytes,0.7200764084292991,2.520267429502547
2026-09-02 11:00:00,Pan troglodytes,0.9288049264384707,3.2508172425346475
2026-09-02 11:05:00,Pan troglodytes,0.6735723485436217,2.357503219902676
2026-09-02 11:10:00,Pan troglodytes,0.7586256943391796,2.6551899301871287
2026-09-02 11:15:00,Pan troglodytes,0.9122738910167288,3.192958618558551
2026-09-02 11:20:00,Pan troglodytes,0.7370560242248672,2.579696084787035
2026-09-02 11:25:00,Pan troglodytes,0.7282927095721603,2.549024483502561
2026-09-02 11:30:00,Pan troglodytes,0.9675450668489292,3.386407733971252
2026-09-02 11:35:00,Pan troglodytes,0.6837700055954867,2.3931950195842036
2026-09-02 11:40:00,Pan troglodytes,0.766781839711985,2.6837364389919474
2026-09-02 11:45:00,Pan troglodytes,1.0,3.5
2026-09-02 11:50:00,Pan troglodytes,0.640708705606616,2.242480469623156
2026-09-02 11:55:00,Pan troglodytes,0.7286106515839982,2.5501372805439937
2026-09-02 12:00:00,Pan troglodytes,1.0,3.5
2026-09-02 12:05:00,Pan troglodytes,0.5830114031222794,2.040539910927978
2026-09-02 12:10:00,Pan troglodytes,0.7760333059803368,2.7161165709311788
2026-09-02 12:15:00,Pan troglodytes,0.9554245951828783,3.343986083140074
2026-09-02 12:20:00,Pan troglodytes,0.613544060087276,2.1474042103054662
2026-09-02 12:25:00,Pan troglodytes,0.6815132867666835,2.385296503683392
2026-09-02 12:30:00,Pan troglodytes,0.970561063904929,3.3969637236672514
2026-09-02 12:35:00,Pan troglodytes,0.672110199097062,2.352385696839717
2026-09-02 12:40:00,Pan troglodytes,0.7753224047229875,2.7136284165304563
2026-09-02 12:45:00,Pan troglodytes,1.0,3.5
2026-09-02 12:50:00,Pan troglodytes,0.5792393892783263,2.027337862474142
2026-09-02 12:55:00,Pan troglodytes,0.7592464673626129,2.6573626357691453
2026-09-02 13:00:00,Pan troglodytes,1.0,3.5
2026-09-02 13:05:00,Pan troglodytes,0.5510693326504187,1.9287426642764653
2026-09-02 13:10:00,Pan troglodytes,0.7185851701452753,2.5150480955084635
2026-09-02 13:15:00,Pan troglodytes,0.9953218707088431,3.483626547480951
2026-09-02 13:20:00,Pan troglodytes,0.5779353342303991,2.022773669806397
2026-09-02 13:25:00,Pan troglodytes,0.7206661934158549,2.522331676955492
2026-09-02 13:30:00,Pan troglodytes,1.0,3.5
2026-09-02 13:35:00,Pan troglodytes,0.5665327460086222,1.9828646110301777
2026-09-02 13:40:00,Pan troglodytes,0.6948857164472304,2.4321000075653063
2026-09-02 13:45:00,Pan troglodytes,0.9950319065274769,3.482611672846169
2026-09-02 13:50:00,Pan troglodytes,0.6770273086124613,2.3695955801436144
2026-09-02 13:55:00,Pan troglodytes,0.707455171796211,2.4760931012867387
2026-09-02 14:00:00,Pan troglodytes,0.9374472963358196,3.2810655371753685
2026-09-02 14:05:00,Pan troglodytes,0.49235563997354304,1.7232447399074007
2026-09-02 14:10:00,Pan troglodytes,0.7180917590645874,2.513321156726056
2026-09-02 14:15:00,Pan troglodytes,0.8895312629558495,3.113359420345473
2026-09-02 14:20:00,Pan troglodytes,0.5180426621407678,1.8131493174926872
2026-09-02 14:25:00,Pan troglodytes,0.6374190813170385,2.2309667846096346
2026-09-02 14:30:00,Pan troglodytes,0.8865443022985181,3.102905058044813
2026-09-02 14:35:00,Pan troglodytes,0.5596513314505677,1.958779660076987
2026-09-02 14:40:00,Pan troglodytes,0.6300049143987465,2.2050172003956128
2026-09-02 14:45:00,Pan troglodytes,0.914657259030224,3.201300406605784
2026-09-02 14:50:00,Pan troglodytes,0.5020051615083972,1.7570180652793903
2026-09-02 14:55:00,Pan troglodytes,0.6642458590291749,2.324860506602112
2026-09-02 15:00:00,Pan troglodytes,0.8705397410680757,3.0468890937382653
2026-09-02 15:05:00,Pan troglodytes,0.555310198803594,1.943585695812579
2026-09-02 15:10:00,Pan troglodytes,0.5758311731368777,2.0154091059790717
2026-09-02 15:15:00,Pan troglodytes,0.8354715257219081,2.9241503400266784
2026-09-02 15:20:00,Pan troglodytes,0.49780075987715816,1.7423026595700535
2026-09-02 15:25:00,Pan troglodytes,0.5995686968417708,2.098490438946198
2026-09-02 15:30:00,Pan troglodytes,0.8352360694903648,2.9233262432162768
2026-09-02 15:35:00,Pan troglodytes,0.4714228039373221,1.6499798137806274
2026-09-02 15:40:00,Pan troglodytes,0.6684862761013365,2.339701966354678
2026-09-02 15:45:00,Pan troglodytes,0.8707307384219023,3.047557584476658
2026-09-02 15:50:00,Pan troglodytes,0.4142017655494523,1.449706179423083
2026-09-02 15:55:00,Pan troglodytes,0.5868650648156061,2.0540277268546214
2026-09-02 16:00:00,Pan troglodytes,0.6909360739888213,2.4182762589608746
2026-09-02 16:05:00,Pan troglodytes,0.47301499089262095,1.6555524681241733
2026-09-02 16:10:00,Pan troglodytes,0.5863035348675844,2.0520623720365454
2026-09-02 16:15:00,Pan troglodytes,0.8053694180425113,2.8187929631487894
2026-09-02 16:20:00,Pan troglodytes,0.3594892200473364,1.2582122701656775
2026-09-02 16:25:00,Pan troglodytes,0.5667267961088739,1.9835437863810585
2026-09-02 16:30:00,Pan troglodytes,0.8056054764915053,2.819619167720268
2026-09-02 16:35:00,Pan troglodytes,0.35184201425148215,1.2314470498801875
2026-09-02 16:40:00,Pan troglodytes,0.6548160330835029,2.2918561157922603
2026-09-02 16:45:00,Pan troglodytes,0.7661842703393424,2.6816449461876983
2026-09-02 16:50:00,Pan troglodytes,0.38829075957343934,1.3590176585070377
2026-09-02 16:55:00,Pan troglodytes,0.511450993551635,1.7900784774307226
2026-09-02 17:00:00,Pan troglodytes,0.6687225927727791,2.340529074704727
2026-09-02 17:05:00,Pan troglodytes,0.2822974564260522,0.9880410974911826
2026-09-02 17:10:00,Pan troglodytes,0.48060906070688936,1.6821317124741126
2026-09-02 17:15:00,Pan troglodytes,0.7261625282767917,2.541568848968771
2026-09-02 17:20:00,Pan troglodytes,0.2952146261531394,1.0332511915359879
2026-09-02 17:25:00,Pan troglodytes,0.507996087826139,1.7779863073914866
2026-09-02 17:30:00,Pan troglodytes,0.6535671404560485,2.2874849915961697
2026-09-02 17:35:00,Pan troglodytes,0.28058558581982473,0.9820495503693866
2026-09-02 17:40:00,Pan troglodytes,0.4079983230451532,1.4279941306580362
2026-09-02 17:45:00,Pan troglodytes,0.6564360242720797,2.297526084952279
2026-09-02 17:50:00,Pan troglodytes,0.24427190435132165,0.8549516652296257
2026-09-02 17:55:00,Pan troglodytes,0.45332222987011517,1.5866278045454032
2026-09-02 18:00:00,Pan troglodytes,0.5570390851636535,1.9496367980727873
2026-09-02 18:05:00,Pan troglodytes,0.2032636468909441,0.7114227641183043
2026-09-02 18:10:00,Pan troglodytes,0.28702349332065935,1.0045822266223077
2026-09-02 18:15:00,Pan troglodytes,0.5316909697728127,1.8609183942048446
2026-09-02 18:20:00,Pan troglodytes,0.20691594772019117,0.7242058170206691
2026-09-02 18:25:00,Pan troglodytes,0.3206053681227075,1.1221187884294763
2026-09-02 18:30:00,Pan troglodytes,0.5733578157745223,2.006752355210828
2026-09-02 18:35:00,Pan troglodytes,0.15189664750377346,0.5316382662632071
2026-09-02 18:40:00,Pan troglodytes,0.3506948076326358,1.2274318267142252
2026-09-02 18:45:00,Pan troglodytes,0.4846806038845884,1.6963821135960593
2026-09-02 18:50:00,Pan troglodytes,0.18480446282289573,0.646815619880135
2026-09-02 18:55:00,Pan troglodytes,0.29454145793015707,1.0308951027555497
2026-09-02 19:00:00,Pan troglodytes,0.493310149657709,1.7265855238019814
2026-09-02 19:05:00,Pan troglodytes,0.0734564749245101,0.25709766223578534
2026-09-02 19:10:00,Pan troglodytes,0.296779479323403,1.0387281776319104
2026-09-02 19:15:00,Pan troglodytes,0.45297349064196185,1.5854072172468665
2026-09-02 19:20:00,Pan troglodytes,0.0,0.0
2026-09-02 19:25:00,Pan troglodytes,0.27998620968672805,0.9799517339035482
2026-09-02 19:30:00,Pan troglodytes,0.43020307056532886,1.505710746978651
2026-09-02 19:35:00,Pan troglodytes,0.02722343902567959,0.09528203658987856
2026-09-02 19:40:00,Pan troglodytes,0.23471088842845098,0.8214881094995784
2026-09-02 19:45:00,Pan troglodytes,0.45898703330916557,1.6064546165820794
2026-09-02 19:50:00,Pan troglodytes,0.0,0.0
2026-09-02 19:55:00,Pan troglodytes,0.29806629016085456,1.043232015562991
2026-09-02 20:00:00,Pan troglodytes,0.37319516176827194,1.3061830661889517
2026-09-02 20:05:00,Pan troglodytes,0.0,0.0
2026-09-02 20:10:00,Pan troglodytes,0.2215703232284205,0.7754961312994717
2026-09-02 20:15:00,Pan troglodytes,0.3048189809472176,1.0668664333152615
2026-09-02 20:20:00,Pan troglodytes,0.0,0.0
2026-09-02 20:25:00,Pan troglodytes,0.1834692766353746,0.642142468223811
2026-09-02 20:30:00,Pan troglodytes,0.44049822358621005,1.5417437825517353
2026-09-02 20:35:00,Pan troglodytes,0.0,0.0
2026-09-02 20:40:00,Pan troglodytes,0.22102303347761307,0.7735806171716457
2026-09-02 20:45:00,Pan troglodytes,0.20773972446945196,0.7270890356430819
2026-09-02 20:50:00,Pan troglodytes,0.0,0.0
2026-09-02 20:55:00,Pan troglodytes,0.2384674591563549,0.8346361070472421
2026-09-02 21:00:00,Pan troglodytes,0.2039940768354115,0.7139792689239401
2026-09-02 21:05:00,Pan troglodytes,0.0,0.0
2026-09-02 21:10:00,Pan troglodytes,0.1906526669229577,0.6672843342303519
2026-09-02 21:15:00,Pan troglodytes,0.39497625808835074,1.3824169033092275
2026-09-02 21:20:00,Pan troglodytes,0.0,0.0
2026-09-02 21:25:00,Pan troglodytes,0.11321938719693352,0.3962678551892673
2026-09-02 21:30:00,Pan troglodytes,0.2118986188889759,0.7416451661114156
2026-09-02 21:35:00,Pan troglodytes,0.0,0.0
2026-09-02 21:40:00,Pan troglodytes,0.15612912735477819,0.5464519457417236
2026-09-02 21:45:00,Pan troglodytes,0.16300799284002454,0.5705279749400859
2026-09-02 21:50:00,Pan troglodytes,0.0,0.0
2026-09-02 21:55:00,Pan troglodytes,0.08505792554639327,0.29770273941237646
2026-09-02 22:00:00,Pan troglodytes,0.29996018335122465,1.0498606417292864
2026-09-02 22:05:00,Pan troglodytes,0.0,0.0
2026-09-02 22:10:00,Pan troglodytes,0.09684653329313105,0.33896286652595864
2026-09-02 22:15:00,Pan troglodytes,0.22571522935317612,0.7900033027361164
2026-09-02 22:20:00,Pan troglodytes,0.0,0.0
2026-09-02 22:25:00,Pan troglodytes,0.06981993758923842,0.24436978156233446
2026-09-02 22:30:00,Pan troglodytes,0.2013298042123512,0.7046543147432291
2026-09-02 22:35:00,Pan troglodytes,0.0,0.0
2026-09-02 22:40:00,Pan troglodytes,0.10508561654216605,0.3677996578975812
2026-09-02 22:45:00,Pan troglodytes,0.1295111787724393,0.4532891257035376
2026-09-02 22:50:00,Pan troglodytes,0.0,0.0
2026-09-02 22:55:00,Pan troglodytes,0.0826019431138271,0.28910680089839486
2026-09-02 23:00:00,Pan troglodytes,0.12777047644923406,0.44719666757231924
2026-09-02 23:05:00,Pan troglodytes,0.0,0.0
2026-09-02 23:10:00,Pan troglodytes,0.08811671509011369,0.30840850281539794
2026-09-02 23:15:00,Pan troglodytes,0.04259923307892555,0.14909731577623941
2026-09-02 23:20:00,Pan troglodytes,0.0,0.0
2026-09-02 23:25:00,Pan troglodytes,0.03841555319848895,0.13445443619471134
2026-09-02 23:30:00,Pan troglodytes,0.1581315530563608,0.5534604356972629
2026-09-02 23:35:00,Pan troglodytes,0.0,0.0
2026-09-02 23:40:00,Pan troglodytes,0.04471235441225169,0.1564932404428809
2026-09-02 23:45:00,Pan troglodytes,0.1228632837717675,0.43002149320118627
2026-09-02 23:50:00,Pan troglodytes,0.0,0.0
2026-09-02 23:55:00,Pan troglodytes,0.036493527236426224,0.12772734532749178
2026-09-03 00:00:00,Pan troglodytes,0.11290264265336047,0.39515924928676166
2026-09-03 00:05:00,Pan troglodytes,0.0,0.0
2026-09-03 00:10:00,Pan troglodytes,0.01758834021968239,0.06155919076888837
2026-09-03 00:15:00,Pan troglodytes,0.07718606376555029,0.270151223179426
2026-09-03 00:20:00,Pan troglodytes,0.0,0.0
2026-09-03 00:25:00,Pan troglodytes,0.05462778043695067,0.19119723152932735
2026-09-03 00:30:00,Pan troglodytes,0.12564287507965904,0.4397500627788067
2026-09-03 00:35:00,Pan troglodytes,0.0,0.0
2026-09-03 00:40:00,Pan troglodytes,0.014142698036932896,0.04949944312926514
2026-09-03 00:45:00,Pan troglodytes,0.12559467616531247,0.43958136657859365
2026-09-03 00:50:00,Pan troglodytes,0.0,0.0
2026-09-03 00:55:00,Pan troglodytes,0.12896881954026806,0.4513908683909382
2026-09-03 01:00:00,Pan troglodytes,0.19655739254308213,0.6879508739007875
2026-09-03 01:05:00,Pan troglodytes,0.0,0.0
2026-09-03 01:10:00,Pan troglodytes,0.12987287900514574,0.4545550765180101
2026-09-03 01:15:00,Pan troglodytes,0.09816351737241971,0.343572310803469
2026-09-03 01:20:00,Pan troglodytes,0.0,0.0
2026-09-03 01:25:00,Pan troglodytes,0.009979231515008638,0.03492731030253023
2026-09-03 01:30:00,Pan troglodytes,0.2133060764346999,0.7465712675214496
2026-09-03 01:35:00,Pan troglodytes,0.0,0.0
2026-09-03 01:40:00,Pan troglodytes,0.12261672090964902,0.42915852318377157
2026-09-03 01:45:00,Pan troglodytes,0.21522550512032126,0.7532892679211244
2026-09-03 01:50:00,Pan troglodytes,0.0,0.0
2026-09-03 01:55:00,Pan troglodytes,0.15395675466741293,0.5388486413359452
2026-09-03 02:00:00,Pan troglodytes,0.16901362224593472,0.5915476778607716
2026-09-03 02:05:00,Pan troglodytes,0.0,0.0
2026-09-03 02:10:00,Pan troglodytes,0.14762131570218573,0.51667460495765
2026-09-03 02:15:00,Pan troglodytes,0.2294811208526465,0.8031839229842628
2026-09-03 02:20:00,Pan troglodytes,0.0,0.0
2026-09-03 02:25:00,Pan troglodytes,0.23923070336240077,0.8373074617684026
2026-09-03 02:30:00,Pan troglodytes,0.11193950697291201,0.39178827440519204
2026-09-03 02:35:00,Pan troglodytes,0.0,0.0
2026-09-03 02:40:00,Pan troglodytes,0.18889203695569468,0.6611221293449314
2026-09-03 02:45:00,Pan troglodytes,0.2204760829221888,0.7716662902276608
2026-09-03 02:50:00,Pan troglodytes,0.0,0.0
2026-09-03 02:55:00,Pan troglodytes,0.18918350185956034,0.6621422565084611
2026-09-03 03:00:00,Pan troglodytes,0.3007364188828767,1.0525774660900686
2026-09-03 03:05:00,Pan troglodytes,0.0,0.0
2026-09-03 03:10:00,Pan troglodytes,0.18891612531256305,0.6612064385939707
2026-09-03 03:15:00,Pan troglodytes,0.3709894291282635,1.2984630019489223
2026-09-03 03:20:00,Pan troglodytes,0.0,0.0
2026-09-03 03:25:00,Pan troglodytes,0.29174530580110475,1.0211085703038667
2026-09-03 03:30:00,Pan troglodytes,0.1732091626640621,0.6062320693242174
2026-09-03 03:35:00,Pan troglodytes,0.0,0.0
2026-09-03 03:40:00,Pan troglodytes,0.2573547761365117,0.9007417164777909
2026-09-03 03:45:00,Pan troglodytes,0.3521899640188385,1.2326648740659347
2026-09-03 03:50:00,Pan troglodytes,0.0,0.0
2026-09-03 03:55:00,Pan troglodytes,0.31952598631365997,1.1183409520978098
2026-09-03 04:00:00,Pan troglodytes,0.3607100374195476,1.2624851309684166
2026-09-03 04:05:00,Pan troglodytes,0.05832451573696141,0.20413580507936493
2026-09-03 04:10:00,Pan troglodytes,0.3048488594730283,1.066971008155599
2026-09-03 04:15:00,Pan troglodytes,0.28559228479314863,0.9995729967760202
2026-09-03 04:20:00,Pan troglodytes,0.0,0.0
2026-09-03 04:25:00,Pan troglodytes,0.27920763837588447,0.9772267343155956
2026-09-03 04:30:00,Pan troglodytes,0.37414977761531987,1.3095242216536196
2026-09-03 04:35:00,Pan troglodytes,0.012875911106541488,0.04506568887289521
2026-09-03 04:40:00,Pan troglodytes,0.5437695757412475,1.9031935150943662
2026-09-03 04:45:00,Pan troglodytes,0.3771239731268041,1.3199339059438144
2026-09-03 04:50:00,Pan troglodytes,0.12376474352518983,0.4331766023381644
2026-09-03 04:55:00,Pan troglodytes,0.3809453614797409,1.3333087651790931
2026-09-03 05:00:00,Pan troglodytes,0.3697108080385135,1.2939878281347974
2026-09-03 05:05:00,Pan troglodytes,0.0872694290892091,0.30544300181223183
2026-09-03 05:10:00,Pan troglodytes,0.47584056396982766,1.6654419738943969
2026-09-03 05:15:00,Pan troglodytes,0.3974367555649756,1.3910286444774145
2026-09-03 05:20:00,Pan troglodytes,0.09915362263773503,0.3470376792320726
2026-09-03 05:25:00,Pan troglodytes,0.347916188587005,1.2177066600545174
2026-09-03 05:30:00,Pan troglodytes,0.4587110230558418,1.6054885806954464
2026-09-03 05:35:00,Pan troglodytes,0.22661266769422117,0.7931443369297742
2026-09-03 05:40:00,Pan troglodytes,0.4825481286564702,1.6889184502976455
2026-09-03 05:45:00,Pan troglodytes,0.5121631092362353,1.7925708823268236
2026-09-03 05:50:00,Pan troglodytes,0.21039366230872125,0.7363778180805244
2026-09-03 05:55:00,Pan troglodytes,0.48966138002226756,1.7138148300779363
2026-09-03 06:00:00,Pan troglodytes,0.5986430634560099,2.0952507220960346
2026-09-03 06:05:00,Pan troglodytes,0.2764760083546369,0.9676660292412292
2026-09-03 06:10:00,Pan troglodytes,0.5044766939959896,1.7656684289859637
2026-09-03 06:15:00,Pan troglodytes,0.5238947446047448,1.833631606116607
2026-09-03 06:20:00,Pan troglodytes,0.1900862415440762,0.6653018454042666
2026-09-03 06:25:00,Pan troglodytes,0.6077389492059251,2.127086322220738
2026-09-03 06:30:00,Pan troglodytes,0.5466820977416517,1.9133873420957808
2026-09-03 06:35:00,Pan troglodytes,0.28669591547949913,1.003435704178247
2026-09-03 06:40:00,Pan troglodytes,0.5340619098312774,1.869216684409471
2026-09-03 06:45:00,Pan troglodytes,0.5303441322412972,1.85620446284454
2026-09-03 06:50:00,Pan troglodytes,0.24958877543550645,0.8735607140242726
2026-09-03 06:55:00,Pan troglodytes,0.6497190120376487,2.2740165421317706
2026-09-03 07:00:00,Pan troglodytes,0.6078888534535916,2.1276109870875706
2026-09-03 07:05:00,Pan troglodytes,0.33870208518683725,1.1854572981539304
2026-09-03 07:10:00,Pan troglodytes,0.5782168287653342,2.02375890067867
2026-09-03 07:15:00,Pan troglodytes,0.6125122255966152,2.1437927895881534
2026-09-03 07:20:00,Pan troglodytes,0.3446781115273572,1.2063733903457503
2026-09-03 07:25:00,Pan troglodytes,0.706892845213863,2.4741249582485203
2026-09-03 07:30:00,Pan troglodytes,0.6206822186461343,2.17238776526147
2026-09-03 07:35:00,Pan troglodytes,0.3886031291439225,1.3601109520037287
2026-09-03 07:40:00,Pan troglodytes,0.6693339861149498,2.3426689514023242
2026-09-03 07:45:00,Pan troglodytes,0.6678360579073824,2.3374262026758386
2026-09-03 07:50:00,Pan troglodytes,0.33945452499714485,1.188090837490007
2026-09-03 07:55:00,Pan troglodytes,0.8002565792209749,2.800898027273412
2026-09-03 08:00:00,Pan troglodytes,0.7077721197210649,2.477202419023727
2026-09-03 08:05:00,Pan troglodytes,0.43484405450174474,1.5219541907561065
2026-09-03 08:10:00,Pan troglodytes,0.7676752816801581,2.6868634858805533
2026-09-03 08:15:00,Pan troglodytes,0.7427088296683168,2.5994809038391087
2026-09-03 08:20:00,Pan troglodytes,0.4600311899449613,1.6101091648073644
2026-09-03 08:25:00,Pan troglodytes,0.7670390572168494,2.684636700258973
2026-09-03 08:30:00,Pan troglodytes,0.6806349501024039,2.3822223253584136
2026-09-03 08:35:00,Pan troglodytes,0.5626689122877002,1.9693411930069509
2026-09-03 08:40:00,Pan troglodytes,0.8738409152854156,3.0584432034989546
2026-09-03 08:45:00,Pan troglodytes,0.8356821876783441,2.9248876568742044
2026-09-03 08:50:00,Pan troglodytes,0.5561420713160374,1.946497249606131
2026-09-03 08:55:00,Pan troglodytes,0.7729846704658451,2.705446346630458
2026-09-03 09:00:00,Pan troglodytes,0.7861617896381154,2.751566263733404
2026-09-03 09:05:00,Pan troglodytes,0.5406679094699987,1.8923376831449952
2026-09-03 09:10:00,Pan troglodytes,0.8945330654229949,3.130865728980482
2026-09-03 09:15:00,Pan troglodytes,0.7229488479988273,2.5303209679958956
2026-09-03 09:20:00,Pan troglodytes,0.4930029976717884,1.7255104918512594
2026-09-03 09:25:00,Pan troglodytes,0.8510311366702006,2.978608978345702
2026-09-03 09:30:00,Pan troglodytes,0.7149138190783627,2.5021983667742695
2026-09-03 09:35:00,Pan troglodytes,0.5672981558684705,1.9855435455396468
2026-09-03 09:40:00,Pan troglodytes,0.8962075453996825,3.136726408898889
2026-09-03 09:45:00,Pan troglodytes,0.8450936862116439,2.9578279017407536
2026-09-03 09:50:00,Pan troglodytes,0.5228779664708166,1.8300728826478583
2026-09-03 09:55:00,Pan troglodytes,0.7833254551396129,2.7416390929886454
2026-09-03 10:00:00,Pan troglodytes,0.7939634806581042,2.7788721823033646
2026-09-03 10:05:00,Pan troglodytes,0.6016536780044306,2.1057878730155073
2026-09-03 10:10:00,Pan troglodytes,0.9229993573441729,3.2304977507046053
2026-09-03 10:15:00,Pan troglodytes,0.8044958501815699,2.8157354756354946
2026-09-03 10:20:00,Pan troglodytes,0.5374989911003527,1.8812464688512345
2026-09-03 10:25:00,Pan troglodytes,0.9675932005627423,3.386576201969598
2026-09-03 10:30:00,Pan troglodytes,0.8421617980573147,2.9475662932006017
2026-09-03 10:35:00,Pan troglodytes,0.5710894401169467,1.9988130404093136
2026-09-03 10:40:00,Pan troglodytes,0.8928515431380267,3.1249804009830937
2026-09-03 10:45:00,Pan troglodytes,0.8418028763599436,2.9463100672598026
2026-09-03 10:50:00,Pan troglodytes,0.5471126342380824,1.9148942198332886
2026-09-03 10:55:00,Pan troglodytes,0.9535051821974164,3.3372681376909576
2026-09-03 11:00:00,Pan troglodytes,0.8487006098756655,2.9704521345648294
2026-09-03 11:05:00,Pan troglodytes,0.6592546307968344,2.3073912077889207
2026-09-03 11:10:00,Pan troglodytes,0.8906735855785386,3.1173575495248853
2026-09-03 11:15:00,Pan troglodytes,0.7267300082103891,2.543555028736362
2026-09-03 11:20:00,Pan troglodytes,0.6246476861786162,2.1862669016251566
2026-09-03 11:25:00,Pan troglodytes,0.9899171160875823,3.464709906306538
2026-09-03 11:30:00,Pan troglodytes,0.8314680962563856,2.91013833689735
2026-09-03 11:35:00,Pan troglodytes,0.6150409809594237,2.152643433357983
2026-09-03 11:40:00,Pan troglodytes,0.9128269118064091,3.194894191322432
2026-09-03 11:45:00,Pan troglodytes,0.8661465169774182,3.031512809420964
2026-09-03 11:50:00,Pan troglodytes,0.5765028527204816,2.017759984521686
2026-09-03 11:55:00,Pan troglodytes,0.9588016772827966,3.3558058704897884
2026-09-03 12:00:00,Pan troglodytes,0.8639664768987969,3.023882669145789
2026-09-03 12:05:00,Pan troglodytes,0.5178524655558577,1.812483629445502
2026-09-03 12:10:00,Pan troglodytes,0.9479249819266387,3.3177374367432355
2026-09-03 12:15:00,Pan troglodytes,0.7964900449280967,2.7877151572483383
2026-09-03 12:20:00,Pan troglodytes,0.579924495719654,2.029735735018789
2026-09-03 12:25:00,Pan troglodytes,0.8605229355801755,3.011830274530614
2026-09-03 12:30:00,Pan troglodytes,0.7965238202457747,2.7878333708602114
2026-09-03 12:35:00,Pan troglodytes,0.6212897084353121,2.174513979523592
2026-09-03 12:40:00,Pan troglodytes,0.9063315477718404,3.1721604172014417
2026-09-03 12:45:00,Pan troglodytes,0.8014957563617298,2.805235147266054
2026-09-03 12:50:00,Pan troglodytes,0.7182209919209293,2.5137734717232525
2026-09-03 12:55:00,Pan troglodytes,0.9649094180871867,3.3771829633051533
2026-09-03 13:00:00,Pan troglodytes,0.780978212590888,2.7334237440681077
2026-09-03 13:05:00,Pan troglodytes,0.6926636336513942,2.4243227177798796
2026-09-03 13:10:00,Pan troglodytes,0.9719899338345999,3.4019647684210996
2026-09-03 13:15:00,Pan troglodytes,0.7706006656330913,2.697102329715819
2026-09-03 13:20:00,Pan troglodytes,0.5703144879081559,1.9961007076785455
2026-09-03 13:25:00,Pan troglodytes,1.0,3.5
2026-09-03 13:30:00,Pan troglodytes,0.7529932517566633,2.6354763811483215
2026-09-03 13:35:00,Pan troglodytes,0.5568381452478509,1.9489335083674781
2026-09-03 13:40:00,Pan troglodytes,0.968040785084621,3.3881427477961736
2026-09-03 13:45:00,Pan troglodytes,0.7990762128937197,2.7967667451280187
2026-09-03 13:50:00,Pan troglodytes,0.5897483051886533,2.0641190681602866
2026-09-03 13:55:00,Pan troglodytes,0.9000510118217082,3.1501785413759786
2026-09-03 14:00:00,Pan troglodytes,0.7217655328693247,2.526179365042636
2026-09-03 14:05:00,Pan troglodytes,0.5215776954526196,1.8255219340841684
2026-09-03 14:10:00,Pan troglodytes,0.9662427249843349,3.3818495374451722
2026-09-03 14:15:00,Pan troglodytes,0.8035472194376772,2.81241526803187
2026-09-03 14:20:00,Pan troglodytes,0.5678031293807226,1.9873109528325292
2026-09-03 14:25:00,Pan troglodytes,0.9171223730247373,3.2099283055865806
2026-09-03 14:30:00,Pan troglodytes,0.7020499811555551,2.457174934044443
2026-09-03 14:35:00,Pan troglodytes,0.6124723051937794,2.143653068178228
2026-09-03 14:40:00,Pan troglodytes,0.9038154155897397,3.163353954564089
2026-09-03 14:45:00,Pan troglodytes,0.7059380625081415,2.4707832187784953
2026-09-03 14:50:00,Pan troglodytes,0.5415905092361957,1.8955667823266849
2026-09-03 14:55:00,Pan troglodytes,0.9294237908861892,3.252983268101662
2026-09-03 15:00:00,Pan troglodytes,0.7534188418503593,2.636965946476258
2026-09-03 15:05:00,Pan troglodytes,0.3976498063337003,1.391774322167951
2026-09-03 15:10:00,Pan troglodytes,0.8801841207042225,3.0806444224647787
2026-09-03 15:15:00,Pan troglodytes,0.5751094408188138,2.012883042865848
2026-09-03 15:20:00,Pan troglodytes,0.44202199440364653,1.5470769804127629
2026-09-03 15:25:00,Pan troglodytes,0.7755314188127955,2.7143599658447846
2026-09-03 15:30:00,Pan troglodytes,0.7014085941291388,2.454930079451986
2026-09-03 15:35:00,Pan troglodytes,0.4313775567487402,1.5098214486205905
2026-09-03 15:40:00,Pan troglodytes,0.729118457294262,2.551914600529917
2026-09-03 15:45:00,Pan troglodytes,0.6058059618655857,2.12032086652955
2026-09-03 15:50:00,Pan troglodytes,0.4238558005128887,1.4834953017951105
2026-09-03 15:55:00,Pan troglodytes,0.7773796799741425,2.7208288799094986
2026-09-03 16:00:00,Pan troglodytes,0.5233432722132885,1.8317014527465096
2026-09-03 16:05:00,Pan troglodytes,0.41215508921789323,1.4425428122626263
2026-09-03 16:10:00,Pan troglodytes,0.8287145234087865,2.900500831930753
2026-09-03 16:15:00,Pan troglodytes,0.4928376875311342,1.7249319063589699
2026-09-03 16:20:00,Pan troglodytes,0.2838276048414368,0.9933966169450289
2026-09-03 16:25:00,Pan troglodytes,0.6931844116153149,2.426145440653602
2026-09-03 16:30:00,Pan troglodytes,0.5359987274948587,1.8759955462320053
2026-09-03 16:35:00,Pan troglodytes,0.4275140896694612,1.4962993138431142
2026-09-03 16:40:00,Pan troglodytes,0.7036657322915492,2.462830063020422
2026-09-03 16:45:00,Pan troglodytes,0.5719575632564902,2.001851471397716
2026-09-03 16:50:00,Pan troglodytes,0.302515447309013,1.0588040655815454
2026-09-03 16:55:00,Pan troglodytes,0.6644869596998708,2.325704358949548
2026-09-03 17:00:00,Pan troglodytes,0.47287796465535226,1.6550728762937328
2026-09-03 17:05:00,Pan troglodytes,0.3547734501670567,1.2417070755846984
2026-09-03 17:10:00,Pan troglodytes,0.7190463316129521,2.5166621606453323
2026-09-03 17:15:00,Pan troglodytes,0.3992715644849831,1.3974504756974409
2026-09-03 17:20:00,Pan troglodytes,0.4144313237080972,1.4505096329783402
2026-09-03 17:25:00,Pan troglodytes,0.6348796382077535,2.2220787337271375
2026-09-03 17:30:00,Pan troglodytes,0.35832220922706115,1.254127732294714
2026-09-03 17:35:00,Pan troglodytes,0.3049437752321588,1.067303213312556
2026-09-03 17:40:00,Pan troglodytes,0.589009174381448,2.061532110335068
2026-09-03 17:45:00,Pan troglodytes,0.40962742400347146,1.4336959840121501
2026-09-03 17:50:00,Pan troglodytes,0.2698734787770943,0.94455717571983
2026-09-03 17:55:00,Pan troglodytes,0.5563051996700316,1.9470681988451104
2026-09-03 18:00:00,Pan troglodytes,0.3887939122702387,1.3607786929458354
2026-09-03 18:05:00,Pan troglodytes,0.23280796869658799,0.8148278904380579
2026-09-03 18:10:00,Pan troglodytes,0.44852734565030306,1.5698457097760607
2026-09-03 18:15:00,Pan troglodytes,0.3483846277170292,1.2193461970096022
2026-09-03 18:20:00,Pan troglodytes,0.12101475679255592,0.42355164877394574
2026-09-03 18:25:00,Pan troglodytes,0.5906047582030609,2.067116653710713
2026-09-03 18:30:00,Pan troglodytes,0.24315676356577776,0.8510486724802222
2026-09-03 18:35:00,Pan troglodytes,0.13068703139029514,0.457404609866033
2026-09-03 18:40:00,Pan troglodytes,0.6348560593208317,2.2219962076229107
2026-09-03 18:45:00,Pan troglodytes,0.22164016544680187,0.7757405790638066
2026-09-03 18:50:00,Pan troglodytes,0.20546020722210973,0.7191107252773841
2026-09-03 18:55:00,Pan troglodytes,0.5375399222094221,1.8813897277329774
2026-09-03 19:00:00,Pan troglodytes,0.2046028757840081,0.7161100652440283
2026-09-03 19:05:00,Pan troglodytes,0.2166042187736344,0.7581147657077204
2026-09-03 19:10:00,Pan troglodytes,0.4503575688291855,1.5762514909021492
2026-09-03 19:15:00,Pan troglodytes,0.19242299570495985,0.6734804849673595
2026-09-03 19:20:00,Pan troglodytes,0.1490524958879046,0.521683735607666
2026-09-03 19:25:00,Pan troglodytes,0.4416606418493545,1.5458122464727406
2026-09-03 19:30:00,Pan troglodytes,0.26058295389889313,0.912040338646126
2026-09-03 19:35:00,Pan troglodytes,0.08852218027376081,0.30982763095816285
2026-09-03 19:40:00,Pan troglodytes,0.43846073489764864,1.5346125721417703
2026-09-03 19:45:00,Pan troglodytes,0.10097084407003194,0.3533979542451118
2026-09-03 19:50:00,Pan troglodytes,0.03308373742256882,0.11579308097899088
2026-09-03 19:55:00,Pan troglodytes,0.38014829691312757,1.3305190391959465
2026-09-03 20:00:00,Pan troglodytes,0.08117167003042404,0.28410084510648415
2026-09-03 20:05:00,Pan troglodytes,0.01622511390728266,0.056787898675489314
2026-09-03 20:10:00,Pan troglodytes,0.2701033779380972,0.9453618227833401
2026-09-03 20:15:00,Pan troglodytes,0.0673797330295918,0.2358290656035713
2026-09-03 20:20:00,Pan troglodytes,0.01536124287681443,0.05376435006885051
2026-09-03 20:25:00,Pan troglodytes,0.4730409378886633,1.6556432826103216
2026-09-03 20:30:00,Pan troglodytes,0.11172407910265628,0.391034276859297
2026-09-03 20:35:00,Pan troglodytes,0.005873877992452956,0.02055857297358535
2026-09-03 20:40:00,Pan troglodytes,0.396750343059142,1.388626200706997
2026-09-03 20:45:00,Pan troglodytes,0.1182531485071579,0.4138860197750527
2026-09-03 20:50:00,Pan troglodytes,0.0,0.0
2026-09-03 20:55:00,Pan troglodytes,0.2851175441392655,0.9979114044874292
2026-09-03 21:00:00,Pan troglodytes,0.12418689852632861,0.43465414484215015
2026-09-03 21:05:00,Pan troglodytes,0.020473342536311265,0.07165669887708942
2026-09-03 21:10:00,Pan troglodytes,0.4124902984123575,1.4437160444432513
2026-09-03 21:15:00,Pan troglodytes,0.06082159006556644,0.21287556522948256
2026-09-03 21:20:00,Pan troglodytes,0.004509164700051832,0.015782076450181412
2026-09-03 21:25:00,Pan troglodytes,0.3101059899659901,1.0853709648809653
2026-09-03 21:30:00,Pan troglodytes,0.025902239256009662,0.09065783739603382
2026-09-03 21:35:00,Pan troglodytes,0.0,0.0
2026-09-03 21:40:00,Pan troglodytes,0.25826425983916806,0.9039249094370883
2026-09-03 21:45:00,Pan troglodytes,0.07514058558030484,0.2629920495310669
2026-09-03 21:50:00,Pan troglodytes,0.0,0.0
2026-09-03 21:55:00,Pan troglodytes,0.203568018177913,0.7124880636226956
2026-09-03 22:00:00,Pan troglodytes,0.0,0.0
2026-09-03 22:05:00,Pan troglodytes,0.0,0.0
2026-09-03 22:10:00,Pan troglodytes,0.30764436042033705,1.0767552614711797
2026-09-03 22:15:00,Pan troglodytes,0.04387783564218381,0.15357242474764332
2026-09-03 22:20:00,Pan troglodytes,0.0,0.0
2026-09-03 22:25:00,Pan troglodytes,0.2028030300043575,0.7098106050152513
2026-09-03 22:30:00,Pan troglodytes,0.0,0.0
2026-09-03 22:35:00,Pan troglodytes,0.030666490422891407,0.10733271648011992
2026-09-03 22:40:00,Pan troglodytes,0.2566869687733754,0.8984043907068138
2026-09-03 22:45:00,Pan troglodytes,0.0,0.0
2026-09-03 22:50:00,Pan troglodytes,0.0,0.0
2026-09-03 22:55:00,Pan troglodytes,0.1869076673726559,0.6541768358042956
2026-09-03 23:00:00,Pan troglodytes,0.0,0.0
2026-09-03 23:05:00,Pan troglodytes,0.0,0.0
2026-09-03 23:10:00,Pan troglodytes,0.1896644107681379,0.6638254376884827
2026-09-03 23:15:00,Pan troglodytes,0.0,0.0
2026-09-03 23:20:00,Pan troglodytes,0.0,0.0
2026-09-03 23:25:00,Pan troglodytes,0.2309240885728049,0.808234310004817
2026-09-03 23:30:00,Pan troglodytes,0.0,0.0
2026-09-03 23:35:00,Pan troglodytes,0.0,0.0
2026-09-03 23:40:00,Pan troglodytes,0.11945530607119714,0.41809357124919
2026-09-03 23:45:00,Pan troglodytes,0.0,0.0
2026-09-03 23:50:00,Pan troglodytes,0.0,0.0
2026-09-03 23:55:00,Pan troglodytes,0.2835602359015161,0.9924608256553062
2026-09-04 00:00:00,Pan troglodytes,0.0,0.0
2026-09-04 00:05:00,Pan troglodytes,0.0,0.0
2026-09-04 00:10:00,Pan troglodytes,0.22472563543006344,0.786539724005222
2026-09-04 00:15:00,Pan troglodytes,0.0,0.0
2026-09-04 00:20:00,Pan troglodytes,0.0,0.0
2026-09-04 00:25:00,Pan troglodytes,0.13506537912791283,0.4727288269476949
2026-09-04 00:30:00,Pan troglodytes,0.0,0.0
2026-09-04 00:35:00,Pan troglodytes,0.0,0.0
2026-09-04 00:40:00,Pan troglodytes,0.17390381314067865,0.6086633459923753
2026-09-04 00:45:00,Pan troglodytes,0.0,0.0
2026-09-04 00:50:00,Pan troglodytes,0.0,0.0
2026-09-04 00:55:00,Pan troglodytes,0.14122894746956866,0.49430131614349027
2026-09-04 01:00:00,Pan troglodytes,0.0,0.0
2026-09-04 01:05:00,Pan troglodytes,0.0,0.0
2026-09-04 01:10:00,Pan troglodytes,0.24918112932758954,0.8721339526465633
2026-09-04 01:15:00,Pan troglodytes,0.0,0.0
2026-09-04 01:20:00,Pan troglodytes,0.0,0.0
2026-09-04 01:25:00,Pan troglodytes,0.13293332678937,0.46526664376279503
2026-09-04 01:30:00,Pan troglodytes,0.0,0.0
2026-09-04 01:35:00,Pan troglodytes,0.0,0.0
2026-09-04 01:40:00,Pan troglodytes,0.18346317173497148,0.6421211010724002
2026-09-04 01:45:00,Pan troglodytes,0.0,0.0
2026-09-04 01:50:00,Pan troglodytes,0.0,0.0
2026-09-04 01:55:00,Pan troglodytes,0.27253171039588153,0.9538609863855854
2026-09-04 02:00:00,Pan troglodytes,0.0,0.0
2026-09-04 02:05:00,Pan troglodytes,0.0,0.0
2026-09-04 02:10:00,Pan troglodytes,0.25564885168524265,0.8947709808983493
2026-09-04 02:15:00,Pan troglodytes,0.0,0.0
2026-09-04 02:20:00,Pan troglodytes,0.0,0.0
2026-09-04 02:25:00,Pan troglodytes,0.296858594532394,1.039005080863379
2026-09-04 02:30:00,Pan troglodytes,0.0,0.0
2026-09-04 02:35:00,Pan troglodytes,0.0,0.0
2026-09-04 02:40:00,Pan troglodytes,0.30236479065284133,1.0582767672849447
2026-09-04 02:45:00,Pan troglodytes,0.0,0.0
2026-09-04 02:50:00,Pan troglodytes,0.09232330359048271,0.3231315625666895
2026-09-04 02:55:00,Pan troglodytes,0.35013896075408346,1.225486362639292
2026-09-04 03:00:00,Pan troglodytes,0.0,0.0
2026-09-04 03:05:00,Pan troglodytes,0.07534475753212927,0.2637066513624524
2026-09-04 03:10:00,Pan troglodytes,0.4152091846699831,1.4532321463449407
2026-09-04 03:15:00,Pan troglodytes,0.08899005083452732,0.3114651779208456
2026-09-04 03:20:00,Pan troglodytes,0.16656870119162248,0.5829904541706787
2026-09-04 03:25:00,Pan troglodytes,0.33583407111818275,1.1754192489136397
2026-09-04 03:30:00,Pan troglodytes,0.09277278715869314,0.32470475505542595
2026-09-04 03:35:00,Pan troglodytes,0.12284885941059251,0.42997100793707377
2026-09-04 03:40:00,Pan troglodytes,0.40053770834636043,1.4018819792122614
2026-09-04 03:45:00,Pan troglodytes,0.038100268732747605,0.1333509405646166
2026-09-04 03:50:00,Pan troglodytes,0.05194925740627662,0.18182240092196816
2026-09-04 03:55:00,Pan troglodytes,0.4027208894637372,1.40952311312308
2026-09-04 04:00:00,Pan troglodytes,0.07919142008510315,0.277169970297861
2026-09-04 04:05:00,Pan troglodytes,0.15041129640173412,0.5264395374060694
2026-09-04 04:10:00,Pan troglodytes,0.48259530837572756,1.6890835793150465
2026-09-04 04:15:00,Pan troglodytes,0.1129849351507361,0.3954472730275763
2026-09-04 04:20:00,Pan troglodytes,0.12262611087848832,0.42919138807470913
2026-09-04 04:25:00,Pan troglodytes,0.31372164331851954,1.0980257516148184
2026-09-04 04:30:00,Pan troglodytes,0.11225582293339079,0.39289538026686777
2026-09-04 04:35:00,Pan troglodytes,0.22017596523002314,0.7706158783050809
2026-09-04 04:40:00,Pan troglodytes,0.4141679139007493,1.4495876986526226
2026-09-04 04:45:00,Pan troglodytes,0.17106565695108417,0.5987297993287946
2026-09-04 04:50:00,Pan troglodytes,0.18365695410519653,0.6427993393681879
2026-09-04 04:55:00,Pan troglodytes,0.5350810045832189,1.8727835160412662
2026-09-04 05:00:00,Pan troglodytes,0.150675260954941,0.5273634133422935
2026-09-04 05:05:00,Pan troglodytes,0.22933989014682896,0.8026896155139014
2026-09-04 05:10:00,Pan troglodytes,0.5297724131909873,1.8542034461684556
2026-09-04 05:15:00,Pan troglodytes,0.15771106603257581,0.5519887311140154
2026-09-04 05:20:00,Pan troglodytes,0.23971226929451078,0.8389929425307877
2026-09-04 05:25:00,Pan troglodytes,0.512274560686629,1.7929609624032015
2026-09-04 05:30:00,Pan troglodytes,0.19647707060114467,0.6876697471040063
2026-09-04 05:35:00,Pan troglodytes,0.3623519518659129,1.268231831530695
2026-09-04 05:40:00,Pan troglodytes,0.5384077711318969,1.884427198961639
2026-09-04 05:45:00,Pan troglodytes,0.2391234374875892,0.8369320312065622
2026-09-04 05:50:00,Pan troglodytes,0.30392714081048744,1.063744992836706
2026-09-04 05:55:00,Pan troglodytes,0.5057657714494115,1.7701802000729403
2026-09-04 06:00:00,Pan troglodytes,0.2050608566177773,0.7177129981622206
2026-09-04 06:05:00,Pan troglodytes,0.28071053273166663,0.9824868645608332
2026-09-04 06:10:00,Pan troglodytes,0.6124667284137808,2.143633549448233
2026-09-04 06:15:00,Pan troglodytes,0.38351490510805164,1.3423021678781808
2026-09-04 06:20:00,Pan troglodytes,0.38172908409548856,1.3360517943342098
2026-09-04 06:25:00,Pan troglodytes,0.5868722845849894,2.0540529960474627
2026-09-04 06:30:00,Pan troglodytes,0.2558552261767363,0.8954932916185769
2026-09-04 06:35:00,Pan troglodytes,0.4196348650799982,1.4687220277799937
2026-09-04 06:40:00,Pan troglodytes,0.6037218761182547,2.1130265664138914
2026-09-04 06:45:00,Pan troglodytes,0.2834299513335704,0.9920048296674964
2026-09-04 06:50:00,Pan troglodytes,0.4162964785583607,1.4570376749542624
2026-09-04 06:55:00,Pan troglodytes,0.7246703192338664,2.536346117318532
2026-09-04 07:00:00,Pan troglodytes,0.34259027504820433,1.1990659626687152
2026-09-04 07:05:00,Pan troglodytes,0.41690961378222213,1.4591836482377776
2026-09-04 07:10:00,Pan troglodytes,0.7087446270796444,2.480606194778755
2026-09-04 07:15:00,Pan troglodytes,0.39464239607105966,1.3812483862487088
2026-09-04 07:20:00,Pan troglodytes,0.5168952739524921,1.8091334588337225
2026-09-04 07:25:00,Pan troglodytes,0.6124399172664641,2.1435397104326244
2026-09-04 07:30:00,Pan troglodytes,0.3659349014068471,1.2807721549239648
2026-09-04 07:35:00,Pan troglodytes,0.5428827837489103,1.900089743121186
2026-09-04 07:40:00,Pan troglodytes,0.7512659878303353,2.6294309574061736
2026-09-04 07:45:00,Pan troglodytes,0.41093178549980064,1.4382612492493023
2026-09-04 07:50:00,Pan troglodytes,0.612794276483848,2.144779967693468
2026-09-04 07:55:00,Pan troglodytes,0.7523655313524495,2.6332793597335735
2026-09-04 08:00:00,Pan troglodytes,0.45303554301886434,1.5856244005660252
2026-09-04 08:05:00,Pan troglodytes,0.6031970355742784,2.1111896245099744
2026-09-04 08:10:00,Pan troglodytes,0.7526387187855853,2.6342355157495487
2026-09-04 08:15:00,Pan troglodytes,0.49087841057884396,1.7180744370259537
2026-09-04 08:20:00,Pan troglodytes,0.551146096468287,1.9290113376390048
2026-09-04 08:25:00,Pan troglodytes,0.8888257655549064,3.1108901794421726
2026-09-04 08:30:00,Pan troglodytes,0.5235444323349473,1.8324055131723156
2026-09-04 08:35:00,Pan troglodytes,0.6493081076031411,2.2725783766109937
2026-09-04 08:40:00,Pan troglodytes,0.8393720373092445,2.9378021305823556
2026-09-04 08:45:00,Pan troglodytes,0.4656990586842772,1.62994670539497
2026-09-04 08:50:00,Pan troglodytes,0.5476171648765698,1.916660077067994
2026-09-04 08:55:00,Pan troglodytes,0.9590276956803734,3.3565969348813067
2026-09-04 09:00:00,Pan troglodytes,0.6088876076175638,2.1311066266614733
2026-09-04 09:05:00,Pan troglodytes,0.6553343297871858,2.29367015425515
2026-09-04 09:10:00,Pan troglodytes,0.8238665613449718,2.8835329647074013
2026-09-04 09:15:00,Pan troglodytes,0.5452850474397503,1.908497666039126
2026-09-04 09:20:00,Pan troglodytes,0.6668535257104814,2.333987339986685
2026-09-04 09:25:00,Pan troglodytes,0.8715423498975677,3.050398224641487
2026-09-04 09:30:00,Pan troglodytes,0.6691343255291717,2.3419701393521013
2026-09-04 09:35:00,Pan troglodytes,0.691312303372581,2.4195930618040333
2026-09-04 09:40:00,Pan troglodytes,0.8943281583136428,3.1301485540977496
2026-09-04 09:45:00,Pan troglodytes,0.5734234135644654,2.0069819474756287
2026-09-04 09:50:00,Pan troglodytes,0.6152275765152184,2.1532965178032644
2026-09-04 09:55:00,Pan troglodytes,0.8810413712142725,3.083644799249954
2026-09-04 10:00:00,Pan troglodytes,0.6427811896422134,2.249734163747747
2026-09-04 10:05:00,Pan troglodytes,0.7697929772076667,2.6942754202268335
2026-09-04 10:10:00,Pan troglodytes,0.9347288410555274,3.271550943694346
2026-09-04 10:15:00,Pan troglodytes,0.5846482181919761,2.0462687636719163
2026-09-04 10:20:00,Pan troglodytes,0.612827755370142,2.144897143795497
2026-09-04 10:25:00,Pan troglodytes,0.9091572580101505,3.1820504030355266
2026-09-04 10:30:00,Pan troglodytes,0.6306661076003269,2.2073313766011444
2026-09-04 10:35:00,Pan troglodytes,0.8079545854279223,2.827841048997728
2026-09-04 10:40:00,Pan troglodytes,0.9283936579422598,3.2493778027979094
2026-09-04 10:45:00,Pan troglodytes,0.5670667698039527,1.9847336943138343
2026-09-04 10:50:00,Pan troglodytes,0.740069597455009,2.5902435910925314
2026-09-04 10:55:00,Pan troglodytes,1.0,3.5
2026-09-04 11:00:00,Pan troglodytes,0.5598041751666886,1.95931461308341
2026-09-04 11:05:00,Pan troglodytes,0.8455820469905687,2.9595371644669903
2026-09-04 11:10:00,Pan troglodytes,1.0,3.5
2026-09-04 11:15:00,Pan troglodytes,0.5280182211981164,1.8480637741934074
2026-09-04 11:20:00,Pan troglodytes,0.8166741110130034,2.858359388545512
2026-09-04 11:25:00,Pan troglodytes,0.9577016218769183,3.3519556765692142
2026-09-04 11:30:00,Pan troglodytes,0.6473971384091916,2.2658899844321705
2026-09-04 11:35:00,Pan troglodytes,0.7718090001281307,2.7013315004484575
2026-09-04 11:40:00,Pan troglodytes,0.9933120282888213,3.4765920990108743
2026-09-04 11:45:00,Pan troglodytes,0.5744527940006887,2.0105847790024107
2026-09-04 11:50:00,Pan troglodytes,0.8359931525634691,2.925976033972142
2026-09-04 11:55:00,Pan troglodytes,0.964320283294389,3.3751209915303617
2026-09-04 12:00:00,Pan troglodytes,0.6260188432852082,2.1910659514982287
2026-09-04 12:05:00,Pan troglodytes,0.8399378016831204,2.939782305890921
2026-09-04 12:10:00,Pan troglodytes,0.9990717373364258,3.4967510806774906
2026-09-04 12:15:00,Pan troglodytes,0.6585394108282909,2.3048879378990184
2026-09-04 12:20:00,Pan troglodytes,0.808608451282013,2.8301295794870454
2026-09-04 12:25:00,Pan troglodytes,0.9801744391177951,3.430610536912283
2026-09-04 12:30:00,Pan troglodytes,0.6457792427017338,2.2602273494560685
2026-09-04 12:35:00,Pan troglodytes,0.8152843590678526,2.853495256737484
2026-09-04 12:40:00,Pan troglodytes,1.0,3.5
2026-09-04 12:45:00,Pan troglodytes,0.6523518849681903,2.283231597388666
2026-09-04 12:50:00,Pan troglodytes,0.7885139426943321,2.759798799430162
2026-09-04 12:55:00,Pan troglodytes,0.898941635537365,3.1462957243807774
2026-09-04 13:00:00,Pan troglodytes,0.5919575652337816,2.071851478318236
2026-09-04 13:05:00,Pan troglodytes,0.8011103248710414,2.8038861370486448
2026-09-04 13:10:00,Pan troglodytes,0.9838725794878077,3.443554028207327
2026-09-04 13:15:00,Pan troglodytes,0.5821062547388123,2.0373718915858428
2026-09-04 13:20:00,Pan troglodytes,0.7643528482172393,2.6752349687603374
2026-09-04 13:25:00,Pan troglodytes,0.8968489214019018,3.138971224906656
2026-09-04 13:30:00,Pan troglodytes,0.5739050826053307,2.0086677891186575
2026-09-04 13:35:00,Pan troglodytes,0.7737947676905417,2.7082816869168957
2026-09-04 13:40:00,Pan troglodytes,0.9241863516480037,3.234652230768013
2026-09-04 13:45:00,Pan troglodytes,0.5769642699871922,2.019374944955173
2026-09-04 13:50:00,Pan troglodytes,0.8229054918885109,2.8801692216097883
2026-09-04 13:55:00,Pan troglodytes,0.9526977086830207,3.3344419803905727
2026-09-04 14:00:00,Pan troglodytes,0.5968024259758749,2.0888084909155618
2026-09-04 14:05:00,Pan troglodytes,0.7434964222677689,2.6022374779371913
2026-09-04 14:10:00,Pan troglodytes,0.8393219937663282,2.937626978182149
2026-09-04 14:15:00,Pan troglodytes,0.5366640524493039,1.8783241835725637
2026-09-04 14:20:00,Pan troglodytes,0.7712401965468287,2.6993406879139004
2026-09-04 14:25:00,Pan troglodytes,0.9367294135509576,3.2785529474283517
2026-09-04 14:30:00,Pan troglodytes,0.5252393907396056,1.8383378675886195
2026-09-04 14:35:00,Pan troglodytes,0.8144110380349773,2.8504386331224203
2026-09-04 14:40:00,Pan troglodytes,0.8970669740999567,3.1397344093498485
2026-09-04 14:45:00,Pan troglodytes,0.45647318239522167,1.597656138383276
2026-09-04 14:50:00,Pan troglodytes,0.6977975153436664,2.4422913037028326
2026-09-04 14:55:00,Pan troglodytes,0.8234797568906332,2.882179149117216
2026-09-04 15:00:00,Pan troglodytes,0.5218240333576096,1.8263841167516337
2026-09-04 15:05:00,Pan troglodytes,0.7278989024357586,2.547646158525155
2026-09-04 15:10:00,Pan troglodytes,0.8259391411452855,2.8907869940084994
2026-09-04 15:15:00,Pan troglodytes,0.49004251499843277,1.7151488024945147
2026-09-04 15:20:00,Pan troglodytes,0.7339528473230604,2.5688349656307117
2026-09-04 15:25:00,Pan troglodytes,0.8229010898733062,2.880153814556572
2026-09-04 15:30:00,Pan troglodytes,0.43021834876032994,1.5057642206611548
2026-09-04 15:35:00,Pan troglodytes,0.6935614303569024,2.4274650062491583
2026-09-04 15:40:00,Pan troglodytes,0.7315349228170951,2.5603722298598326
2026-09-04 15:45:00,Pan troglodytes,0.4055805937869892,1.4195320782544623
2026-09-04 15:50:00,Pan troglodytes,0.7010939488160901,2.4538288208563155
2026-09-04 15:55:00,Pan troglodytes,0.7127960868076213,2.4947863038266744
2026-09-04 16:00:00,Pan troglodytes,0.3209465770579565,1.1233130197028478
2026-09-04 16:05:00,Pan troglodytes,0.6361506200612125,2.2265271702142435
2026-09-04 16:10:00,Pan troglodytes,0.7081968392464133,2.4786889373624463
2026-09-04 16:15:00,Pan troglodytes,0.4663571962899836,1.6322501870149426
2026-09-04 16:20:00,Pan troglodytes,0.6617408493187977,2.316092972615792
2026-09-04 16:25:00,Pan troglodytes,0.7171576264703149,2.510051692646102
2026-09-04 16:30:00,Pan troglodytes,0.41254395792407555,1.4439038527342645
2026-09-04 16:35:00,Pan troglodytes,0.6465229598740505,2.2628303595591768
2026-09-04 16:40:00,Pan troglodytes,0.5649065286730139,1.9771728503555488
2026-09-04 16:45:00,Pan troglodytes,0.41361812704020273,1.4476634446407095
2026-09-04 16:50:00,Pan troglodytes,0.5689249920372934,1.991237472130527
2026-09-04 16:55:00,Pan troglodytes,0.7758684303797349,2.715539506329072
2026-09-04 17:00:00,Pan troglodytes,0.24558893394872494,0.8595612688205373
2026-09-04 17:05:00,Pan troglodytes,0.4976301224064425,1.7417054284225488
2026-09-04 17:10:00,Pan troglodytes,0.6924818289874578,2.423686401456102
2026-09-04 17:15:00,Pan troglodytes,0.17731629001604077,0.6206070150561427
2026-09-04 17:20:00,Pan troglodytes,0.5473245799446304,1.9156360298062063
2026-09-04 17:25:00,Pan troglodytes,0.6066359480260433,2.1232258180911514
2026-09-04 17:30:00,Pan troglodytes,0.32560021443985565,1.1396007505394947
2026-09-04 17:35:00,Pan troglodytes,0.4665549325099253,1.6329422637847386
2026-09-04 17:40:00,Pan troglodytes,0.5992500743139935,2.097375260098977
2026-09-04 17:45:00,Pan troglodytes,0.27217437253269194,0.9526103038644218
2026-09-04 17:50:00,Pan troglodytes,0.45294592491941593,1.5853107372179558
2026-09-04 17:55:00,Pan troglodytes,0.6009209643107023,2.103223375087458
2026-09-04 18:00:00,Pan troglodytes,0.2562078089789606,0.8967273314263622
2026-09-04 18:05:00,Pan troglodytes,0.42755271134817174,1.496434489718601
2026-09-04 18:10:00,Pan troglodytes,0.5362439450014178,1.8768538075049623
2026-09-04 18:15:00,Pan troglodytes,0.23784828026844868,0.8324689809395703
2026-09-04 18:20:00,Pan troglodytes,0.42627090366898024,1.4919481628414308
2026-09-04 18:25:00,Pan troglodytes,0.47675033640021486,1.668626177400752
2026-09-04 18:30:00,Pan troglodytes,0.1303263133117947,0.45614209659128147
2026-09-04 18:35:00,Pan troglodytes,0.37667194826205164,1.3183518189171808
2026-09-04 18:40:00,Pan troglodytes,0.45003433920932173,1.5751201872326261
2026-09-04 18:45:00,Pan troglodytes,0.17131896013403614,0.5996163604691265
2026-09-04 18:50:00,Pan troglodytes,0.3833167299071359,1.3416085546749756
2026-09-04 18:55:00,Pan troglodytes,0.39176724445233196,1.371185355583162
2026-09-04 19:00:00,Pan troglodytes,0.18208723018537804,0.6373053056488232
2026-09-04 19:05:00,Pan troglodytes,0.2959218357039605,1.0357264249638618
2026-09-04 19:10:00,Pan troglodytes,0.37436770762033994,1.3102869766711898
2026-09-04 19:15:00,Pan troglodytes,0.14294493024202798,0.5003072558470979
2026-09-04 19:20:00,Pan troglodytes,0.2925982412597554,1.024093844409144
2026-09-04 19:25:00,Pan troglodytes,0.33161736705852546,1.1606607847048391
2026-09-04 19:30:00,Pan troglodytes,0.00204312495038797,0.007150937326357895
2026-09-04 19:35:00,Pan troglodytes,0.1914166434817301,0.6699582521860553
2026-09-04 19:40:00,Pan troglodytes,0.405751414272551,1.4201299499539286
2026-09-04 19:45:00,Pan troglodytes,0.028740997780758448,0.10059349223265457
2026-09-04 19:50:00,Pan troglodytes,0.17848398079222955,0.6246939327728034
2026-09-04 19:55:00,Pan troglodytes,0.3254062067703036,1.1389217236960625
2026-09-04 20:00:00,Pan troglodytes,0.0,0.0
2026-09-04 20:05:00,Pan troglodytes,0.42694003940898145,1.494290137931435
2026-09-04 20:10:00,Pan troglodytes,0.27449804003909883,0.9607431401368459
2026-09-04 20:15:00,Pan troglodytes,0.0,0.0
2026-09-04 20:20:00,Pan troglodytes,0.24854740346433712,0.8699159121251799
2026-09-04 20:25:00,Pan troglodytes,0.28421862965295136,0.9947652037853297
2026-09-04 20:30:00,Pan troglodytes,0.0,0.0
2026-09-04 20:35:00,Pan troglodytes,0.12662206559726089,0.4431772295904131
2026-09-04 20:40:00,Pan troglodytes,0.15081563673036424,0.5278547285562749
2026-09-04 20:45:00,Pan troglodytes,0.0,0.0
2026-09-04 20:50:00,Pan troglodytes,0.09551902218760448,0.3343165776566157
2026-09-04 20:55:00,Pan troglodytes,0.3571667820434154,1.250083737151954
2026-09-04 21:00:00,Pan troglodytes,0.0,0.0
2026-09-04 21:05:00,Pan troglodytes,0.1820953281355791,0.6373336484745269
2026-09-04 21:10:00,Pan troglodytes,0.15249249800714398,0.5337237430250039
2026-09-04 21:15:00,Pan troglodytes,0.0,0.0
2026-09-04 21:20:00,Pan troglodytes,0.2065946053997938,0.7230811188992783
2026-09-04 21:25:00,Pan troglodytes,0.17353362793105342,0.607367697758687
2026-09-04 21:30:00,Pan troglodytes,0.0,0.0
2026-09-04 21:35:00,Pan troglodytes,0.10932186978999835,0.3826265442649942
2026-09-04 21:40:00,Pan troglodytes,0.15913073247091541,0.5569575636482039
2026-09-04 21:45:00,Pan troglodytes,0.0,0.0
2026-09-04 21:50:00,Pan troglodytes,0.0974476053970463,0.34106661888966205
2026-09-04 21:55:00,Pan troglodytes,0.20960400259935014,0.7336140090977255
2026-09-04 22:00:00,Pan troglodytes,0.0,0.0
2026-09-04 22:05:00,Pan troglodytes,0.10472313308273831,0.3665309657895841
2026-09-04 22:10:00,Pan troglodytes,0.13282462650825141,0.46488619277887994
2026-09-04 22:15:00,Pan troglodytes,0.0,0.0
2026-09-04 22:20:00,Pan troglodytes,0.14412614632791615,0.5044415121477065
2026-09-04 22:25:00,Pan troglodytes,0.15846607411909025,0.5546312594168159
2026-09-04 22:30:00,Pan troglodytes,0.0,0.0
2026-09-04 22:35:00,Pan troglodytes,0.12987018924805108,0.4545456623681788
2026-09-04 22:40:00,Pan troglodytes,0.08972357945035235,0.3140325280762332
2026-09-04 22:45:00,Pan troglodytes,0.0,0.0
2026-09-04 22:50:00,Pan troglodytes,0.0421976061547254,0.1476916215415389
2026-09-04 22:55:00,Pan troglodytes,0.09059870968141588,0.31709548388495556
2026-09-04 23:00:00,Pan troglodytes,0.0,0.0
2026-09-04 23:05:00,Pan troglodytes,0.11146119233478993,0.3901141731717648
2026-09-04 23:10:00,Pan troglodytes,0.1214705369691461,0.42514687939201135
2026-09-04 23:15:00,Pan troglodytes,0.0,0.0
2026-09-04 23:20:00,Pan troglodytes,0.17960716956617365,0.6286250934816078
2026-09-04 23:25:00,Pan troglodytes,0.004241726185726005,0.014846041650041018
2026-09-04 23:30:00,Pan troglodytes,0.0,0.0
2026-09-04 23:35:00,Pan troglodytes,0.09306864074126299,0.32574024259442047
2026-09-04 23:40:00,Pan troglodytes,0.03594302221266704,0.12580057774433465
2026-09-04 23:45:00,Pan troglodytes,0.0,0.0
2026-09-04 23:50:00,Pan troglodytes,0.08674247035832593,0.30359864625414074
2026-09-04 23:55:00,Pan troglodytes,0.12822590315033675,0.4487906610261786
2026-09-05 00:00:00,Pan troglodytes,0.0,0.0
2026-09-05 00:05:00,Pan troglodytes,0.13020784931114004,0.45572747258899016
2026-09-05 00:10:00,Pan troglodytes,0.10288078029828726,0.3600827310440054
2026-09-05 00:15:00,Pan troglodytes,0.0,0.0
2026-09-05 00:20:00,Pan troglodytes,0.12238492535820883,0.42834723875373093
2026-09-05 00:25:00,Pan troglodytes,0.13758429136024755,0.48154501976086644
2026-09-05 00:30:00,Pan troglodytes,0.0,0.0
2026-09-05 00:35:00,Pan troglodytes,0.1857360620384851,0.6500762171346979
2026-09-05 00:40:00,Pan troglodytes,0.03267889308616452,0.11437612580157583
2026-09-05 00:45:00,Pan troglodytes,0.0,0.0
2026-09-05 00:50:00,Pan troglodytes,0.1341607926366457,0.46956277422826
2026-09-05 00:55:00,Pan troglodytes,0.09857196274697096,0.3450018696143983
2026-09-05 01:00:00,Pan troglodytes,0.0,0.0
2026-09-05 01:05:00,Pan troglodytes,0.0,0.0
2026-09-05 01:10:00,Pan troglodytes,0.07352821576624562,0.2573487551818597
2026-09-05 01:15:00,Pan troglodytes,0.0,0.0
2026-09-05 01:20:00,Pan troglodytes,0.24585507125282285,0.86049274938488
2026-09-05 01:25:00,Pan troglodytes,0.055339258179749024,0.19368740362912157
2026-09-05 01:30:00,Pan troglodytes,0.0,0.0
2026-09-05 01:35:00,Pan troglodytes,0.10974023970366124,0.3840908389628144
2026-09-05 01:40:00,Pan troglodytes,0.09458016886331969,0.3310305910216189
2026-09-05 01:45:00,Pan troglodytes,0.0,0.0
2026-09-05 01:50:00,Pan troglodytes,0.1688802713450981,0.5910809497078433
2026-09-05 01:55:00,Pan troglodytes,0.1506059398050808,0.5271207893177828
2026-09-05 02:00:00,Pan troglodytes,0.0,0.0
2026-09-05 02:05:00,Pan troglodytes,0.14046268337531292,0.49161939181359526
2026-09-05 02:10:00,Pan troglodytes,0.14641050244328938,0.5124367585515128
2026-09-05 02:15:00,Pan troglodytes,0.0,0.0
2026-09-05 02:20:00,Pan troglodytes,0.2473405824506622,0.8656920385773177
2026-09-05 02:25:00,Pan troglodytes,0.04196632403754201,0.14688213413139703
2026-09-05 02:30:00,Pan troglodytes,0.0,0.0
2026-09-05 02:35:00,Pan troglodytes,0.22508774739184495,0.7878071158714574
2026-09-05 02:40:00,Pan troglodytes,0.15511783437617532,0.5429124203166136
2026-09-05 02:45:00,Pan troglodytes,0.0,0.0
2026-09-05 02:50:00,Pan troglodytes,0.24087174732558111,0.8430511156395339
2026-09-05 02:55:00,Pan troglodytes,0.20368977498731636,0.7129142124556073
2026-09-05 03:00:00,Pan troglodytes,0.0,0.0
2026-09-05 03:05:00,Pan troglodytes,0.3173631865356281,1.1107711528746984
2026-09-05 03:10:00,Pan troglodytes,0.2192751762296841,0.7674631168038943
2026-09-05 03:15:00,Pan troglodytes,0.00848224556205239,0.029687859467183365
2026-09-05 03:20:00,Pan troglodytes,0.2870400994225775,1.0046403479790214
2026-09-05 03:25:00,Pan troglodytes,0.18958325702509643,0.6635413995878375
2026-09-05 03:30:00,Pan troglodytes,0.0,0.0
2026-09-05 03:35:00,Pan troglodytes,0.3005823233481471,1.0520381317185148
2026-09-05 03:40:00,Pan troglodytes,0.24219152626474963,0.8476703419266237
2026-09-05 03:45:00,Pan troglodytes,0.0,0.0
2026-09-05 03:50:00,Pan troglodytes,0.38669634597392216,1.3534372109087276
2026-09-05 03:55:00,Pan troglodytes,0.19035250561940864,0.6662337696679302
2026-09-05 04:00:00,Pan troglodytes,0.0,0.0
2026-09-05 04:05:00,Pan troglodytes,0.3659397568406259,1.2807891489421908
2026-09-05 04:10:00,Pan troglodytes,0.2882298778235654,1.008804572382479
2026-09-05 04:15:00,Pan troglodytes,0.08696105647078975,0.3043636976477641
2026-09-05 04:20:00,Pan troglodytes,0.4667874853875431,1.6337561988564009
2026-09-05 04:25:00,Pan troglodytes,0.2783771301471579,0.9743199555150528
2026-09-05 04:30:00,Pan troglodytes,0.1322611023830365,0.4629138583406278
2026-09-05 04:35:00,Pan troglodytes,0.3980012781246536,1.3930044734362874
2026-09-05 04:40:00,Pan troglodytes,0.2970356178941973,1.0396246626296906
2026-09-05 04:45:00,Pan troglodytes,0.11233863880030492,0.39318523580106723
2026-09-05 04:50:00,Pan troglodytes,0.37008620391140123,1.2953017136899043
2026-09-05 04:55:00,Pan troglodytes,0.3184501836953571,1.1145756429337499
2026-09-05 05:00:00,Pan troglodytes,0.06459093399392235,0.22606826897872823
2026-09-05 05:05:00,Pan troglodytes,0.46876775129165127,1.6406871295207794
2026-09-05 05:10:00,Pan troglodytes,0.3755447152617984,1.3144065034162944
2026-09-05 05:15:00,Pan troglodytes,0.03236699263076616,0.11328447420768156
2026-09-05 05:20:00,Pan troglodytes,0.4427168984768765,1.5495091446690679
2026-09-05 05:25:00,Pan troglodytes,0.33964654330837735,1.1887629015793206
2026-09-05 05:30:00,Pan troglodytes,0.15561443014685608,0.5446505055139963
2026-09-05 05:35:00,Pan troglodytes,0.5271106355885019,1.8448872245597567
2026-09-05 05:40:00,Pan troglodytes,0.4560967274151443,1.596338545953005
2026-09-05 05:45:00,Pan troglodytes,0.2419662604714824,0.8468819116501884
2026-09-05 05:50:00,Pan troglodytes,0.6190752611355987,2.1667634139745955
2026-09-05 05:55:00,Pan troglodytes,0.5013047637275991,1.754566673046597
2026-09-05 06:00:00,Pan troglodytes,0.16625511886361596,0.5818929160226559
2026-09-05 06:05:00,Pan troglodytes,0.40167454007404324,1.4058608902591514
2026-09-05 06:10:00,Pan troglodytes,0.4934323466805409,1.7270132133818932
2026-09-05 06:15:00,Pan troglodytes,0.2599322014524762,0.9097627050836667
2026-09-05 06:20:00,Pan troglodytes,0.7146207904250149,2.501172766487552
2026-09-05 06:25:00,Pan troglodytes,0.4899417696950909,1.7147961939328182
2026-09-05 06:30:00,Pan troglodytes,0.24609951708398292,0.8613483097939403
2026-09-05 06:35:00,Pan troglodytes,0.6901580694297286,2.41555324300405
2026-09-05 06:40:00,Pan troglodytes,0.4649895920906939,1.6274635723174287
2026-09-05 06:45:00,Pan troglodytes,0.3325684315553122,1.1639895104435927
2026-09-05 06:50:00,Pan troglodytes,0.6916021103148947,2.4206073861021316
2026-09-05 06:55:00,Pan troglodytes,0.5793103530379634,2.0275862356328718
2026-09-05 07:00:00,Pan troglodytes,0.31670554695963055,1.1084694143587068
2026-09-05 07:05:00,Pan troglodytes,0.6869184633362189,2.404214621676766
2026-09-05 07:10:00,Pan troglodytes,0.546353431560812,1.912237010462842
2026-09-05 07:15:00,Pan troglodytes,0.37923657557919405,1.327328014527179
2026-09-05 07:20:00,Pan troglodytes,0.7131802690496315,2.49613094167371
2026-09-05 07:25:00,Pan troglodytes,0.4683086921825767,1.6390804226390185
2026-09-05 07:30:00,Pan troglodytes,0.3642433021653539,1.2748515575787387
2026-09-05 07:35:00,Pan troglodytes,0.783395835418924,2.741885423966234
2026-09-05 07:40:00,Pan troglodytes,0.5580578071118614,1.9532023248915147
2026-09-05 07:45:00,Pan troglodytes,0.3941575923099204,1.3795515730847214
2026-09-05 07:50:00,Pan troglodytes,0.7656449258274374,2.6797572403960306
2026-09-05 07:55:00,Pan troglodytes,0.6381986584620211,2.2336953046170738
2026-09-05 08:00:00,Pan troglodytes,0.35035401161676616,1.2262390406586816
2026-09-05 08:05:00,Pan troglodytes,0.7349194502805341,2.572218075981869
2026-09-05 08:10:00,Pan troglodytes,0.6269605289356107,2.1943618512746377
2026-09-05 08:15:00,Pan troglodytes,0.5707044365809488,1.997465528033321
2026-09-05 08:20:00,Pan troglodytes,0.758889531202444,2.656113359208554
2026-09-05 08:25:00,Pan troglodytes,0.6759604540680062,2.3658615892380217
2026-09-05 08:30:00,Pan troglodytes,0.4598384670288839,1.6094346346010937
2026-09-05 08:35:00,Pan troglodytes,0.8484994961115029,2.9697482363902603
2026-09-05 08:40:00,Pan troglodytes,0.7112838854822154,2.489493599187754
2026-09-05 08:45:00,Pan troglodytes,0.5005560510960071,1.7519461788360249
2026-09-05 08:50:00,Pan troglodytes,0.8077022874643146,2.826958006125101
2026-09-05 08:55:00,Pan troglodytes,0.6375764014578278,2.231517405102397
2026-09-05 09:00:00,Pan troglodytes,0.4970149621341548,1.739552367469542
2026-09-05 09:05:00,Pan troglodytes,0.8285895138375273,2.9000632984313457
2026-09-05 09:10:00,Pan troglodytes,0.7457583779439783,2.6101543228039237
2026-09-05 09:15:00,Pan troglodytes,0.5346827216333703,1.871389525716796
2026-09-05 09:20:00,Pan troglodytes,0.8422112029023291,2.9477392101581517
2026-09-05 09:25:00,Pan troglodytes,0.7950940823518099,2.782829288231335
2026-09-05 09:30:00,Pan troglodytes,0.5190922092998796,1.8168227325495787
2026-09-05 09:35:00,Pan troglodytes,0.8764628802109802,3.067620080738431
2026-09-05 09:40:00,Pan troglodytes,0.7829416166596003,2.740295658308601
2026-09-05 09:45:00,Pan troglodytes,0.7094543470646266,2.483090214726193
2026-09-05 09:50:00,Pan troglodytes,0.8692993093746084,3.0425475828111295
2026-09-05 09:55:00,Pan troglodytes,0.7100573382159445,2.4852006837558056
2026-09-05 10:00:00,Pan troglodytes,0.5262652649904462,1.841928427466562
2026-09-05 10:05:00,Pan troglodytes,0.901020147391371,3.1535705158697986
2026-09-05 10:10:00,Pan troglodytes,0.6879530825078224,2.4078357887773785
2026-09-05 10:15:00,Pan troglodytes,0.5507068361881876,1.9274739266586567
2026-09-05 10:20:00,Pan troglodytes,0.981514597975327,3.4353010929136447
2026-09-05 10:25:00,Pan troglodytes,0.8029639736657207,2.8103739078300225
2026-09-05 10:30:00,Pan troglodytes,0.5852017059440007,2.0482059708040024
2026-09-05 10:35:00,Pan troglodytes,0.9323711374776922,3.2632989811719226
2026-09-05 10:40:00,Pan troglodytes,0.7812129813951733,2.7342454348831065
2026-09-05 10:45:00,Pan troglodytes,0.638397608423771,2.2343916294831985
2026-09-05 10:50:00,Pan troglodytes,0.9781029930726441,3.4233604757542544
2026-09-05 10:55:00,Pan troglodytes,0.7259162471020855,2.5407068648572992
2026-09-05 11:00:00,Pan troglodytes,0.5915423027477268,2.0703980596170437
2026-09-05 11:05:00,Pan troglodytes,0.9326112179162142,3.2641392627067494
2026-09-05 11:10:00,Pan troglodytes,0.7618050698099728,2.6663177443349046
2026-09-05 11:15:00,Pan troglodytes,0.63659019402662,2.22806567909317
2026-09-05 11:20:00,Pan troglodytes,0.877608674605821,3.0716303611203735
2026-09-05 11:25:00,Pan troglodytes,0.7700336560285274,2.695117796099846
2026-09-05 11:30:00,Pan troglodytes,0.6360382051933047,2.226133718176566
2026-09-05 11:35:00,Pan troglodytes,1.0,3.5
2026-09-05 11:40:00,Pan troglodytes,0.8001368831083542,2.8004790908792394
2026-09-05 11:45:00,Pan troglodytes,0.6281189927312244,2.1984164745592856
2026-09-05 11:50:00,Pan troglodytes,0.966982274329695,3.3844379601539325
2026-09-05 11:55:00,Pan troglodytes,0.6804975907995324,2.3817415677983633
2026-09-05 12:00:00,Pan troglodytes,0.6085073953195616,2.1297758836184655
2026-09-05 12:05:00,Pan troglodytes,0.9440037367824768,3.304013078738669
2026-09-05 12:10:00,Pan troglodytes,0.7688403439474115,2.69094120381594
2026-09-05 12:15:00,Pan troglodytes,0.6778426737257278,2.3724493580400474
2026-09-05 12:20:00,Pan troglodytes,0.9865849658938365,3.4530473806284276
2026-09-05 12:25:00,Pan troglodytes,0.8561549386492721,2.996542285272452
2026-09-05 12:30:00,Pan troglodytes,0.6047067877412661,2.116473757094431
2026-09-05 12:35:00,Pan troglodytes,1.0,3.5
2026-09-05 12:40:00,Pan troglodytes,0.7543759557571824,2.6403158451501385
2026-09-05 12:45:00,Pan troglodytes,0.6615710662933986,2.315498732026895
2026-09-05 12:50:00,Pan troglodytes,0.8968302219222712,3.1389057767279493
2026-09-05 12:55:00,Pan troglodytes,0.7491116710213782,2.621890848574824
2026-09-05 13:00:00,Pan troglodytes,0.6979247385051643,2.4427365847680753
2026-09-05 13:05:00,Pan troglodytes,0.9511002523544319,3.3288508832405115
2026-09-05 13:10:00,Pan troglodytes,0.717797923623289,2.5122927326815114
2026-09-05 13:15:00,Pan troglodytes,0.6506954881380723,2.2774342084832533
2026-09-05 13:20:00,Pan troglodytes,0.8593284346933728,3.007649521426805
2026-09-05 13:25:00,Pan troglodytes,0.7463946875176233,2.6123814063116813
2026-09-05 13:30:00,Pan troglodytes,0.5962723699966158,2.0869532949881555
2026-09-05 13:35:00,Pan troglodytes,0.9467134482295859,3.3134970688035508
2026-09-05 13:40:00,Pan troglodytes,0.657090736763224,2.2998175786712842
2026-09-05 13:45:00,Pan troglodytes,0.5841429082865011,2.0445001790027537
2026-09-05 13:50:00,Pan troglodytes,0.8264658281527304,2.8926303985345565
2026-09-05 13:55:00,Pan troglodytes,0.6393163091231293,2.2376070819309524
2026-09-05 14:00:00,Pan troglodytes,0.7421906868878869,2.597667404107604
2026-09-05 14:05:00,Pan troglodytes,0.9608018892020699,3.3628066122072444
2026-09-05 14:10:00,Pan troglodytes,0.6580907828941468,2.303317740129514
2026-09-05 14:15:00,Pan troglodytes,0.6392015727246061,2.237205504536121
2026-09-05 14:20:00,Pan troglodytes,0.8585344638327855,3.0048706234147495
2026-09-05 14:25:00,Pan troglodytes,0.7687688809679245,2.690691083387736
2026-09-05 14:30:00,Pan troglodytes,0.5801423848321033,2.0304983469123616
2026-09-05 14:35:00,Pan troglodytes,0.842418358022062,2.948464253077217
2026-09-05 14:40:00,Pan troglodytes,0.7004241083965339,2.4514843793878685
2026-09-05 14:45:00,Pan troglodytes,0.5791301618430623,2.026955566450718
2026-09-05 14:50:00,Pan troglodytes,0.8166501502238772,2.8582755257835704
2026-09-05 14:55:00,Pan troglodytes,0.5734647186196313,2.00712651516871
2026-09-05 15:00:00,Pan troglodytes,0.4827216446263686,1.68952575619229
2026-09-05 15:05:00,Pan troglodytes,0.8563609351702394,2.9972632730958377
2026-09-05 15:10:00,Pan troglodytes,0.5197531907799751,1.8191361677299127
2026-09-05 15:15:00,Pan troglodytes,0.5597811603485737,1.959234061220008
2026-09-05 15:20:00,Pan troglodytes,0.7880505480523521,2.7581769181832323
2026-09-05 15:25:00,Pan troglodytes,0.6136627767615255,2.147819718665339
2026-09-05 15:30:00,Pan troglodytes,0.512188872278671,1.7926610529753486
2026-09-05 15:35:00,Pan troglodytes,0.8049869154833204,2.817454204191621
2026-09-05 15:40:00,Pan troglodytes,0.5774513894064619,2.0210798629226168
2026-09-05 15:45:00,Pan troglodytes,0.49511693850316646,1.7329092847610825
2026-09-05 15:50:00,Pan troglodytes,0.8657878160691148,3.030257356241902
2026-09-05 15:55:00,Pan troglodytes,0.5309492009389056,1.8583222032861697
2026-09-05 16:00:00,Pan troglodytes,0.49768591811617663,1.7419007134066182
2026-09-05 16:05:00,Pan troglodytes,0.7398492735865226,2.589472457552829
2026-09-05 16:10:00,Pan troglodytes,0.5947596067439469,2.081658623603814
2026-09-05 16:15:00,Pan troglodytes,0.4699714490024901,1.6449000715087154
2026-09-05 16:20:00,Pan troglodytes,0.721606734173789,2.5256235696082614
2026-09-05 16:25:00,Pan troglodytes,0.47475174438291284,1.6616311053401949
2026-09-05 16:30:00,Pan troglodytes,0.3915910728948448,1.3705687551319568
2026-09-05 16:35:00,Pan troglodytes,0.7119423789139941,2.4917983261989796
2026-09-05 16:40:00,Pan troglodytes,0.41552463034756904,1.4543362062164915
2026-09-05 16:45:00,Pan troglodytes,0.3804250859419617,1.331487800796866
2026-09-05 16:50:00,Pan troglodytes,0.6955725862184235,2.4345040517644825
2026-09-05 16:55:00,Pan troglodytes,0.3839515923265411,1.3438305731428937
2026-09-05 17:00:00,Pan troglodytes,0.38749339818169454,1.356226893635931
2026-09-05 17:05:00,Pan troglodytes,0.6650059585570707,2.3275208549497473
2026-09-05 17:10:00,Pan troglodytes,0.41842583555511925,1.4644904244429173
2026-09-05 17:15:00,Pan troglodytes,0.33485581870018805,1.171995365450658
2026-09-05 17:20:00,Pan troglodytes,0.6486836507972786,2.2703927777904753
2026-09-05 17:25:00,Pan troglodytes,0.3874658675017147,1.3561305362560014
2026-09-05 17:30:00,Pan troglodytes,0.3549429652257054,1.2423003782899689
2026-09-05 17:35:00,Pan troglodytes,0.589737719389277,2.0640820178624697
2026-09-05 17:40:00,Pan troglodytes,0.4393420511997436,1.5376971791991028
2026-09-05 17:45:00,Pan troglodytes,0.2591078087259537,0.9068773305408379
2026-09-05 17:50:00,Pan troglodytes,0.6527977147953685,2.28479200178379
2026-09-05 17:55:00,Pan troglodytes,0.29801518912817837,1.0430531619486243
2026-09-05 18:00:00,Pan troglodytes,0.34345533944419426,1.20209368805468
2026-09-05 18:05:00,Pan troglodytes,0.636069332526648,2.226242663843268
2026-09-05 18:10:00,Pan troglodytes,0.284289481824931,0.9950131863872586
2026-09-05 18:15:00,Pan troglodytes,0.33863067354630927,1.1852073574120825
2026-09-05 18:20:00,Pan troglodytes,0.6423694491239332,2.2482930719337664
2026-09-05 18:25:00,Pan troglodytes,0.29568221168492403,1.0348877408972341
2026-09-05 18:30:00,Pan troglodytes,0.243040862302181,0.8506430180576335
2026-09-05 18:35:00,Pan troglodytes,0.4802374907835357,1.680831217742375
2026-09-05 18:40:00,Pan troglodytes,0.2953287574545825,1.0336506510910386
2026-09-05 18:45:00,Pan troglodytes,0.24433729075457042,0.8551805176409965
2026-09-05 18:50:00,Pan troglodytes,0.3661903544374113,1.2816662405309396
2026-09-05 18:55:00,Pan troglodytes,0.16634232657043108,0.5821981429965087
2026-09-05 19:00:00,Pan troglodytes,0.1773911869895758,0.6208691544635152
2026-09-05 19:05:00,Pan troglodytes,0.33653639422269443,1.1778773797794306
2026-09-05 19:10:00,Pan troglodytes,0.13325403339470154,0.4663891168814554
2026-09-05 19:15:00,Pan troglodytes,0.2522003711955149,0.8827012991843022
2026-09-05 19:20:00,Pan troglodytes,0.34317471804731425,1.2011115131655998
2026-09-05 19:25:00,Pan troglodytes,0.23221928416977705,0.8127674945942197
2026-09-05 19:30:00,Pan troglodytes,0.22632702817607092,0.7921445986162482
2026-09-05 19:35:00,Pan troglodytes,0.3670614173803721,1.2847149608313024
2026-09-05 19:40:00,Pan troglodytes,0.13260921100909603,0.4641322385318361
2026-09-05 19:45:00,Pan troglodytes,0.056647889439406046,0.19826761303792118
2026-09-05 19:50:00,Pan troglodytes,0.4496025007656536,1.5736087526797877
2026-09-05 19:55:00,Pan troglodytes,0.11221237145379807,0.3927433000882933
2026-09-05 20:00:00,Pan troglodytes,0.05187085842026373,0.18154800447092306
2026-09-05 20:05:00,Pan troglodytes,0.35920262815527804,1.2572091985434732
2026-09-05 20:10:00,Pan troglodytes,0.01389464063165928,0.04863124221080748
2026-09-05 20:15:00,Pan troglodytes,0.0746217986307757,0.26117629520771496
2026-09-05 20:20:00,Pan troglodytes,0.35416933128894285,1.2395926595113
2026-09-05 20:25:00,Pan troglodytes,0.0,0.0
2026-09-05 20:30:00,Pan troglodytes,0.0,0.0
2026-09-05 20:35:00,Pan troglodytes,0.42123207144466,1.4743122500563102
2026-09-05 20:40:00,Pan troglodytes,0.06591869410650246,0.2307154293727586
2026-09-05 20:45:00,Pan troglodytes,0.010933161791951258,0.03826606627182941
2026-09-05 20:50:00,Pan troglodytes,0.31329360502288306,1.0965276175800907
2026-09-05 20:55:00,Pan troglodytes,0.06247865598059948,0.21867529593209817
2026-09-05 21:00:00,Pan troglodytes,0.056876119636356165,0.19906641872724656
2026-09-05 21:05:00,Pan troglodytes,0.3591849285402961,1.2571472498910363
2026-09-05 21:10:00,Pan troglodytes,0.0,0.0
2026-09-05 21:15:00,Pan troglodytes,0.07561423828272933,0.26464983398955266
2026-09-05 21:20:00,Pan troglodytes,0.3319307321736252,1.1617575626076881
2026-09-05 21:25:00,Pan troglodytes,0.03370131887222494,0.11795461605278729
2026-09-05 21:30:00,Pan troglodytes,0.0,0.0
2026-09-05 21:35:00,Pan troglodytes,0.25064124871078186,0.8772443704877365
2026-09-05 21:40:00,Pan troglodytes,0.0,0.0
2026-09-05 21:45:00,Pan troglodytes,0.0,0.0
2026-09-05 21:50:00,Pan troglodytes,0.26486762904868405,0.9270367016703942
2026-09-05 21:55:00,Pan troglodytes,0.0,0.0
2026-09-05 22:00:00,Pan troglodytes,0.011637516481123496,0.04073130768393224
2026-09-05 22:05:00,Pan troglodytes,0.15741565451090567,0.5509547907881698
2026-09-05 22:10:00,Pan troglodytes,0.0,0.0
2026-09-05 22:15:00,Pan troglodytes,0.0,0.0
2026-09-05 22:20:00,Pan troglodytes,0.2255648859374053,0.7894771007809186
2026-09-05 22:25:00,Pan troglodytes,0.0,0.0
2026-09-05 22:30:00,Pan troglodytes,0.0,0.0
2026-09-05 22:35:00,Pan troglodytes,0.22063174255067383,0.7722110989273584
2026-09-05 22:40:00,Pan troglodytes,0.0,0.0
2026-09-05 22:45:00,Pan troglodytes,0.0,0.0
2026-09-05 22:50:00,Pan troglodytes,0.13643539222853027,0.4775238727998559
2026-09-05 22:55:00,Pan troglodytes,0.0,0.0
2026-09-05 23:00:00,Pan troglodytes,0.0,0.0
2026-09-05 23:05:00,Pan troglodytes,0.18107305634474138,0.6337556972065949
2026-09-05 23:10:00,Pan troglodytes,0.0,0.0
2026-09-05 23:15:00,Pan troglodytes,0.0,0.0
2026-09-05 23:20:00,Pan troglodytes,0.1580369056406706,0.5531291697423472
2026-09-05 23:25:00,Pan troglodytes,0.0,0.0
2026-09-05 23:30:00,Pan troglodytes,0.0,0.0
2026-09-05 23:35:00,Pan troglodytes,0.13906009738079794,0.4867103408327928
2026-09-05 23:40:00,Pan troglodytes,0.0,0.0
2026-09-05 23:45:00,Pan troglodytes,0.0,0.0
2026-09-05 23:50:00,Pan troglodytes,0.19545697601226067,0.6840994160429124
2026-09-05 23:55:00,Pan troglodytes,0.0,0.0
2026-09-06 00:00:00,Pan troglodytes,0.0,0.0
2026-09-06 00:05:00,Pan troglodytes,0.20129048204746103,0.7045166871661136
2026-09-06 00:10:00,Pan troglodytes,0.0,0.0
2026-09-06 00:15:00,Pan troglodytes,0.0,0.0
2026-09-06 00:20:00,Pan troglodytes,0.09191537862052544,0.32170382517183904
2026-09-06 00:25:00,Pan troglodytes,0.0,0.0
2026-09-06 00:30:00,Pan troglodytes,0.06428531490051959,0.22499860215181855
2026-09-06 00:35:00,Pan troglodytes,0.21024728504806367,0.7358654976682228
2026-09-06 00:40:00,Pan troglodytes,0.0,0.0
2026-09-06 00:45:00,Pan troglodytes,0.0,0.0
2026-09-06 00:50:00,Pan troglodytes,0.16057433897714046,0.5620101864199916
2026-09-06 00:55:00,Pan troglodytes,0.0,0.0
2026-09-06 01:00:00,Pan troglodytes,0.0,0.0
2026-09-06 01:05:00,Pan troglodytes,0.3089593930923703,1.081357875823296
2026-09-06 01:10:00,Pan troglodytes,0.0,0.0
2026-09-06 01:15:00,Pan troglodytes,0.0,0.0
2026-09-06 01:20:00,Pan troglodytes,0.19598903569890605,0.6859616249461712
2026-09-06 01:25:00,Pan troglodytes,0.0,0.0
2026-09-06 01:30:00,Pan troglodytes,0.0,0.0
2026-09-06 01:35:00,Pan troglodytes,0.23142696494438436,0.8099943773053453
2026-09-06 01:40:00,Pan troglodytes,0.0,0.0
2026-09-06 01:45:00,Pan troglodytes,0.0,0.0
2026-09-06 01:50:00,Pan troglodytes,0.22421620908639747,0.7847567318023911
2026-09-06 01:55:00,Pan troglodytes,0.0,0.0
2026-09-06 02:00:00,Pan troglodytes,0.012924703745434045,0.04523646310901916
2026-09-06 02:05:00,Pan troglodytes,0.2092215877709884,0.7322755571984594
2026-09-06 02:10:00,Pan troglodytes,0.0,0.0
2026-09-06 02:15:00,Pan troglodytes,0.0603857778492849,0.21135022247249716
2026-09-06 02:20:00,Pan troglodytes,0.165021675162021,0.5775758630670734
2026-09-06 02:25:00,Pan troglodytes,0.0,0.0
2026-09-06 02:30:00,Pan troglodytes,0.11786611796246262,0.41253141286861916
2026-09-06 02:35:00,Pan troglodytes,0.21687801097402942,0.759073038409103
2026-09-06 02:40:00,Pan troglodytes,0.0,0.0
2026-09-06 02:45:00,Pan troglodytes,0.05366660028365533,0.18783310099279366
2026-09-06 02:50:00,Pan troglodytes,0.3285519549218238,1.1499318422263833
2026-09-06 02:55:00,Pan troglodytes,0.0,0.0
2026-09-06 03:00:00,Pan troglodytes,0.03923395385243587,0.13731883848352552
2026-09-06 03:05:00,Pan troglodytes,0.27444140467995964,0.9605449163798587
2026-09-06 03:10:00,Pan troglodytes,0.0,0.0
2026-09-06 03:15:00,Pan troglodytes,0.14903729659690917,0.5216305380891821
2026-09-06 03:20:00,Pan troglodytes,0.3489739262123561,1.2214087417432464
2026-09-06 03:25:00,Pan troglodytes,0.011173415688243968,0.03910695490885389
2026-09-06 03:30:00,Pan troglodytes,0.06959438135697656,0.24358033474941795
2026-09-06 03:35:00,Pan troglodytes,0.3194616124260794,1.118115643491278
2026-09-06 03:40:00,Pan troglodytes,0.07814014078847467,0.27349049275966136
2026-09-06 03:45:00,Pan troglodytes,0.12890436179544548,0.4511652662840592
2026-09-06 03:50:00,Pan troglodytes,0.3151206971751983,1.102922440113194
2026-09-06 03:55:00,Pan troglodytes,0.11533214560468903,0.4036625096164116
2026-09-06 04:00:00,Pan troglodytes,0.24441894461110344,0.8554663061388621
2026-09-06 04:05:00,Pan troglodytes,0.4236730387578483,1.482855635652469
2026-09-06 04:10:00,Pan troglodytes,0.03839002476640514,0.134365086682418
2026-09-06 04:15:00,Pan troglodytes,0.1382565720381187,0.48389800213341544
2026-09-06 04:20:00,Pan troglodytes,0.37082533664868933,1.2978886782704127
2026-09-06 04:25:00,Pan troglodytes,0.12670118257978494,0.4434541390292473
2026-09-06 04:30:00,Pan troglodytes,0.2227580778284232,0.7796532723994811
2026-09-06 04:35:00,Pan troglodytes,0.505885527938076,1.7705993477832658
2026-09-06 04:40:00,Pan troglodytes,0.0,0.0
2026-09-06 04:45:00,Pan troglodytes,0.2570385753723407,0.8996350138031924
2026-09-06 04:50:00,Pan troglodytes,0.44482099766658173,1.556873491833036
2026-09-06 04:55:00,Pan troglodytes,0.1930969048963725,0.6758391671373037
2026-09-06 05:00:00,Pan troglodytes,0.20640770485584703,0.7224269669954646
2026-09-06 05:05:00,Pan troglodytes,0.4844761456862833,1.6956665099019914
2026-09-06 05:10:00,Pan troglodytes,0.16212409276972145,0.5674343246940251
2026-09-06 05:15:00,Pan troglodytes,0.28675728155415825,1.0036504854395538
2026-09-06 05:20:00,Pan troglodytes,0.49236980218185056,1.7232943076364768
2026-09-06 05:25:00,Pan troglodytes,0.16066606404391462,0.5623312241537012
2026-09-06 05:30:00,Pan troglodytes,0.3181355570243134,1.1134744495850968
2026-09-06 05:35:00,Pan troglodytes,0.5615524427480942,1.96543354961833
2026-09-06 05:40:00,Pan troglodytes,0.16863316757212646,0.5902160865024426
2026-09-06 05:45:00,Pan troglodytes,0.44490185240749486,1.557156483426232
2026-09-06 05:50:00,Pan troglodytes,0.5829966028534036,2.0404881099869128
2026-09-06 05:55:00,Pan troglodytes,0.23998475925734047,0.8399466574006916
2026-09-06 06:00:00,Pan troglodytes,0.3191223712633441,1.1169282994217042
2026-09-06 06:05:00,Pan troglodytes,0.6226323365547541,2.1792131779416395
2026-09-06 06:10:00,Pan troglodytes,0.20966031696889856,0.7338111093911449
2026-09-06 06:15:00,Pan troglodytes,0.39733932324477933,1.3906876313567276
2026-09-06 06:20:00,Pan troglodytes,0.6483380381741193,2.2691831336094177
2026-09-06 06:25:00,Pan troglodytes,0.2186259453766834,0.7651908088183919
2026-09-06 06:30:00,Pan troglodytes,0.620596454231329,2.1720875898096517
2026-09-06 06:35:00,Pan troglodytes,0.6261632615270696,2.1915714153447436
2026-09-06 06:40:00,Pan troglodytes,0.2516940993478194,0.8809293477173679
2026-09-06 06:45:00,Pan troglodytes,0.6485277919830101,2.2698472719405354
2026-09-06 06:50:00,Pan troglodytes,0.6205941693059098,2.172079592570684
2026-09-06 06:55:00,Pan troglodytes,0.2617780609038916,0.9162232131636207
2026-09-06 07:00:00,Pan troglodytes,0.46151130846064287,1.61528957961225
2026-09-06 07:05:00,Pan troglodytes,0.6960277406895321,2.4360970924133625
2026-09-06 07:10:00,Pan troglodytes,0.3815994557559291,1.3355980951457518
2026-09-06 07:15:00,Pan troglodytes,0.5160584673376412,1.806204635681744
2026-09-06 07:20:00,Pan troglodytes,0.7524347415247499,2.6335215953366244
2026-09-06 07:25:00,Pan troglodytes,0.37317935679051245,1.3061277487667935
2026-09-06 07:30:00,Pan troglodytes,0.5810272042417732,2.033595214846206
2026-09-06 07:35:00,Pan troglodytes,0.6741464710007954,2.359512648502784
2026-09-06 07:40:00,Pan troglodytes,0.4211107133099518,1.4738874965848314
2026-09-06 07:45:00,Pan troglodytes,0.5530130903007631,1.9355458160526706
2026-09-06 07:50:00,Pan troglodytes,0.7661293787844967,2.6814528257457386
2026-09-06 07:55:00,Pan troglodytes,0.3596672936375596,1.2588355277314587
2026-09-06 08:00:00,Pan troglodytes,0.6021748709468822,2.1076120483140874
2026-09-06 08:05:00,Pan troglodytes,0.7690619563619435,2.6917168472668025
2026-09-06 08:10:00,Pan troglodytes,0.26668857301529525,0.9334100055535334
2026-09-06 08:15:00,Pan troglodytes,0.7148628433132894,2.502019951596513
2026-09-06 08:20:00,Pan troglodytes,0.8088698468688394,2.831044464040938
2026-09-06 08:25:00,Pan troglodytes,0.4719638288672748,1.6518734010354617
2026-09-06 08:30:00,Pan troglodytes,0.7234994874674195,2.5322482061359683
2026-09-06 08:35:00,Pan troglodytes,0.7860014459704058,2.75100506089642
2026-09-06 08:40:00,Pan troglodytes,0.5169291088890284,1.8092518811115994
2026-09-06 08:45:00,Pan troglodytes,0.7162256645356392,2.506789825874737
2026-09-06 08:50:00,Pan troglodytes,0.7697252737518258,2.69403845813139
2026-09-06 08:55:00,Pan troglodytes,0.4375363805362018,1.5313773318767063
2026-09-06 09:00:00,Pan troglodytes,0.740973381990291,2.593406836966018
2026-09-06 09:05:00,Pan troglodytes,0.7717689365517301,2.701191277931055
2026-09-06 09:10:00,Pan troglodytes,0.4841568837714129,1.6945490931999452
2026-09-06 09:15:00,Pan troglodytes,0.5860388379359673,2.051135932775886
2026-09-06 09:20:00,Pan troglodytes,0.9031465352789547,3.1610128734763414
2026-09-06 09:25:00,Pan troglodytes,0.5197842059563892,1.819244720847362
2026-09-06 09:30:00,Pan troglodytes,0.7676539469594417,2.686788814358046
2026-09-06 09:35:00,Pan troglodytes,0.8376134787868484,2.9316471757539695
2026-09-06 09:40:00,Pan troglodytes,0.5256280716464077,1.8396982507624269
2026-09-06 09:45:00,Pan troglodytes,0.8492879098057675,2.9725076843201865
2026-09-06 09:50:00,Pan troglodytes,0.8891459655485225,3.112010879419829
2026-09-06 09:55:00,Pan troglodytes,0.6419535856570663,2.246837549799732
2026-09-06 10:00:00,Pan troglodytes,0.8768733628088646,3.0690567698310263
2026-09-06 10:05:00,Pan troglodytes,0.8605492659535102,3.0119224308372856
2026-09-06 10:10:00,Pan troglodytes,0.6823016162291382,2.388055656801984
2026-09-06 10:15:00,Pan troglodytes,0.7606265373526652,2.6621928807343282
2026-09-06 10:20:00,Pan troglodytes,0.9044246388248244,3.165486235886885
2026-09-06 10:25:00,Pan troglodytes,0.5493152690753624,1.9226034417637685
2026-09-06 10:30:00,Pan troglodytes,0.8609252662393306,3.013238431837657
2026-09-06 10:35:00,Pan troglodytes,0.948138728785905,3.3184855507506676
2026-09-06 10:40:00,Pan troglodytes,0.634769063868985,2.2216917235414475
2026-09-06 10:45:00,Pan troglodytes,0.7532730300716473,2.6364556052507653
2026-09-06 10:50:00,Pan troglodytes,0.9195744544161822,3.218510590456638
2026-09-06 10:55:00,Pan troglodytes,0.575116113534854,2.012906397371989
2026-09-06 11:00:00,Pan troglodytes,0.7849117358597784,2.747191075509224
2026-09-06 11:05:00,Pan troglodytes,0.9828426631350332,3.4399493209726164
2026-09-06 11:10:00,Pan troglodytes,0.6201661633619523,2.170581571766833
2026-09-06 11:15:00,Pan troglodytes,0.739842149859731,2.5894475245090582
2026-09-06 11:20:00,Pan troglodytes,0.9890509503955098,3.4616783263842845
2026-09-06 11:25:00,Pan troglodytes,0.5440855467942962,1.9042994137800369
2026-09-06 11:30:00,Pan troglodytes,0.8703376678527156,3.0461818374845047
2026-09-06 11:35:00,Pan troglodytes,1.0,3.5
2026-09-06 11:40:00,Pan troglodytes,0.6961673117541628,2.4365855911395697
2026-09-06 11:45:00,Pan troglodytes,0.8639775065953318,3.023921273083661
2026-09-06 11:50:00,Pan troglodytes,0.967132674044315,3.3849643591551026
2026-09-06 11:55:00,Pan troglodytes,0.5826478126360362,2.0392673442261264
2026-09-06 12:00:00,Pan troglodytes,0.8708887640334615,3.0481106741171153
2026-09-06 12:05:00,Pan troglodytes,0.939162433987746,3.287068518957111
2026-09-06 12:10:00,Pan troglodytes,0.6093158516595126,2.1326054808082944
2026-09-06 12:15:00,Pan troglodytes,0.9149160701113729,3.2022062453898053
2026-09-06 12:20:00,Pan troglodytes,1.0,3.5
2026-09-06 12:25:00,Pan troglodytes,0.6249607051151989,2.187362467903196
2026-09-06 12:30:00,Pan troglodytes,0.8433415338531975,2.9516953684861913
2026-09-06 12:35:00,Pan troglodytes,0.9216012872919739,3.2256045055219085
2026-09-06 12:40:00,Pan troglodytes,0.6164788441796897,2.157675954628914
2026-09-06 12:45:00,Pan troglodytes,0.7818379968346876,2.7364329889214067
2026-09-06 12:50:00,Pan troglodytes,0.9111018238387334,3.1888563834355668
2026-09-06 12:55:00,Pan troglodytes,0.6468860402144632,2.264101140750621
2026-09-06 13:00:00,Pan troglodytes,0.7545344142291969,2.640870449802189
2026-09-06 13:05:00,Pan troglodytes,0.9605283496400006,3.361849223740002
2026-09-06 13:10:00,Pan troglodytes,0.5919117951148828,2.0716912829020897
2026-09-06 13:15:00,Pan troglodytes,0.8431583758690513,2.9510543155416795
2026-09-06 13:20:00,Pan troglodytes,0.8879856810586101,3.1079498837051354
2026-09-06 13:25:00,Pan troglodytes,0.5418461291408114,1.89646145199284
2026-09-06 13:30:00,Pan troglodytes,0.83558299049703,2.924540466739605
2026-09-06 13:35:00,Pan troglodytes,0.9500754815311367,3.3252641853589786
2026-09-06 13:40:00,Pan troglodytes,0.5657654073899205,1.9801789258647218
2026-09-06 13:45:00,Pan troglodytes,0.8493293737013476,2.9726528079547165
2026-09-06 13:50:00,Pan troglodytes,0.8390098224352007,2.9365343785232025
2026-09-06 13:55:00,Pan troglodytes,0.5798671131629128,2.029534896070195
2026-09-06 14:00:00,Pan troglodytes,0.8353052255180331,2.923568289313116
2026-09-06 14:05:00,Pan troglodytes,0.9085869225703813,3.1800542289963345
2026-09-06 14:10:00,Pan troglodytes,0.4732612618084278,1.6564144163294974
2026-09-06 14:15:00,Pan troglodytes,0.7875243596956618,2.7563352589348162
2026-09-06 14:20:00,Pan troglodytes,0.7672572364000387,2.6854003274001355
2026-09-06 14:25:00,Pan troglodytes,0.6166246568329175,2.158186298915211
2026-09-06 14:30:00,Pan troglodytes,0.7137314451722255,2.4980600581027894
2026-09-06 14:35:00,Pan troglodytes,0.7523742347436381,2.633309821602733
2026-09-06 14:40:00,Pan troglodytes,0.5065290522119725,1.7728516827419039
2026-09-06 14:45:00,Pan troglodytes,0.7679249152423178,2.687737203348112
2026-09-06 14:50:00,Pan troglodytes,0.7561536879319832,2.6465379077619415
2026-09-06 14:55:00,Pan troglodytes,0.4424269759784525,1.5484944159245837
2026-09-06 15:00:00,Pan troglodytes,0.7411510569111358,2.5940286991889754
2026-09-06 15:05:00,Pan troglodytes,0.7168420558376878,2.508947195431907
2026-09-06 15:10:00,Pan troglodytes,0.45918562918560707,1.6071497021496248
2026-09-06 15:15:00,Pan troglodytes,0.6845334900602346,2.395867215210821
2026-09-06 15:20:00,Pan troglodytes,0.7386101699920621,2.5851355949722175
2026-09-06 15:25:00,Pan troglodytes,0.4669441526708513,1.6343045343479796
2026-09-06 15:30:00,Pan troglodytes,0.6902561673798495,2.4158965858294734
2026-09-06 15:35:00,Pan troglodytes,0.7678528533783756,2.6874849868243147
2026-09-06 15:40:00,Pan troglodytes,0.36167257003042075,1.2658539951064727
2026-09-06 15:45:00,Pan troglodytes,0.7147016192109527,2.5014556672383343
2026-09-06 15:50:00,Pan troglodytes,0.7589364276301568,2.656277496705549
2026-09-06 15:55:00,Pan troglodytes,0.45487764184285895,1.5920717464500063
2026-09-06 16:00:00,Pan troglodytes,0.7043564333764724,2.4652475168176533
2026-09-06 16:05:00,Pan troglodytes,0.7001791386764826,2.4506269853676894
2026-09-06 16:10:00,Pan troglodytes,0.29858233784553406,1.0450381824593693
2026-09-06 16:15:00,Pan troglodytes,0.6002041490963774,2.100714521837321
2026-09-06 16:20:00,Pan troglodytes,0.6601242788501255,2.310434975975439
2026-09-06 16:25:00,Pan troglodytes,0.38033478252380776,1.331171738833327
2026-09-06 16:30:00,Pan troglodytes,0.6515324978747427,2.2803637425615992
2026-09-06 16:35:00,Pan troglodytes,0.6078771774855743,2.1275701211995104
2026-09-06 16:40:00,Pan troglodytes,0.3628958668214092,1.270135533874932
2026-09-06 16:45:00,Pan troglodytes,0.6110015113023732,2.1385052895583065
2026-09-06 16:50:00,Pan troglodytes,0.6417495374325379,2.2461233810138825
2026-09-06 16:55:00,Pan troglodytes,0.30223139040558383,1.0578098664195434
2026-09-06 17:00:00,Pan troglodytes,0.6472451544256947,2.2653580404899314
2026-09-06 17:05:00,Pan troglodytes,0.525261120692419,1.8384139224234666
2026-09-06 17:10:00,Pan troglodytes,0.29345293051006127,1.0270852567852145
2026-09-06 17:15:00,Pan troglodytes,0.6519896224201317,2.281963678470461
2026-09-06 17:20:00,Pan troglodytes,0.5071904861638373,1.7751667015734307
2026-09-06 17:25:00,Pan troglodytes,0.2186053107492344,0.7651185876223203
2026-09-06 17:30:00,Pan troglodytes,0.5329901114231101,1.8654653899808855
2026-09-06 17:35:00,Pan troglodytes,0.5176982859574776,1.8119440008511716
2026-09-06 17:40:00,Pan troglodytes,0.2673511504062709,0.9357290264219481
2026-09-06 17:45:00,Pan troglodytes,0.5391583422076823,1.8870541977268882
2026-09-06 17:50:00,Pan troglodytes,0.5021860483607414,1.7576511692625951
2026-09-06 17:55:00,Pan troglodytes,0.18977278993760868,0.6642047647816304
2026-09-06 18:00:00,Pan troglodytes,0.5178203576136915,1.8123712516479202
2026-09-06 18:05:00,Pan troglodytes,0.5002010567753234,1.750703698713632
2026-09-06 18:10:00,Pan troglodytes,0.1395350204303782,0.4883725715063236
2026-09-06 18:15:00,Pan troglodytes,0.5073535709688579,1.7757374983910026
2026-09-06 18:20:00,Pan troglodytes,0.414738826849482,1.451585893973187
2026-09-06 18:25:00,Pan troglodytes,0.15207736738136196,0.5322707858347668
2026-09-06 18:30:00,Pan troglodytes,0.4522225081680463,1.5827787785881622
2026-09-06 18:35:00,Pan troglodytes,0.43143393116860046,1.5100187590901015
2026-09-06 18:40:00,Pan troglodytes,0.20297373318252082,0.7104080661388229
2026-09-06 18:45:00,Pan troglodytes,0.47766992505498995,1.6718447376924648
2026-09-06 18:50:00,Pan troglodytes,0.3547842026509264,1.2417447092782425
2026-09-06 18:55:00,Pan troglodytes,0.1350367928730503,0.472628775055676
2026-09-06 19:00:00,Pan troglodytes,0.39158532145895975,1.370548625106359
2026-09-06 19:05:00,Pan troglodytes,0.36294994008849113,1.270324790309719
2026-09-06 19:10:00,Pan troglodytes,0.055159154087938506,0.19305703930778478
2026-09-06 19:15:00,Pan troglodytes,0.375004023142168,1.3125140809975882
2026-09-06 19:20:00,Pan troglodytes,0.3852801546869686,1.34848054140439
2026-09-06 19:25:00,Pan troglodytes,0.007150239437877376,0.025025838032570816
2026-09-06 19:30:00,Pan troglodytes,0.38420780481128614,1.3447273168395015
2026-09-06 19:35:00,Pan troglodytes,0.27286703236359816,0.9550346132725935
2026-09-06 19:40:00,Pan troglodytes,0.04951683626267912,0.17330892691937694
2026-09-06 19:45:00,Pan troglodytes,0.3378588065533082,1.1825058229365786
2026-09-06 19:50:00,Pan troglodytes,0.42523400729041505,1.4883190255164527
2026-09-06 19:55:00,Pan troglodytes,0.008320084682901841,0.029120296390156446
2026-09-06 20:00:00,Pan troglodytes,0.3726933038469712,1.3044265634643992
2026-09-06 20:05:00,Pan troglodytes,0.2713210827712662,0.9496237896994317
2026-09-06 20:10:00,Pan troglodytes,0.029386199079267157,0.10285169677743505
2026-09-06 20:15:00,Pan troglodytes,0.2900351595289536,1.0151230583513375
2026-09-06 20:20:00,Pan troglodytes,0.29131474472551805,1.0196016065393132
2026-09-06 20:25:00,Pan troglodytes,0.0,0.0
2026-09-06 20:30:00,Pan troglodytes,0.27917891809297085,0.977126213325398
2026-09-06 20:35:00,Pan troglodytes,0.2559672075044509,0.8958852262655781
2026-09-06 20:40:00,Pan troglodytes,0.0,0.0
2026-09-06 20:45:00,Pan troglodytes,0.25821416146960646,0.9037495651436226
2026-09-06 20:50:00,Pan troglodytes,0.16921275014429998,0.59224462550505
2026-09-06 20:55:00,Pan troglodytes,0.0,0.0
2026-09-06 21:00:00,Pan troglodytes,0.15296701289926234,0.5353845451474182
2026-09-06 21:05:00,Pan troglodytes,0.13323158808920518,0.4663105583122181
2026-09-06 21:10:00,Pan troglodytes,0.0,0.0
2026-09-06 21:15:00,Pan troglodytes,0.2633086994263899,0.9215804479923646
2026-09-06 21:20:00,Pan troglodytes,0.23459770283134204,0.8210919599096972
2026-09-06 21:25:00,Pan troglodytes,0.0,0.0
2026-09-06 21:30:00,Pan troglodytes,0.2233931699097172,0.7818760946840102
2026-09-06 21:35:00,Pan troglodytes,0.12763709491105135,0.44672983218867973
2026-09-06 21:40:00,Pan troglodytes,0.0,0.0
2026-09-06 21:45:00,Pan troglodytes,0.20791782122696043,0.7277123742943615
2026-09-06 21:50:00,Pan troglodytes,0.14680546432077232,0.5138191251227031
2026-09-06 21:55:00,Pan troglodytes,0.0,0.0
2026-09-06 22:00:00,Pan troglodytes,0.31593578059264915,1.105775232074272
2026-09-06 22:05:00,Pan troglodytes,0.07774412914257887,0.27210445199902605
2026-09-06 22:10:00,Pan troglodytes,0.0,0.0
2026-09-06 22:15:00,Pan troglodytes,0.21137572874554156,0.7398150506093955
2026-09-06 22:20:00,Pan troglodytes,0.024199298789736597,0.08469754576407809
2026-09-06 22:25:00,Pan troglodytes,0.0,0.0
2026-09-06 22:30:00,Pan troglodytes,0.158856244361721,0.5559968552660235
2026-09-06 22:35:00,Pan troglodytes,0.08831970352557798,0.30911896233952296
2026-09-06 22:40:00,Pan troglodytes,0.0,0.0
2026-09-06 22:45:00,Pan troglodytes,0.1795143836830972,0.6283003428908401
2026-09-06 22:50:00,Pan troglodytes,0.0,0.0
2026-09-06 22:55:00,Pan troglodytes,0.0,0.0
2026-09-06 23:00:00,Pan troglodytes,0.17674066825478912,0.6185923388917619
2026-09-06 23:05:00,Pan troglodytes,0.008067125414338412,0.028234938950184443
2026-09-06 23:10:00,Pan troglodytes,0.0,0.0
2026-09-06 23:15:00,Pan troglodytes,0.08439968866338958,0.29539891032186355
2026-09-06 23:20:00,Pan troglodytes,0.044701839857504304,0.15645643950126506
2026-09-06 23:25:00,Pan troglodytes,0.0,0.0
2026-09-06 23:30:00,Pan troglodytes,0.2057045920221463,0.7199660720775121
2026-09-06 23:35:00,Pan troglodytes,0.0,0.0
2026-09-06 23:40:00,Pan troglodytes,0.0,0.0
2026-09-06 23:45:00,Pan troglodytes,0.10302750464965665,0.36059626627379826
2026-09-06 23:50:00,Pan troglodytes,0.03440094983115377,0.1204033244090382
2026-09-06 23:55:00,Pan troglodytes,0.0,0.0
2026-09-07 00:00:00,Pan troglodytes,0.08409311343760943,0.29432589703163303
2026-09-07 00:05:00,Pan troglodytes,0.03004815761420535,0.10516855164971872
2026-09-07 00:10:00,Pan troglodytes,0.0,0.0
2026-09-07 00:15:00,Pan troglodytes,0.1822788832667817,0.637976091433736
2026-09-07 00:20:00,Pan troglodytes,0.015173821406634605,0.05310837492322112
2026-09-07 00:25:00,Pan troglodytes,0.0,0.0
2026-09-07 00:30:00,Pan troglodytes,0.13234142168321705,0.4631949758912597
2026-09-07 00:35:00,Pan troglodytes,0.0,0.0
2026-09-07 00:40:00,Pan troglodytes,0.0,0.0
2026-09-07 00:45:00,Pan troglodytes,0.18495050213322545,0.6473267574662891
2026-09-07 00:50:00,Pan troglodytes,0.023619391535575573,0.08266787037451451
2026-09-07 00:55:00,Pan troglodytes,0.0,0.0
2026-09-07 01:00:00,Pan troglodytes,0.18633885933617808,0.6521860076766233
2026-09-07 01:05:00,Pan troglodytes,0.02770648368412587,0.09697269289444055
2026-09-07 01:10:00,Pan troglodytes,0.0,0.0
2026-09-07 01:15:00,Pan troglodytes,0.16938517404496145,0.5928481091573651
2026-09-07 01:20:00,Pan troglodytes,0.017824417572593655,0.0623854615040778
2026-09-07 01:25:00,Pan troglodytes,0.0,0.0
2026-09-07 01:30:00,Pan troglodytes,0.23386376930619796,0.8185231925716928
2026-09-07 01:35:00,Pan troglodytes,0.0,0.0
2026-09-07 01:40:00,Pan troglodytes,0.0,0.0
2026-09-07 01:45:00,Pan troglodytes,0.1939181707179568,0.6787135975128489
2026-09-07 01:50:00,Pan troglodytes,0.06372626049103762,0.22304191171863166
2026-09-07 01:55:00,Pan troglodytes,0.0,0.0
2026-09-07 02:00:00,Pan troglodytes,0.27193784374454016,0.9517824531058906
2026-09-07 02:05:00,Pan troglodytes,0.043265201274216916,0.1514282044597592
2026-09-07 02:10:00,Pan troglodytes,0.0,0.0
2026-09-07 02:15:00,Pan troglodytes,0.32262712656370596,1.1291949429729708
2026-09-07 02:20:00,Pan troglodytes,0.08351573142422403,0.29230505998478407
2026-09-07 02:25:00,Pan troglodytes,0.0,0.0
2026-09-07 02:30:00,Pan troglodytes,0.2787399759409632,0.9755899157933713
2026-09-07 02:35:00,Pan troglodytes,0.15009264512088968,0.5253242579231139
2026-09-07 02:40:00,Pan troglodytes,0.0,0.0
2026-09-07 02:45:00,Pan troglodytes,0.3070438333761508,1.0746534168165278
2026-09-07 02:50:00,Pan troglodytes,0.11018432911568891,0.3856451519049112
2026-09-07 02:55:00,Pan troglodytes,0.0,0.0
2026-09-07 03:00:00,Pan troglodytes,0.3521351766045686,1.23247311811599
2026-09-07 03:05:00,Pan troglodytes,0.14764688805730986,0.5167641082005845
2026-09-07 03:10:00,Pan troglodytes,0.0,0.0
2026-09-07 03:15:00,Pan troglodytes,0.26188479087350414,0.9165967680572644
2026-09-07 03:20:00,Pan troglodytes,0.15747026757475002,0.5511459365116251
2026-09-07 03:25:00,Pan troglodytes,0.0,0.0
2026-09-07 03:30:00,Pan troglodytes,0.3789376278313571,1.3262816974097498
2026-09-07 03:35:00,Pan troglodytes,0.23977118163031017,0.8391991357060856
2026-09-07 03:40:00,Pan troglodytes,0.0,0.0
2026-09-07 03:45:00,Pan troglodytes,0.40947311428764377,1.4331559000067533
2026-09-07 03:50:00,Pan troglodytes,0.15769722556673205,0.5519402894835621
2026-09-07 03:55:00,Pan troglodytes,0.0,0.0
2026-09-07 04:00:00,Pan troglodytes,0.40489043837801925,1.4171165343230674
2026-09-07 04:05:00,Pan troglodytes,0.35165493043317086,1.230792256516098
2026-09-07 04:10:00,Pan troglodytes,0.03738843062081321,0.13085950717284622
2026-09-07 04:15:00,Pan troglodytes,0.44843774286180743,1.569532100016326
2026-09-07 04:20:00,Pan troglodytes,0.19665759712509506,0.6883015899378327
2026-09-07 04:25:00,Pan troglodytes,0.13147834343962977,0.4601742020387042
2026-09-07 04:30:00,Pan troglodytes,0.42323464375116326,1.4813212531290714
2026-09-07 04:35:00,Pan troglodytes,0.24264397221529577,0.8492539027535352
2026-09-07 04:40:00,Pan troglodytes,0.16455601509035292,0.5759460528162352
2026-09-07 04:45:00,Pan troglodytes,0.4838587910514489,1.6935057686800712
2026-09-07 04:50:00,Pan troglodytes,0.2314826657928196,0.8101893302748686
2026-09-07 04:55:00,Pan troglodytes,0.17265972274704083,0.604309029614643
2026-09-07 05:00:00,Pan troglodytes,0.3773920297369331,1.3208721040792657
2026-09-07 05:05:00,Pan troglodytes,0.29321063598772884,1.026237225957051
2026-09-07 05:10:00,Pan troglodytes,0.11386122053368544,0.39851427186789906
2026-09-07 05:15:00,Pan troglodytes,0.49770591755076365,1.7419707114276728
2026-09-07 05:20:00,Pan troglodytes,0.3230001694877242,1.1305005932070347
2026-09-07 05:25:00,Pan troglodytes,0.16629691109537498,0.5820391888338124
2026-09-07 05:30:00,Pan troglodytes,0.5490841143826957,1.9217944003394347
2026-09-07 05:35:00,Pan troglodytes,0.3837919862567235,1.3432719518985323
2026-09-07 05:40:00,Pan troglodytes,0.26347034049169915,0.922146191720947
2026-09-07 05:45:00,Pan troglodytes,0.6057695742972592,2.1201935100404072
2026-09-07 05:50:00,Pan troglodytes,0.33469710891779114,1.171439881212269
2026-09-07 05:55:00,Pan troglodytes,0.2853945334924101,0.9988808672234354
2026-09-07 06:00:00,Pan troglodytes,0.5413770769288883,1.8948197692511088
2026-09-07 06:05:00,Pan troglodytes,0.3302797828867773,1.1559792401037206
2026-09-07 06:10:00,Pan troglodytes,0.20169617311292343,0.705936605895232
2026-09-07 06:15:00,Pan troglodytes,0.5316482954089595,1.8607690339313583
2026-09-07 06:20:00,Pan troglodytes,0.41623411874810506,1.4568194156183678
2026-09-07 06:25:00,Pan troglodytes,0.3720922806289131,1.3023229822011957
2026-09-07 06:30:00,Pan troglodytes,0.649497780975827,2.2732422334153943
2026-09-07 06:35:00,Pan troglodytes,0.5108757910477146,1.788065268667001
2026-09-07 06:40:00,Pan troglodytes,0.2499437936427619,0.8748032777496666
2026-09-07 06:45:00,Pan troglodytes,0.6009875297597526,2.103456354159134
2026-09-07 06:50:00,Pan troglodytes,0.4062046830645066,1.421716390725773
2026-09-07 06:55:00,Pan troglodytes,0.3148248001066316,1.1018868003732107
2026-09-07 07:00:00,Pan troglodytes,0.6874127710706017,2.4059446987471063
2026-09-07 07:05:00,Pan troglodytes,0.5244700415160752,1.8356451453062634
2026-09-07 07:10:00,Pan troglodytes,0.32446481696441176,1.1356268593754413
2026-09-07 07:15:00,Pan troglodytes,0.6773302583646037,2.370655904276113
2026-09-07 07:20:00,Pan troglodytes,0.38912418695816464,1.3619346543535762
2026-09-07 07:25:00,Pan troglodytes,0.3873443809888752,1.3557053334610631
2026-09-07 07:30:00,Pan troglodytes,0.6800135567527942,2.38004744863478
2026-09-07 07:35:00,Pan troglodytes,0.49725719054458506,1.7404001669060478
2026-09-07 07:40:00,Pan troglodytes,0.3812648681280505,1.3344270384481767
2026-09-07 07:45:00,Pan troglodytes,0.8065138493857954,2.822798472850284
2026-09-07 07:50:00,Pan troglodytes,0.5130122169127236,1.7955427591945325
2026-09-07 07:55:00,Pan troglodytes,0.4872069726381866,1.705224404233653
2026-09-07 08:00:00,Pan troglodytes,0.8075117979498001,2.8262912928243002
2026-09-07 08:05:00,Pan troglodytes,0.6298570624521472,2.2044997185825155
2026-09-07 08:10:00,Pan troglodytes,0.515031876464382,1.802611567625337
2026-09-07 08:15:00,Pan troglodytes,0.8555870610108899,2.9945547135381148
2026-09-07 08:20:00,Pan troglodytes,0.5903017243688283,2.066056035290899
2026-09-07 08:25:00,Pan troglodytes,0.46147414752455856,1.615159516335955
2026-09-07 08:30:00,Pan troglodytes,0.8893194130042069,3.112617945514724
2026-09-07 08:35:00,Pan troglodytes,0.59061781207488,2.0671623422620797
2026-09-07 08:40:00,Pan troglodytes,0.5222426277425823,1.8278491970990383
2026-09-07 08:45:00,Pan troglodytes,0.8676301942402431,3.0367056798408507
2026-09-07 08:50:00,Pan troglodytes,0.6970077796679041,2.4395272288376644
2026-09-07 08:55:00,Pan troglodytes,0.5636164736308765,1.972657657708068
2026-09-07 09:00:00,Pan troglodytes,0.9344833641467738,3.2706917745137085
2026-09-07 09:05:00,Pan troglodytes,0.5963778666159275,2.087322533155746
2026-09-07 09:10:00,Pan troglodytes,0.5204407879456626,1.8215427578098191
2026-09-07 09:15:00,Pan troglodytes,0.8695197067094966,3.043318973483238
2026-09-07 09:20:00,Pan troglodytes,0.6166391934722515,2.15823717715288
2026-09-07 09:25:00,Pan troglodytes,0.5880124570471132,2.0580435996648965
2026-09-07 09:30:00,Pan troglodytes,0.9079131606565586,3.177696062297955
2026-09-07 09:35:00,Pan troglodytes,0.680274670298733,2.3809613460455656
2026-09-07 09:40:00,Pan troglodytes,0.5437045672678484,1.9029659854374694
2026-09-07 09:45:00,Pan troglodytes,0.9186374044196908,3.2152309154689176
2026-09-07 09:50:00,Pan troglodytes,0.6613061095903752,2.314571383566313
2026-09-07 09:55:00,Pan troglodytes,0.6481320026239471,2.268462009183815
2026-09-07 10:00:00,Pan troglodytes,0.9656622654452236,3.379817929058283
2026-09-07 10:05:00,Pan troglodytes,0.6656402974707027,2.3297410411474595
2026-09-07 10:10:00,Pan troglodytes,0.6062650824646856,2.1219277886263996
2026-09-07 10:15:00,Pan troglodytes,0.9519703060890093,3.3318960713115326
2026-09-07 10:20:00,Pan troglodytes,0.754789639217809,2.6417637372623313
2026-09-07 10:25:00,Pan troglodytes,0.5598918633646709,1.9596215217763482
2026-09-07 10:30:00,Pan troglodytes,0.9753976226635632,3.413891679322471
2026-09-07 10:35:00,Pan troglodytes,0.6310669608437544,2.20873436295314
2026-09-07 10:40:00,Pan troglodytes,0.6315429103872452,2.210400186355358
2026-09-07 10:45:00,Pan troglodytes,0.9728187594050565,3.4048656579176977
2026-09-07 10:50:00,Pan troglodytes,0.7133440567277757,2.496704198547215
2026-09-07 10:55:00,Pan troglodytes,0.7352522259075808,2.5733827906765327
2026-09-07 11:00:00,Pan troglodytes,0.9327145104424273,3.2645007865484956
2026-09-07 11:05:00,Pan troglodytes,0.8203425292697276,2.8711988524440466
2026-09-07 11:10:00,Pan troglodytes,0.7651766545027175,2.6781182907595116
2026-09-07 11:15:00,Pan troglodytes,0.9342202981467866,3.269771043513753
2026-09-07 11:20:00,Pan troglodytes,0.6927765999776837,2.424718099921893
2026-09-07 11:25:00,Pan troglodytes,0.7132424144727663,2.496348450654682
2026-09-07 11:30:00,Pan troglodytes,1.0,3.5
2026-09-07 11:35:00,Pan troglodytes,0.7029480889919707,2.4603183114718976
2026-09-07 11:40:00,Pan troglodytes,0.6521883116998216,2.282659090949376
2026-09-07 11:45:00,Pan troglodytes,0.9780283635254188,3.4230992723389657
2026-09-07 11:50:00,Pan troglodytes,0.6094840112308437,2.133194039307953
2026-09-07 11:55:00,Pan troglodytes,0.6753227151503137,2.363629503026098
2026-09-07 12:00:00,Pan troglodytes,0.9662229480007326,3.3817803180025643
2026-09-07 12:05:00,Pan troglodytes,0.6313467444355453,2.2097136055244087
2026-09-07 12:10:00,Pan troglodytes,0.718036306504483,2.5131270727656907
2026-09-07 12:15:00,Pan troglodytes,0.9243880321550768,3.2353581125427686
2026-09-07 12:20:00,Pan troglodytes,0.7152796216403998,2.503478675741399
2026-09-07 12:25:00,Pan troglodytes,0.753436130222571,2.6370264557789986
2026-09-07 12:30:00,Pan troglodytes,1.0,3.5
2026-09-07 12:35:00,Pan troglodytes,0.6267412853144895,2.193594498600713
2026-09-07 12:40:00,Pan troglodytes,0.6108624166289538,2.1380184582013384
2026-09-07 12:45:00,Pan troglodytes,1.0,3.5
2026-09-07 12:50:00,Pan troglodytes,0.7633633134848301,2.6717715971969054
2026-09-07 12:55:00,Pan troglodytes,0.64367702682355,2.252869593882425
2026-09-07 13:00:00,Pan troglodytes,1.0,3.5
2026-09-07 13:05:00,Pan troglodytes,0.6531259164313532,2.285940707509736
2026-09-07 13:10:00,Pan troglodytes,0.7571536968501671,2.6500379389755846
2026-09-07 13:15:00,Pan troglodytes,1.0,3.5
2026-09-07 13:20:00,Pan troglodytes,0.6637127943061465,2.3229947800715127
2026-09-07 13:25:00,Pan troglodytes,0.572359826928889,2.0032593942511117
2026-09-07 13:30:00,Pan troglodytes,1.0,3.5
2026-09-07 13:35:00,Pan troglodytes,0.6510090391075223,2.2785316368763278
2026-09-07 13:40:00,Pan troglodytes,0.6515986899281204,2.2805954147484213
2026-09-07 13:45:00,Pan troglodytes,0.8559003349851898,2.9956511724481643
2026-09-07 13:50:00,Pan troglodytes,0.6367708744802693,2.2286980606809426
2026-09-07 13:55:00,Pan troglodytes,0.5942358170762068,2.0798253597667236
2026-09-07 14:00:00,Pan troglodytes,1.0,3.5
2026-09-07 14:05:00,Pan troglodytes,0.7243944172751695,2.5353804604630934
2026-09-07 14:10:00,Pan troglodytes,0.6979339470715825,2.4427688147505386
2026-09-07 14:15:00,Pan troglodytes,0.9231066700835953,3.2308733452925833
2026-09-07 14:20:00,Pan troglodytes,0.6139323989856326,2.148763396449714
2026-09-07 14:25:00,Pan troglodytes,0.6085530838557305,2.129935793495057
2026-09-07 14:30:00,Pan troglodytes,0.897692158834001,3.1419225559190034
2026-09-07 14:35:00,Pan troglodytes,0.6668343102841927,2.3339200859946745
2026-09-07 14:40:00,Pan troglodytes,0.6220473344414309,2.177165670545008
2026-09-07 14:45:00,Pan troglodytes,0.8769357753011291,3.0692752135539516
2026-09-07 14:50:00,Pan troglodytes,0.535658586009264,1.874805051032424
2026-09-07 14:55:00,Pan troglodytes,0.5494440845303644,1.9230542958562755
2026-09-07 15:00:00,Pan troglodytes,0.9175271526944224,3.2113450344304786
2026-09-07 15:05:00,Pan troglodytes,0.5629926995575689,1.9704744484514913
2026-09-07 15:10:00,Pan troglodytes,0.5298494480536745,1.8544730681878607
2026-09-07 15:15:00,Pan troglodytes,0.8330806564029718,2.9157822974104013
2026-09-07 15:20:00,Pan troglodytes,0.5370014319488764,1.8795050118210674
2026-09-07 15:25:00,Pan troglodytes,0.5161150614733743,1.80640271515681
2026-09-07 15:30:00,Pan troglodytes,0.8046773160218716,2.8163706060765508
2026-09-07 15:35:00,Pan troglodytes,0.4913631443046372,1.71977100506623
2026-09-07 15:40:00,Pan troglodytes,0.5398600163127165,1.8895100570945078
2026-09-07 15:45:00,Pan troglodytes,0.8776621164462997,3.071817407562049
2026-09-07 15:50:00,Pan troglodytes,0.5174907082951011,1.811217479032854
2026-09-07 15:55:00,Pan troglodytes,0.5079265482122141,1.7777429187427491
2026-09-07 16:00:00,Pan troglodytes,0.7586113911375231,2.6551398689813306
2026-09-07 16:05:00,Pan troglodytes,0.47959201607108054,1.6785720562487818
2026-09-07 16:10:00,Pan troglodytes,0.48923921240100887,1.712337243403531
2026-09-07 16:15:00,Pan troglodytes,0.7148968352251966,2.502138923288188
2026-09-07 16:20:00,Pan troglodytes,0.39149686084930563,1.3702390129725697
2026-09-07 16:25:00,Pan troglodytes,0.44813582597315493,1.5684753909060423
2026-09-07 16:30:00,Pan troglodytes,0.6866688683885044,2.4033410393597654
2026-09-07 16:35:00,Pan troglodytes,0.4118221390851911,1.4413774867981688
2026-09-07 16:40:00,Pan troglodytes,0.44501345034480677,1.5575470762068238
2026-09-07 16:45:00,Pan troglodytes,0.6857613772755778,2.4001648204645223
2026-09-07 16:50:00,Pan troglodytes,0.4265436440483938,1.4929027541693782
2026-09-07 16:55:00,Pan troglodytes,0.39202580458369984,1.3720903160429494
2026-09-07 17:00:00,Pan troglodytes,0.6865903619235433,2.4030662667324014
2026-09-07 17:05:00,Pan troglodytes,0.34638175150879236,1.2123361302807734
2026-09-07 17:10:00,Pan troglodytes,0.3080421300758047,1.0781474552653165
2026-09-07 17:15:00,Pan troglodytes,0.605154445253586,2.118040558387551
2026-09-07 17:20:00,Pan troglodytes,0.34713029545504276,1.2149560340926497
2026-09-07 17:25:00,Pan troglodytes,0.3444631198986155,1.2056209196451542
2026-09-07 17:30:00,Pan troglodytes,0.617792333059451,2.1622731657080787
2026-09-07 17:35:00,Pan troglodytes,0.27603586507941424,0.9661255277779499
2026-09-07 17:40:00,Pan troglodytes,0.39787401873598294,1.3925590655759403
2026-09-07 17:45:00,Pan troglodytes,0.5830408024050425,2.040642808417649
2026-09-07 17:50:00,Pan troglodytes,0.3126914972286942,1.0944202403004297
2026-09-07 17:55:00,Pan troglodytes,0.35934614818803656,1.257711518658128
2026-09-07 18:00:00,Pan troglodytes,0.5252022821421484,1.8382079874975192
2026-09-07 18:05:00,Pan troglodytes,0.16276057824760448,0.5696620238666157
2026-09-07 18:10:00,Pan troglodytes,0.3478360158681829,1.2174260555386403
2026-09-07 18:15:00,Pan troglodytes,0.5504284277758784,1.9264994972155745
2026-09-07 18:20:00,Pan troglodytes,0.03751943366001506,0.1313180178100527
2026-09-07 18:25:00,Pan troglodytes,0.31824509983790017,1.1138578494326505
2026-09-07 18:30:00,Pan troglodytes,0.5490103319269102,1.9215361617441857
2026-09-07 18:35:00,Pan troglodytes,0.2024578346770745,0.7086024213697608
2026-09-07 18:40:00,Pan troglodytes,0.2393448196474434,0.8377068687660518
2026-09-07 18:45:00,Pan troglodytes,0.5216093101611394,1.825632585563988
2026-09-07 18:50:00,Pan troglodytes,0.1429752103207311,0.5004132361225588
2026-09-07 18:55:00,Pan troglodytes,0.24906419674258765,0.8717246885990567
2026-09-07 19:00:00,Pan troglodytes,0.48191357993563894,1.6866975297747362
2026-09-07 19:05:00,Pan troglodytes,0.11479319417440896,0.4017761796104314
2026-09-07 19:10:00,Pan troglodytes,0.26524325979601115,0.928351409286039
2026-09-07 19:15:00,Pan troglodytes,0.3889410063658864,1.3612935222806024
2026-09-07 19:20:00,Pan troglodytes,0.12497714219939449,0.4374199976978807
2026-09-07 19:25:00,Pan troglodytes,0.1240573861638361,0.43420085157342636
2026-09-07 19:30:00,Pan troglodytes,0.44425674992269343,1.554898624729427
2026-09-07 19:35:00,Pan troglodytes,0.18390490782341962,0.6436671773819687
2026-09-07 19:40:00,Pan troglodytes,0.28314578344964375,0.9910102420737531
2026-09-07 19:45:00,Pan troglodytes,0.4202896845072283,1.4710138957752992
2026-09-07 19:50:00,Pan troglodytes,0.07962759395130578,0.2786965788295702
2026-09-07 19:55:00,Pan troglodytes,0.14418607729399754,0.5046512705289914
2026-09-07 20:00:00,Pan troglodytes,0.35384484903391267,1.2384569716186944
2026-09-07 20:05:00,Pan troglodytes,0.10283679913276339,0.35992879696467184
2026-09-07 20:10:00,Pan troglodytes,0.15382854722792177,0.5383999152977262
2026-09-07 20:15:00,Pan troglodytes,0.3543254383090636,1.2401390340817227
2026-09-07 20:20:00,Pan troglodytes,0.0035725181783955832,0.012503813624384541
2026-09-07 20:25:00,Pan troglodytes,0.12515494776585948,0.4380423171805082
2026-09-07 20:30:00,Pan troglodytes,0.2800210690556826,0.980073741694889
2026-09-07 20:35:00,Pan troglodytes,0.0,0.0
2026-09-07 20:40:00,Pan troglodytes,0.11088263727153248,0.3880892304503637
2026-09-07 20:45:00,Pan troglodytes,0.2523424425389884,0.8831985488864594
2026-09-07 20:50:00,Pan troglodytes,0.009660641272966744,0.033812244455383604
2026-09-07 20:55:00,Pan troglodytes,0.07651203484473373,0.2677921219565681
2026-09-07 21:00:00,Pan troglodytes,0.2825691483116263,0.988992019090692
2026-09-07 21:05:00,Pan troglodytes,0.08036425715624548,0.2812749000468592
2026-09-07 21:10:00,Pan troglodytes,0.04257430476177351,0.1490100666662073
2026-09-07 21:15:00,Pan troglodytes,0.2485121503411969,0.8697925261941891
2026-09-07 21:20:00,Pan troglodytes,0.04196149005639513,0.14686521519738294
2026-09-07 21:25:00,Pan troglodytes,0.1199907136724103,0.41996749785343607
2026-09-07 21:30:00,Pan troglodytes,0.26014978765195507,0.9105242567818428
2026-09-07 21:35:00,Pan troglodytes,0.0,0.0
2026-09-07 21:40:00,Pan troglodytes,0.006784955137104184,0.023747342979864645
2026-09-07 21:45:00,Pan troglodytes,0.32386042820030353,1.1335114987010624
2026-09-07 21:50:00,Pan troglodytes,0.0,0.0
2026-09-07 21:55:00,Pan troglodytes,0.06359592926535952,0.22258575242875833
2026-09-07 22:00:00,Pan troglodytes,0.2210504571468452,0.7736766000139582
2026-09-07 22:05:00,Pan troglodytes,0.0,0.0
2026-09-07 22:10:00,Pan troglodytes,0.0,0.0
2026-09-07 22:15:00,Pan troglodytes,0.194247886338651,0.6798676021852785
2026-09-07 22:20:00,Pan troglodytes,0.0,0.0
2026-09-07 22:25:00,Pan troglodytes,0.0,0.0
2026-09-07 22:30:00,Pan troglodytes,0.20977752794250557,0.7342213477987695
2026-09-07 22:35:00,Pan troglodytes,0.0,0.0
2026-09-07 22:40:00,Pan troglodytes,0.01532053048816906,0.05362185670859171
2026-09-07 22:45:00,Pan troglodytes,0.21198193879532926,0.7419367857836524
2026-09-07 22:50:00,Pan troglodytes,0.0,0.0
2026-09-07 22:55:00,Pan troglodytes,0.0,0.0
2026-09-07 23:00:00,Pan troglodytes,0.18679339535897116,0.6537768837563991
2026-09-07 23:05:00,Pan troglodytes,0.0,0.0
2026-09-07 23:10:00,Pan troglodytes,0.0,0.0
2026-09-07 23:15:00,Pan troglodytes,0.25088261082999097,0.8780891379049685
2026-09-07 23:20:00,Pan troglodytes,0.0,0.0
2026-09-07 23:25:00,Pan troglodytes,0.0034770366322402014,0.012169628212840705
2026-09-07 23:30:00,Pan troglodytes,0.20010876418011442,0.7003806746304004
2026-09-07 23:35:00,Pan troglodytes,0.0,0.0
2026-09-07 23:40:00,Pan troglodytes,0.04967971187685069,0.1738789915689774
2026-09-07 23:45:00,Pan troglodytes,0.17569287257583308,0.6149250540154158
2026-09-07 23:50:00,Pan troglodytes,0.0,0.0
2026-09-07 23:55:00,Pan troglodytes,0.0259132730623958,0.0906964557183853
